;FLAVOR:UltiGCode
;TIME:8227
;MATERIAL:20299
;MATERIAL2:0
;NOZZLE_DIAMETER:0.4
;MINX:-78.407
;MINY:-43.194
;MINZ:0.3
;MAXX:81.192
;MAXY:39.892
;MAXZ:5.9
;TARGET_MACHINE.NAME:Unknown
;Generated with Cura_SteamEngine 5.12.0
G28 ;Home
G1 Z15.0 F6000 ;Move the platform down 15mm
;Prime the extruder
G92 E0
G1 F200 E3
G92 E0
M82 ;absolute extrusion mode
G92 E0
G92 E0
G10
;LAYER_COUNT:29
;LAYER:0
M107
G0 F3600 X1.954 Y36.235 Z0.3
;TYPE:SKIRT
G11
G1 F1800 X1.809 Y36.493 E0.03551
G1 X1.003 Y37.54 E0.19407
G1 X-.35 Y38.632 E0.40271
G1 X-2.329 Y39.618 E0.66804
G1 X-3.853 Y39.84 E0.85285
G1 X-71.324 Y39.892 E8.94937
G1 X-73.325 Y39.453 E9.1952
G1 X-75.111 Y38.453 E9.44083
G1 X-76.054 Y37.714 E9.5846
G1 X-77.135 Y36.368 E9.79176
G1 X-78.133 Y34.352 E10.0617
G1 X-78.355 Y32.846 E10.24437
G1 X-78.407 Y-34.53 E18.32949
G1 X-77.985 Y-36.587 E18.58148
G1 X-76.99 Y-38.358 E18.82524
G1 X-76.217 Y-39.356 E18.97672
G1 X-74.864 Y-40.448 E19.18537
G1 X-72.885 Y-41.434 E19.45069
G1 X-71.361 Y-41.656 E19.6355
G1 X-3.985 Y-41.708 E27.72062
G1 X-1.928 Y-41.286 E27.9726
G1 X-.157 Y-40.291 E28.21637
G1 X0.825 Y-39.527 E28.36567
G1 X1.009 Y-39.844 E28.40965
G1 X1.782 Y-40.842 E28.56114
G1 X3.135 Y-41.934 E28.76978
G1 X5.114 Y-42.92 E29.0351
G1 X6.638 Y-43.142 E29.21991
G1 X74.014 Y-43.194 E37.30504
G1 X76.071 Y-42.772 E37.55702
G1 X77.842 Y-41.777 E37.80078
G1 X78.84 Y-41.004 E37.95226
G1 X79.932 Y-39.651 E38.16091
G1 X80.918 Y-37.672 E38.42623
G1 X81.14 Y-36.148 E38.61104
G1 X81.192 Y31.228 E46.69616
G1 X80.77 Y33.285 E46.94814
G1 X79.775 Y35.056 E47.19191
G1 X79.002 Y36.054 E47.34339
G1 X77.649 Y37.146 E47.55204
G1 X75.67 Y38.132 E47.81736
G1 X74.146 Y38.354 E48.00217
G1 X6.675 Y38.406 E56.09869
G1 X4.674 Y37.967 E56.34452
G1 X2.888 Y36.967 E56.59015
G1 X1.954 Y36.235 E56.73255
G0 F3600 X2.266 Y35.971
G1 F1800 X1.894 Y35.525 E56.80224
G1 X1.46 Y36.297 E56.90852
G1 X0.715 Y37.259 E57.05453
G1 X-.567 Y38.293 E57.25217
G1 X-2.449 Y39.231 E57.50451
G1 X-3.911 Y39.444 E57.6818
G1 X-71.279 Y39.492 E65.76596
G1 X-73.183 Y39.074 E65.99988
G1 X-74.864 Y38.138 E66.23076
G1 X-75.77 Y37.428 E66.36889
G1 X-76.799 Y36.147 E66.56606
G1 X-77.746 Y34.234 E66.82221
G1 X-77.959 Y32.788 E66.9976
G1 X-78.007 Y-34.489 E75.07085
G1 X-77.605 Y-36.446 E75.31059
G1 X-76.674 Y-38.113 E75.53971
G1 X-75.929 Y-39.075 E75.68572
G1 X-74.647 Y-40.109 E75.88337
G1 X-72.765 Y-41.047 E76.1357
G1 X-71.303 Y-41.26 E76.31299
G1 X-4.026 Y-41.308 E84.38624
G1 X-2.069 Y-40.906 E84.62598
G1 X-.402 Y-39.975 E84.8551
G1 X0.563 Y-39.228 E85.00154
G1 X0.889 Y-38.823 E85.06393
G1 X1.325 Y-39.599 E85.17074
G1 X2.07 Y-40.561 E85.31675
G1 X3.352 Y-41.595 E85.5144
G1 X5.234 Y-42.533 E85.76673
G1 X6.696 Y-42.746 E85.94402
G1 X73.973 Y-42.794 E94.01727
G1 X75.93 Y-42.392 E94.25701
G1 X77.597 Y-41.461 E94.48613
G1 X78.559 Y-40.716 E94.63214
G1 X79.593 Y-39.434 E94.82978
G1 X80.531 Y-37.552 E95.08212
G1 X80.744 Y-36.09 E95.25941
G1 X80.792 Y31.187 E103.33265
G1 X80.39 Y33.144 E103.5724
G1 X79.459 Y34.811 E103.80152
G1 X78.714 Y35.773 E103.94753
G1 X77.432 Y36.807 E104.14517
G1 X75.55 Y37.745 E104.39751
G1 X74.088 Y37.958 E104.5748
G1 X6.72 Y38.006 E112.65896
G1 X4.816 Y37.588 E112.89288
G1 X3.135 Y36.652 E113.12377
G1 X2.266 Y35.971 E113.25625
G0 F3600 X2.513 Y35.656
G1 F1800 X1.833 Y34.81 E113.3865
G1 X1.144 Y36.052 E113.55694
G1 X0.427 Y36.978 E113.69748
G1 X-.784 Y37.954 E113.88412
G1 X-2.569 Y38.844 E114.12347
G1 X-3.969 Y39.048 E114.29324
G1 X-71.234 Y39.092 E122.36504
G1 X-73.04 Y38.695 E122.58694
G1 X-74.617 Y37.823 E122.80318
G1 X-75.486 Y37.142 E122.93567
G1 X-76.463 Y35.926 E123.12285
G1 X-77.359 Y34.116 E123.36521
G1 X-77.563 Y32.73 E123.53332
G1 X-77.607 Y-34.447 E131.59456
G1 X-77.225 Y-36.305 E131.82218
G1 X-76.358 Y-37.868 E132.03667
G1 X-75.641 Y-38.794 E132.1772
G1 X-74.43 Y-39.77 E132.36384
G1 X-72.645 Y-40.66 E132.60319
G1 X-71.245 Y-40.864 E132.77297
G1 X-4.068 Y-40.908 E140.83421
G1 X-2.21 Y-40.526 E141.06183
G1 X-.647 Y-39.659 E141.27632
G1 X0.279 Y-38.942 E141.41685
G1 X0.95 Y-38.109 E141.54521
G1 X1.641 Y-39.354 E141.71608
G1 X2.358 Y-40.28 E141.85661
G1 X3.569 Y-41.256 E142.04326
G1 X5.354 Y-42.146 E142.2826
G1 X6.754 Y-42.35 E142.45238
G1 X73.931 Y-42.394 E150.51362
G1 X75.789 Y-42.012 E150.74124
G1 X77.352 Y-41.145 E150.95573
G1 X78.278 Y-40.428 E151.09626
G1 X79.254 Y-39.217 E151.2829
G1 X80.144 Y-37.432 E151.52225
G1 X80.348 Y-36.032 E151.69203
G1 X80.392 Y31.145 E159.75327
G1 X80.01 Y33.003 E159.98089
G1 X79.143 Y34.566 E160.19538
G1 X78.426 Y35.492 E160.33591
G1 X77.215 Y36.468 E160.52255
G1 X75.43 Y37.358 E160.7619
G1 X74.03 Y37.562 E160.93168
G1 X6.765 Y37.606 E169.00348
G1 X4.959 Y37.209 E169.22537
G1 X3.382 Y36.337 E169.44162
G1 X2.513 Y35.656 E169.5741
G0 F3600 X2.797 Y35.37
G1 F1800 X1.901 Y34.255 E169.74575
G1 X1.721 Y33.912 E169.79223
G1 X1.601 Y34.403 E169.85289
G1 X0.794 Y35.858 E170.05255
G1 X0.142 Y36.694 E170.17977
G1 X-1.004 Y37.617 E170.35635
G1 X-2.689 Y38.457 E170.58228
G1 X-4.027 Y38.652 E170.74453
G1 X-71.189 Y38.692 E178.80398
G1 X-72.898 Y38.316 E179.01396
G1 X-74.37 Y37.508 E179.21546
G1 X-75.202 Y36.856 E179.34231
G1 X-76.124 Y35.709 E179.5189
G1 X-76.972 Y33.995 E179.74838
G1 X-77.167 Y32.672 E179.90885
G1 X-77.207 Y-34.405 E187.9581
G1 X-76.845 Y-36.165 E188.17372
G1 X-76.008 Y-37.674 E188.38079
G1 X-75.356 Y-38.51 E188.50801
G1 X-74.21 Y-39.433 E188.68459
G1 X-72.525 Y-40.273 E188.91052
G1 X-71.187 Y-40.468 E189.07278
G1 X-4.11 Y-40.508 E197.12202
G1 X-2.35 Y-40.146 E197.33764
G1 X-.841 Y-39.309 E197.54471
G1 X-0.005 Y-38.657 E197.67193
G1 X0.893 Y-37.542 E197.84373
G1 X1.065 Y-37.217 E197.88785
G1 X1.184 Y-37.705 E197.94813
G1 X1.991 Y-39.16 E198.14779
G1 X2.643 Y-39.996 E198.27501
G1 X3.789 Y-40.919 E198.45159
G1 X5.474 Y-41.759 E198.67752
G1 X6.812 Y-41.954 E198.83978
G1 X73.889 Y-41.994 E206.88902
G1 X75.649 Y-41.632 E207.10464
G1 X77.158 Y-40.795 E207.31171
G1 X77.994 Y-40.143 E207.43893
G1 X78.917 Y-38.997 E207.61551
G1 X79.757 Y-37.312 E207.84144
G1 X79.952 Y-35.974 E208.0037
G1 X79.992 Y31.103 E216.05294
G1 X79.63 Y32.863 E216.26856
G1 X78.793 Y34.372 E216.47563
G1 X78.141 Y35.208 E216.60285
G1 X76.995 Y36.131 E216.77943
G1 X75.31 Y36.971 E217.00536
G1 X73.972 Y37.166 E217.16762
G1 X6.81 Y37.206 E225.22706
G1 X5.101 Y36.83 E225.43705
G1 X3.629 Y36.022 E225.63855
G1 X2.797 Y35.37 E225.76539
G0 F3600 X3.078 Y35.082
G1 F1800 X2.213 Y34.005 E225.93116
G1 X1.563 Y32.693 E226.10686
G1 X1.251 Y34.209 E226.29259
G1 X0.444 Y35.664 E226.49225
G1 X-.142 Y36.409 E226.60599
G1 X-1.224 Y37.28 E226.77267
G1 X-2.809 Y38.07 E226.98519
G1 X-4.085 Y38.256 E227.13993
G1 X-71.144 Y38.292 E235.18701
G1 X-72.758 Y37.937 E235.38532
G1 X-74.123 Y37.193 E235.57187
G1 X-74.921 Y36.568 E235.6935
G1 X-75.786 Y35.491 E235.85927
G1 X-76.585 Y33.877 E236.07538
G1 X-76.771 Y32.614 E236.22857
G1 X-76.807 Y-34.363 E244.26581
G1 X-76.465 Y-36.025 E244.46943
G1 X-75.658 Y-37.48 E244.66909
G1 X-75.072 Y-38.225 E244.78283
G1 X-73.99 Y-39.096 E244.94952
G1 X-72.405 Y-39.886 E245.16203
G1 X-71.129 Y-40.072 E245.31677
G1 X-4.152 Y-40.108 E253.35401
G1 X-2.49 Y-39.766 E253.55763
G1 X-1.035 Y-38.959 E253.75729
G1 X-.29 Y-38.373 E253.87103
G1 X0.581 Y-37.291 E254.03771
G1 X1.223 Y-36.002 E254.21051
G1 X1.534 Y-37.511 E254.3954
G1 X2.341 Y-38.966 E254.59506
G1 X2.927 Y-39.711 E254.7088
G1 X4.009 Y-40.582 E254.87548
G1 X5.594 Y-41.372 E255.088
G1 X6.87 Y-41.558 E255.24274
G1 X73.847 Y-41.594 E263.27998
G1 X75.509 Y-41.252 E263.4836
G1 X76.964 Y-40.445 E263.68325
G1 X77.709 Y-39.859 E263.797
G1 X78.58 Y-38.777 E263.96368
G1 X79.37 Y-37.192 E264.17619
G1 X79.556 Y-35.916 E264.33093
G1 X79.592 Y31.061 E272.36817
G1 X79.25 Y32.723 E272.57179
G1 X78.443 Y34.178 E272.77145
G1 X77.857 Y34.923 E272.88519
G1 X76.775 Y35.794 E273.05187
G1 X75.19 Y36.584 E273.26439
G1 X73.914 Y36.77 E273.41913
G1 X6.855 Y36.806 E281.46621
G1 X5.241 Y36.451 E281.66452
G1 X3.876 Y35.707 E281.85107
G1 X3.078 Y35.082 E281.9727
G0 F3600 X3.362 Y34.796
G1 F1800 X2.549 Y33.784 E282.12848
G1 X1.801 Y32.273 E282.3308
G1 X1.624 Y31.07 E282.47671
G1 X1.592 Y-35.807 E290.50195
G1 X1.914 Y-37.371 E290.69357
G1 X2.691 Y-38.772 E290.88582
G1 X3.212 Y-39.426 E290.98615
G1 X4.227 Y-40.243 E291.14251
G1 X5.715 Y-40.985 E291.34204
G1 X6.928 Y-41.162 E291.48914
G1 X73.805 Y-41.194 E299.51438
G1 X75.369 Y-40.872 E299.706
G1 X76.77 Y-40.095 E299.89824
G1 X77.424 Y-39.574 E299.99858
G1 X78.241 Y-38.559 E300.15494
G1 X78.983 Y-37.071 E300.35447
G1 X79.16 Y-35.858 E300.50157
G1 X79.192 Y31.019 E308.52681
G1 X78.87 Y32.583 E308.71842
G1 X78.093 Y33.984 E308.91067
G1 X77.572 Y34.638 E309.01101
G1 X76.557 Y35.455 E309.16736
G1 X75.069 Y36.197 E309.36689
G1 X73.856 Y36.374 E309.51399
G1 X6.9 Y36.406 E317.54871
G1 X5.381 Y36.072 E317.73535
G1 X4.123 Y35.392 E317.90695
G1 X3.362 Y34.796 E318.02295
G10
G0 F3600 X0.871 Y34.069
G11
G1 F1800 X0.094 Y35.47 E318.21519
G1 X-.427 Y36.124 E318.31553
G1 X-1.442 Y36.941 E318.47188
G1 X-2.93 Y37.683 E318.67141
G1 X-4.143 Y37.86 E318.81851
G1 X-71.099 Y37.892 E326.85324
G1 X-72.618 Y37.558 E327.03987
G1 X-73.876 Y36.878 E327.21147
G1 X-74.637 Y36.282 E327.32747
G1 X-75.45 Y35.27 E327.48324
G1 X-76.198 Y33.759 E327.68556
G1 X-76.375 Y32.556 E327.83148
G1 X-76.407 Y-34.321 E335.85672
G1 X-76.085 Y-35.885 E336.04833
G1 X-75.308 Y-37.286 E336.24058
G1 X-74.787 Y-37.94 E336.34092
G1 X-73.772 Y-38.757 E336.49727
G1 X-72.284 Y-39.499 E336.6968
G1 X-71.071 Y-39.676 E336.8439
G1 X-4.194 Y-39.708 E344.86914
G1 X-2.63 Y-39.386 E345.06076
G1 X-1.229 Y-38.609 E345.253
G1 X-.575 Y-38.088 E345.35334
G1 X0.242 Y-37.073 E345.5097
G1 X0.984 Y-35.585 E345.70923
G1 X1.161 Y-34.372 E345.85633
G1 X1.193 Y32.505 E353.88157
G1 X0.871 Y34.069 E354.07319
G0 F3600 X0.491 Y33.93
G1 F1800 X-.219 Y35.221 E354.24999
G1 X-.711 Y35.838 E354.34469
G1 X-1.662 Y36.604 E354.49122
G1 X-3.05 Y37.296 E354.67734
G1 X-4.201 Y37.464 E354.81692
G1 X-71.054 Y37.492 E362.83928
G1 X-72.477 Y37.179 E363.01412
G1 X-73.629 Y36.563 E363.17088
G1 X-74.353 Y35.996 E363.28124
G1 X-75.114 Y35.049 E363.42702
G1 X-75.811 Y33.641 E363.61555
G1 X-75.979 Y32.498 E363.75418
G1 X-76.007 Y-34.279 E371.76742
G1 X-75.705 Y-35.746 E371.94716
G1 X-74.995 Y-37.037 E372.12396
G1 X-74.503 Y-37.654 E372.21866
G1 X-73.552 Y-38.42 E372.36519
G1 X-72.164 Y-39.112 E372.5513
G1 X-71.013 Y-39.28 E372.69089
G1 X-4.236 Y-39.308 E380.70413
G1 X-2.769 Y-39.006 E380.88386
G1 X-1.478 Y-38.296 E381.06066
G1 X-.861 Y-37.804 E381.15536
G1 X-0.095 Y-36.853 E381.3019
G1 X0.597 Y-35.465 E381.48801
G1 X0.765 Y-34.314 E381.62759
G1 X0.793 Y32.463 E389.64083
G1 X0.491 Y33.93 E389.82056
G0 F3600 X0.111 Y33.792
G1 F1800 X-.532 Y34.972 E389.98182
G1 X-.997 Y35.555 E390.07131
G1 X-1.878 Y36.265 E390.20709
G1 X-3.17 Y36.909 E390.38032
G1 X-4.259 Y37.068 E390.51239
G1 X-71.009 Y37.092 E398.52239
G1 X-72.337 Y36.8 E398.68555
G1 X-73.44 Y36.21 E398.83566
G1 X-74.068 Y35.711 E398.93191
G1 X-74.778 Y34.828 E399.06788
G1 X-75.424 Y33.523 E399.24262
G1 X-75.583 Y32.44 E399.37397
G1 X-75.607 Y-34.237 E407.37521
G1 X-75.325 Y-35.608 E407.54317
G1 X-74.682 Y-36.788 E407.70443
G1 X-74.217 Y-37.371 E407.79392
G1 X-73.336 Y-38.081 E407.9297
G1 X-72.044 Y-38.725 E408.10293
G1 X-70.955 Y-38.884 E408.235
G1 X-4.278 Y-38.908 E416.23624
G1 X-2.907 Y-38.626 E416.4042
G1 X-1.727 Y-37.983 E416.56546
G1 X-1.144 Y-37.518 E416.65495
G1 X-.434 Y-36.637 E416.79073
G1 X0.21 Y-35.345 E416.96396
G1 X0.369 Y-34.256 E417.09602
G1 X0.393 Y32.421 E425.09726
G1 X0.111 Y33.792 E425.26523
G0 F3600 X-.269 Y33.654
G1 F1800 X-.845 Y34.723 E425.41095
G1 X-1.281 Y35.27 E425.49489
G1 X-2.098 Y35.928 E425.62077
G1 X-3.29 Y36.522 E425.78059
G1 X-4.317 Y36.672 E425.90513
G1 X-70.964 Y36.692 E433.90277
G1 X-72.197 Y36.421 E434.05426
G1 X-73.251 Y35.857 E434.19771
G1 X-73.782 Y35.428 E434.27963
G1 X-74.442 Y34.607 E434.40604
G1 X-75.037 Y33.405 E434.56698
G1 X-75.187 Y32.382 E434.69106
G1 X-75.207 Y-34.195 E442.6803
G1 X-74.945 Y-35.47 E442.83649
G1 X-74.369 Y-36.539 E442.98221
G1 X-73.933 Y-37.086 E443.06615
G1 X-73.116 Y-37.744 E443.19203
G1 X-71.924 Y-38.338 E443.35185
G1 X-70.897 Y-38.488 E443.4764
G1 X-4.32 Y-38.508 E451.46564
G1 X-3.045 Y-38.246 E451.62183
G1 X-1.976 Y-37.67 E451.76755
G1 X-1.429 Y-37.234 E451.85149
G1 X-.771 Y-36.417 E451.97737
G1 X-.177 Y-35.225 E452.13719
G1 X-0.027 Y-34.198 E452.26174
G1 X-0.007 Y32.379 E460.25098
G1 X-.269 Y33.654 E460.40718
G0 F3600 X-.649 Y33.516
G1 F1800 X-1.197 Y34.533 E460.54581
G1 X-1.563 Y34.983 E460.61541
G1 X-2.318 Y35.591 E460.73174
G1 X-3.41 Y36.135 E460.87814
G1 X-4.375 Y36.276 E460.99517
G1 X-70.919 Y36.292 E468.98045
G1 X-72.057 Y36.042 E469.12026
G1 X-73.029 Y35.522 E469.25254
G1 X-73.496 Y35.144 E469.32464
G1 X-74.106 Y34.386 E469.4414
G1 X-74.65 Y33.287 E469.58855
G1 X-74.791 Y32.324 E469.70534
G1 X-74.807 Y-34.154 E477.6827
G1 X-74.565 Y-35.332 E477.82701
G1 X-74.017 Y-36.349 E477.96564
G1 X-73.651 Y-36.799 E478.03525
G1 X-72.896 Y-37.407 E478.15158
G1 X-71.804 Y-37.951 E478.29798
G1 X-70.839 Y-38.092 E478.415
G1 X-4.361 Y-38.108 E486.39236
G1 X-3.183 Y-37.866 E486.53668
G1 X-2.166 Y-37.318 E486.67531
G1 X-1.716 Y-36.952 E486.74491
G1 X-1.108 Y-36.197 E486.86124
G1 X-.564 Y-35.105 E487.00764
G1 X-.423 Y-34.14 E487.12467
G1 X-.407 Y32.338 E495.10203
G1 X-.649 Y33.516 E495.24634
G0 F3600 X-1.029 Y33.378
G1 F1800 X-1.512 Y34.286 E495.36976
G1 X-1.814 Y34.671 E495.42847
G1 X-2.538 Y35.254 E495.54002
G1 X-3.53 Y35.748 E495.673
G1 X-4.433 Y35.88 E495.78251
G1 X-70.874 Y35.892 E503.75544
G1 X-71.917 Y35.663 E503.88358
G1 X-72.84 Y35.169 E504.0092
G1 X-73.209 Y34.862 E504.0668
G1 X-73.768 Y34.167 E504.17383
G1 X-74.263 Y33.168 E504.30762
G1 X-74.395 Y32.266 E504.41702
G1 X-74.407 Y-34.113 E512.3825
G1 X-74.185 Y-35.194 E512.51492
G1 X-73.702 Y-36.102 E512.63834
G1 X-73.4 Y-36.487 E512.69706
G1 X-72.676 Y-37.07 E512.8086
G1 X-71.684 Y-37.564 E512.94159
G1 X-70.781 Y-37.696 E513.0511
G1 X-4.402 Y-37.708 E521.01658
G1 X-3.321 Y-37.486 E521.14901
G1 X-2.413 Y-37.003 E521.27242
G1 X-2.028 Y-36.701 E521.33114
G1 X-1.445 Y-35.977 E521.44269
G1 X-.951 Y-34.985 E521.57567
G1 X-.819 Y-34.082 E521.68518
G1 X-.807 Y32.297 E529.65066
G1 X-1.029 Y33.378 E529.78309
G0 F3600 X-1.409 Y33.242
G1 F1800 X-1.833 Y34.047 E529.89227
G1 X-2.065 Y34.359 E529.93893
G1 X-2.758 Y34.917 E530.04569
G1 X-3.65 Y35.361 E530.16526
G1 X-4.491 Y35.484 E530.26725
G1 X-70.829 Y35.492 E538.22781
G1 X-71.777 Y35.284 E538.34428
G1 X-72.651 Y34.816 E538.46325
G1 X-72.897 Y34.611 E538.50168
G1 X-73.43 Y33.948 E538.60376
G1 X-73.876 Y33.049 E538.72418
G1 X-73.999 Y32.208 E538.82618
G1 X-74.007 Y-34.072 E546.77978
G1 X-73.805 Y-35.058 E546.90055
G1 X-73.381 Y-35.863 E547.00973
G1 X-73.149 Y-36.175 E547.05639
G1 X-72.456 Y-36.733 E547.16316
G1 X-71.564 Y-37.177 E547.28273
G1 X-70.723 Y-37.3 E547.38472
G1 X-4.443 Y-37.308 E555.33832
G1 X-3.457 Y-37.106 E555.4591
G1 X-2.652 Y-36.682 E555.56828
G1 X-2.34 Y-36.45 E555.61493
G1 X-1.782 Y-35.757 E555.7217
G1 X-1.338 Y-34.865 E555.84127
G1 X-1.215 Y-34.024 E555.94326
G1 X-1.207 Y32.256 E563.89686
G1 X-1.409 Y33.242 E564.01764
G0 F3600 X-1.789 Y33.105
G1 F1800 X-2.187 Y33.86 E564.12006
G1 X-2.356 Y34.08 E564.15335
G1 X-2.974 Y34.578 E564.24859
G1 X-3.77 Y34.974 E564.35528
G1 X-4.549 Y35.088 E564.44975
G1 X-70.784 Y35.092 E572.39795
G1 X-71.637 Y34.905 E572.50274
G1 X-72.462 Y34.463 E572.61506
G1 X-72.585 Y34.36 E572.63431
G1 X-73.092 Y33.729 E572.73144
G1 X-73.489 Y32.929 E572.83861
G1 X-73.603 Y32.15 E572.93309
G1 X-73.607 Y-34.031 E580.87481
G1 X-73.425 Y-34.921 E580.98382
G1 X-73.027 Y-35.676 E581.08624
G1 X-72.858 Y-35.896 E581.11953
G1 X-72.24 Y-36.394 E581.21477
G1 X-71.444 Y-36.79 E581.32145
G1 X-70.665 Y-36.904 E581.41593
G1 X-4.484 Y-36.908 E589.35765
G1 X-3.594 Y-36.726 E589.46666
G1 X-2.839 Y-36.328 E589.56908
G1 X-2.619 Y-36.159 E589.60237
G1 X-2.121 Y-35.541 E589.69761
G1 X-1.725 Y-34.745 E589.8043
G1 X-1.611 Y-33.966 E589.89877
G1 X-1.607 Y32.215 E597.84049
G1 X-1.789 Y33.105 E597.9495
G0 F3600 X-2.17 Y32.97
G1 F1800 X-2.541 Y33.674 E598.045
G1 X-2.644 Y33.799 E598.06443
G1 X-3.19 Y34.239 E598.14858
G1 X-3.89 Y34.587 E598.24239
G1 X-4.607 Y34.692 E598.32935
G1 X-70.739 Y34.692 E606.26519
G1 X-71.497 Y34.526 E606.3583
G1 X-72.273 Y34.11 E606.46396
G1 X-72.753 Y33.512 E606.55598
G1 X-73.102 Y32.809 E606.65016
G1 X-73.207 Y32.092 E606.73712
G1 X-73.207 Y-33.99 E614.66696
G1 X-73.044 Y-34.786 E614.76446
G1 X-72.673 Y-35.49 E614.85995
G1 X-72.57 Y-35.615 E614.87939
G1 X-72.024 Y-36.055 E614.96354
G1 X-71.324 Y-36.403 E615.05734
G1 X-70.607 Y-36.508 E615.1443
G1 X-4.525 Y-36.508 E623.07414
G1 X-3.729 Y-36.345 E623.17164
G1 X-3.025 Y-35.974 E623.26714
G1 X-2.9 Y-35.871 E623.28657
G1 X-2.46 Y-35.325 E623.37072
G1 X-2.112 Y-34.625 E623.46453
G1 X-2.007 Y-33.908 E623.55148
G1 X-2.007 Y32.174 E631.48132
G1 X-2.17 Y32.97 E631.57883
G0 F3600 X-2.551 Y32.835
G1 F1800 X-2.895 Y33.488 E631.66739
G1 X-3.406 Y33.9 E631.74616
G1 X-4.012 Y34.201 E631.82736
G1 X-4.607 Y34.292 E631.89959
G1 X-70.694 Y34.292 E639.83003
G1 X-71.36 Y34.146 E639.91185
G1 X-72.01 Y33.797 E640.00038
G1 X-72.415 Y33.293 E640.07797
G1 X-72.716 Y32.687 E640.15916
G1 X-72.807 Y32.092 E640.23139
G1 X-72.807 Y-33.949 E648.15631
G1 X-72.663 Y-34.651 E648.24231
G1 X-72.319 Y-35.304 E648.33088
G1 X-71.808 Y-35.716 E648.40964
G1 X-71.202 Y-36.017 E648.49084
G1 X-70.607 Y-36.108 E648.56307
G1 X-4.566 Y-36.108 E656.48799
G1 X-3.864 Y-35.964 E656.57398
G1 X-3.211 Y-35.62 E656.66255
G1 X-2.799 Y-35.109 E656.74132
G1 X-2.498 Y-34.503 E656.82252
G1 X-2.407 Y-33.908 E656.89475
G1 X-2.407 Y32.133 E664.81967
G1 X-2.551 Y32.835 E664.90566
G0 F3600 X-2.931 Y32.698
G1 F1800 X-3.212 Y33.23 E664.97786
G1 X-3.584 Y33.542 E665.03612
G1 X-4.133 Y33.815 E665.1097
G1 X-4.607 Y33.892 E665.16732
G1 X-70.649 Y33.892 E673.09236
G1 X-71.223 Y33.766 E673.16288
G1 X-71.748 Y33.484 E673.2344
G1 X-72.057 Y33.115 E673.29215
G1 X-72.33 Y32.566 E673.36573
G1 X-72.407 Y32.092 E673.42335
G1 X-72.407 Y-33.908 E681.34335
G1 X-72.283 Y-34.514 E681.41758
G1 X-72.002 Y-35.046 E681.48978
G1 X-71.63 Y-35.358 E681.54804
G1 X-71.081 Y-35.631 E681.62162
G1 X-70.607 Y-35.708 E681.67924
G1 X-4.607 Y-35.708 E689.59924
G1 X-4.001 Y-35.584 E689.67347
G1 X-3.469 Y-35.303 E689.74567
G1 X-3.157 Y-34.931 E689.80393
G1 X-2.884 Y-34.382 E689.8775
G1 X-2.807 Y-33.908 E689.93513
G1 X-2.807 Y32.092 E697.85513
G1 X-2.931 Y32.698 E697.92936
G0 F3600 X-3.285 Y32.511
G1 F1800 X-3.53 Y32.975 E697.99232
G1 X-3.762 Y33.184 E698.02979
G1 X-4.256 Y33.43 E698.09602
G1 X-4.607 Y33.492 E698.13879
G1 X-70.649 Y33.492 E706.06383
G1 X-71.13 Y33.377 E706.12318
G1 X-71.49 Y33.169 E706.17307
G1 X-71.699 Y32.937 E706.21054
G1 X-71.945 Y32.443 E706.27676
G1 X-72.007 Y32.092 E706.31953
G1 X-72.007 Y-33.908 E714.23953
G1 X-71.929 Y-34.327 E714.29068
G1 X-71.684 Y-34.791 E714.35364
G1 X-71.452 Y-35 E714.39111
G1 X-70.958 Y-35.246 E714.45734
G1 X-70.607 Y-35.308 E714.50011
G1 X-4.607 Y-35.308 E722.42011
G1 X-4.188 Y-35.23 E722.47125
G1 X-3.724 Y-34.985 E722.53422
G1 X-3.515 Y-34.753 E722.57169
G1 X-3.269 Y-34.259 E722.63791
G1 X-3.207 Y-33.908 E722.68069
G1 X-3.207 Y32.092 E730.60069
G1 X-3.285 Y32.511 E730.65183
G0 F3600 X-3.677 Y32.43
G1 F1800 X-3.607 Y32.092 E730.69325
G1 X-3.607 Y-33.908 E738.61325
G1 X-3.661 Y-34.181 E738.64664
G1 X-3.867 Y-34.563 E738.69873
G1 X-4.006 Y-34.701 E738.72223
G1 X-4.269 Y-34.838 E738.75781
G1 X-4.607 Y-34.908 E738.79924
G1 X-70.607 Y-34.908 E746.71924
G1 X-70.88 Y-34.854 E746.75263
G1 X-71.262 Y-34.648 E746.80471
G1 X-71.4 Y-34.509 E746.82822
G1 X-71.537 Y-34.246 E746.8638
G1 X-71.607 Y-33.908 E746.90522
G1 X-71.607 Y32.092 E754.82522
G1 X-71.553 Y32.365 E754.85862
G1 X-71.347 Y32.747 E754.9107
G1 X-71.208 Y32.885 E754.9342
G1 X-70.945 Y33.022 E754.96979
G1 X-70.607 Y33.092 E755.01121
G1 X-4.607 Y33.092 E762.93121
G1 X-4.334 Y33.038 E762.9646
G1 X-3.952 Y32.832 E763.01668
G1 X-3.814 Y32.693 E763.04019
G1 X-3.677 Y32.43 E763.07577
G0 F3600 X-4.446 Y32.211
G1 F1800 X-4.607 Y32.292 E763.0974
G1 X-70.607 Y32.292 E771.0174
G1 X-70.726 Y32.253 E771.03243
G1 X-70.807 Y32.092 E771.05405
G1 X-70.807 Y-33.908 E778.97405
G1 X-70.768 Y-34.027 E778.98908
G1 X-70.607 Y-34.108 E779.01071
G1 X-4.607 Y-34.108 E786.93071
G1 X-4.488 Y-34.069 E786.94574
G1 X-4.407 Y-33.908 E786.96736
G1 X-4.407 Y32.092 E794.88736
G1 X-4.446 Y32.211 E794.90239
G0 F3600 X-4.066 Y32.336
G1 F1800 X-4.157 Y32.488 E794.92365
G1 X-4.427 Y32.649 E794.96137
G1 X-4.607 Y32.692 E794.98358
G1 X-70.607 Y32.692 E802.90358
G1 X-70.851 Y32.633 E802.9337
G1 X-71.003 Y32.542 E802.95496
G1 X-71.164 Y32.272 E802.99269
G1 X-71.207 Y32.092 E803.01489
G1 X-71.207 Y-33.908 E810.93489
G1 X-71.148 Y-34.152 E810.96502
G1 X-71.057 Y-34.304 E810.98628
G1 X-70.787 Y-34.465 E811.024
G1 X-70.607 Y-34.508 E811.04621
G1 X-4.607 Y-34.508 E818.96621
G1 X-4.363 Y-34.449 E818.99633
G1 X-4.211 Y-34.358 E819.01759
G1 X-4.05 Y-34.088 E819.05531
G1 X-4.007 Y-33.908 E819.07752
G1 X-4.007 Y32.092 E826.99752
G1 X-4.066 Y32.336 E827.02764
G10
G0 F3600 X-3.942 Y32.336
G0 X2.885 Y33.563
G11
G1 F1800 X2.188 Y32.155 E827.21617
G1 X2.02 Y31.012 E827.35481
G1 X1.992 Y-35.765 E835.36805
G1 X2.294 Y-37.232 E835.54778
G1 X3.004 Y-38.523 E835.72458
G1 X3.496 Y-39.14 E835.81928
G1 X4.447 Y-39.906 E835.96582
G1 X5.835 Y-40.598 E836.15193
G1 X6.986 Y-40.766 E836.29151
G1 X73.763 Y-40.794 E844.30475
G1 X75.23 Y-40.492 E844.48448
G1 X76.521 Y-39.782 E844.66129
G1 X77.138 Y-39.29 E844.75598
G1 X77.904 Y-38.339 E844.90252
G1 X78.596 Y-36.951 E845.08863
G1 X78.764 Y-35.8 E845.22822
G1 X78.792 Y30.977 E853.24146
G1 X78.49 Y32.444 E853.42119
G1 X77.78 Y33.735 E853.59799
G1 X77.288 Y34.352 E853.69269
G1 X76.337 Y35.118 E853.83922
G1 X74.949 Y35.81 E854.02534
G1 X73.798 Y35.978 E854.16492
G1 X6.945 Y36.006 E862.18728
G1 X5.522 Y35.693 E862.36212
G1 X4.37 Y35.077 E862.51889
G1 X3.646 Y34.51 E862.62924
G1 X2.885 Y33.563 E862.77502
G0 F3600 X3.221 Y33.342
G1 F1800 X2.575 Y32.037 E862.94976
G1 X2.416 Y30.954 E863.08111
G1 X2.392 Y-35.723 E871.08235
G1 X2.674 Y-37.094 E871.25032
G1 X3.317 Y-38.274 E871.41158
G1 X3.782 Y-38.857 E871.50106
G1 X4.663 Y-39.567 E871.63684
G1 X5.955 Y-40.211 E871.81007
G1 X7.044 Y-40.37 E871.94214
G1 X73.721 Y-40.394 E879.94338
G1 X75.092 Y-40.112 E880.11134
G1 X76.272 Y-39.469 E880.2726
G1 X76.855 Y-39.004 E880.36209
G1 X77.565 Y-38.123 E880.49787
G1 X78.209 Y-36.831 E880.6711
G1 X78.368 Y-35.742 E880.80317
G1 X78.392 Y30.935 E888.80441
G1 X78.11 Y32.306 E888.97237
G1 X77.467 Y33.486 E889.13363
G1 X77.002 Y34.069 E889.22312
G1 X76.121 Y34.779 E889.3589
G1 X74.829 Y35.423 E889.53213
G1 X73.74 Y35.582 E889.66419
G1 X6.99 Y35.606 E897.67419
G1 X5.662 Y35.314 E897.83736
G1 X4.559 Y34.724 E897.98747
G1 X3.931 Y34.225 E898.08372
G1 X3.221 Y33.342 E898.21969
G0 F3600 X3.557 Y33.121
G1 F1800 X2.962 Y31.919 E898.38063
G1 X2.812 Y30.896 E898.5047
G1 X2.792 Y-35.681 E906.49394
G1 X3.054 Y-36.956 E906.65014
G1 X3.63 Y-38.025 E906.79586
G1 X4.066 Y-38.572 E906.8798
G1 X4.883 Y-39.23 E907.00568
G1 X6.075 Y-39.824 E907.1655
G1 X7.102 Y-39.974 E907.29004
G1 X73.679 Y-39.994 E915.27929
G1 X74.954 Y-39.732 E915.43548
G1 X76.023 Y-39.156 E915.5812
G1 X76.57 Y-38.72 E915.66514
G1 X77.228 Y-37.903 E915.79102
G1 X77.822 Y-36.711 E915.95084
G1 X77.972 Y-35.684 E916.07539
G1 X77.992 Y30.893 E924.06463
G1 X77.73 Y32.168 E924.22082
G1 X77.154 Y33.237 E924.36654
G1 X76.718 Y33.784 E924.45048
G1 X75.901 Y34.442 E924.57636
G1 X74.709 Y35.036 E924.73618
G1 X73.682 Y35.186 E924.86073
G1 X7.035 Y35.206 E932.85837
G1 X5.802 Y34.935 E933.00986
G1 X4.748 Y34.371 E933.15331
G1 X4.217 Y33.942 E933.23523
G1 X3.557 Y33.121 E933.36163
G0 F3600 X3.893 Y32.9
G1 F1800 X3.349 Y31.801 E933.50879
G1 X3.208 Y30.838 E933.62558
G1 X3.192 Y-35.64 E941.60294
G1 X3.434 Y-36.818 E941.74725
G1 X3.982 Y-37.835 E941.88588
G1 X4.348 Y-38.285 E941.95549
G1 X5.103 Y-38.893 E942.07181
G1 X6.195 Y-39.437 E942.21821
G1 X7.16 Y-39.578 E942.33524
G1 X73.638 Y-39.594 E950.3126
G1 X74.816 Y-39.352 E950.45691
G1 X75.833 Y-38.804 E950.59554
G1 X76.283 Y-38.438 E950.66515
G1 X76.891 Y-37.683 E950.78147
G1 X77.435 Y-36.591 E950.92787
G1 X77.576 Y-35.626 E951.0449
G1 X77.592 Y30.852 E959.02226
G1 X77.35 Y32.03 E959.16657
G1 X76.802 Y33.047 E959.3052
G1 X76.436 Y33.497 E959.37481
G1 X75.681 Y34.105 E959.49114
G1 X74.589 Y34.649 E959.63754
G1 X73.624 Y34.79 E959.75456
G1 X7.08 Y34.806 E967.73984
G1 X5.942 Y34.556 E967.87966
G1 X4.97 Y34.036 E968.01194
G1 X4.503 Y33.658 E968.08404
G1 X3.893 Y32.9 E968.2008
G0 F3600 X4.231 Y32.681
G1 F1800 X3.736 Y31.682 E968.33459
G1 X3.604 Y30.78 E968.44398
G1 X3.592 Y-35.599 E976.40946
G1 X3.814 Y-36.68 E976.54189
G1 X4.297 Y-37.588 E976.6653
G1 X4.599 Y-37.973 E976.72402
G1 X5.323 Y-38.556 E976.83557
G1 X6.315 Y-39.05 E976.96855
G1 X7.218 Y-39.182 E977.07806
G1 X73.597 Y-39.194 E985.04354
G1 X74.678 Y-38.972 E985.17597
G1 X75.586 Y-38.489 E985.29939
G1 X75.971 Y-38.187 E985.3581
G1 X76.554 Y-37.463 E985.46965
G1 X77.048 Y-36.471 E985.60263
G1 X77.18 Y-35.568 E985.71215
G1 X77.192 Y30.811 E993.67763
G1 X76.97 Y31.892 E993.81005
G1 X76.487 Y32.8 E993.93347
G1 X76.185 Y33.185 E993.99219
G1 X75.461 Y33.768 E994.10373
G1 X74.469 Y34.262 E994.23672
G1 X73.566 Y34.394 E994.34623
G1 X7.125 Y34.406 E1002.31915
G1 X6.082 Y34.177 E1002.44729
G1 X5.159 Y33.683 E1002.57292
G1 X4.79 Y33.376 E1002.63052
G1 X4.231 Y32.681 E1002.73755
G0 F3600 X4.569 Y32.462
G1 F1800 X4.123 Y31.563 E1002.85797
G1 X4 Y30.722 E1002.95997
G1 X3.992 Y-35.558 E1010.91357
G1 X4.194 Y-36.544 E1011.03434
G1 X4.618 Y-37.349 E1011.14352
G1 X4.85 Y-37.661 E1011.19018
G1 X5.543 Y-38.219 E1011.29695
G1 X6.435 Y-38.663 E1011.41651
G1 X7.276 Y-38.786 E1011.51851
G1 X73.556 Y-38.794 E1019.47211
G1 X74.542 Y-38.592 E1019.59289
G1 X75.347 Y-38.168 E1019.70207
G1 X75.659 Y-37.936 E1019.74872
G1 X76.217 Y-37.243 E1019.85549
G1 X76.661 Y-36.351 E1019.97506
G1 X76.784 Y-35.51 E1020.07705
G1 X76.792 Y30.77 E1028.03065
G1 X76.59 Y31.756 E1028.15143
G1 X76.166 Y32.561 E1028.26061
G1 X75.934 Y32.873 E1028.30726
G1 X75.241 Y33.431 E1028.41403
G1 X74.349 Y33.875 E1028.5336
G1 X73.508 Y33.998 E1028.63559
G1 X7.17 Y34.006 E1036.59615
G1 X6.222 Y33.798 E1036.71262
G1 X5.348 Y33.33 E1036.83159
G1 X5.102 Y33.125 E1036.87002
G1 X4.569 Y32.462 E1036.9721
G0 F3600 X4.907 Y32.243
G1 F1800 X4.51 Y31.443 E1037.07927
G1 X4.396 Y30.664 E1037.17374
G1 X4.392 Y-35.517 E1045.11546
G1 X4.574 Y-36.407 E1045.22447
G1 X4.972 Y-37.162 E1045.32689
G1 X5.141 Y-37.382 E1045.36018
G1 X5.759 Y-37.88 E1045.45542
G1 X6.555 Y-38.276 E1045.56211
G1 X7.334 Y-38.39 E1045.65659
G1 X73.515 Y-38.394 E1053.59831
G1 X74.405 Y-38.212 E1053.70732
G1 X75.16 Y-37.814 E1053.80973
G1 X75.38 Y-37.645 E1053.84302
G1 X75.878 Y-37.027 E1053.93827
G1 X76.274 Y-36.231 E1054.04495
G1 X76.388 Y-35.452 E1054.13943
G1 X76.392 Y30.729 E1062.08115
G1 X76.21 Y31.619 E1062.19016
G1 X75.812 Y32.374 E1062.29258
G1 X75.643 Y32.594 E1062.32587
G1 X75.025 Y33.092 E1062.42111
G1 X74.229 Y33.488 E1062.5278
G1 X73.45 Y33.602 E1062.62227
G1 X7.215 Y33.606 E1070.57047
G1 X6.362 Y33.419 E1070.67526
G1 X5.537 Y32.977 E1070.78758
G1 X5.414 Y32.874 E1070.80683
G1 X4.907 Y32.243 E1070.90396
G0 F3600 X5.246 Y32.026
G1 F1800 X4.897 Y31.323 E1070.99815
G1 X4.792 Y30.606 E1071.0851
G1 X4.792 Y-35.476 E1079.01494
G1 X4.955 Y-36.272 E1079.11244
G1 X5.326 Y-36.976 E1079.20794
G1 X5.429 Y-37.101 E1079.22737
G1 X5.975 Y-37.541 E1079.31152
G1 X6.675 Y-37.889 E1079.40533
G1 X7.392 Y-37.994 E1079.49229
G1 X73.474 Y-37.994 E1087.42213
G1 X74.27 Y-37.831 E1087.51963
G1 X74.974 Y-37.46 E1087.61512
G1 X75.099 Y-37.357 E1087.63456
G1 X75.539 Y-36.811 E1087.7187
G1 X75.887 Y-36.111 E1087.81251
G1 X75.992 Y-35.394 E1087.89947
G1 X75.992 Y30.688 E1095.82931
G1 X75.829 Y31.484 E1095.92681
G1 X75.458 Y32.188 E1096.02231
G1 X75.355 Y32.313 E1096.04174
G1 X74.809 Y32.753 E1096.12589
G1 X74.109 Y33.101 E1096.2197
G1 X73.392 Y33.206 E1096.30665
G1 X7.26 Y33.206 E1104.24249
G1 X6.502 Y33.04 E1104.33561
G1 X5.726 Y32.624 E1104.44127
G1 X5.246 Y32.026 E1104.53328
G0 F3600 X5.584 Y31.807
G1 F1800 X5.283 Y31.201 E1104.61448
G1 X5.192 Y30.606 E1104.68671
G1 X5.192 Y-35.435 E1112.61163
G1 X5.336 Y-36.137 E1112.69762
G1 X5.68 Y-36.79 E1112.78619
G1 X6.191 Y-37.202 E1112.86496
G1 X6.797 Y-37.503 E1112.94616
G1 X7.392 Y-37.594 E1113.01839
G1 X73.433 Y-37.594 E1120.94331
G1 X74.135 Y-37.45 E1121.0293
G1 X74.788 Y-37.106 E1121.11787
G1 X75.2 Y-36.595 E1121.19664
G1 X75.501 Y-35.989 E1121.27784
G1 X75.592 Y-35.394 E1121.35007
G1 X75.592 Y30.647 E1129.27499
G1 X75.448 Y31.349 E1129.36098
G1 X75.104 Y32.002 E1129.44955
G1 X74.593 Y32.414 E1129.52832
G1 X73.987 Y32.715 E1129.60951
G1 X73.392 Y32.806 E1129.68174
G1 X7.305 Y32.806 E1137.61218
G1 X6.639 Y32.66 E1137.694
G1 X5.989 Y32.311 E1137.78253
G1 X5.584 Y31.807 E1137.86012
G0 F3600 X5.942 Y31.629
G1 F1800 X6.251 Y31.998 E1137.91787
G1 X6.776 Y32.28 E1137.98939
G1 X7.35 Y32.406 E1138.05991
G1 X73.392 Y32.406 E1145.98495
G1 X73.866 Y32.329 E1146.04257
G1 X74.415 Y32.056 E1146.11615
G1 X74.787 Y31.744 E1146.17441
G1 X75.068 Y31.212 E1146.24661
G1 X75.192 Y30.606 E1146.32084
G1 X75.192 Y-35.394 E1154.24084
G1 X75.115 Y-35.868 E1154.29846
G1 X74.842 Y-36.417 E1154.37204
G1 X74.53 Y-36.789 E1154.4303
G1 X73.998 Y-37.07 E1154.5025
G1 X73.392 Y-37.194 E1154.57673
G1 X7.392 Y-37.194 E1162.49673
G1 X6.918 Y-37.117 E1162.55435
G1 X6.369 Y-36.844 E1162.62793
G1 X5.997 Y-36.532 E1162.68619
G1 X5.716 Y-36 E1162.75839
G1 X5.592 Y-35.394 E1162.83261
G1 X5.592 Y30.606 E1170.75261
G1 X5.669 Y31.08 E1170.81024
G1 X5.942 Y31.629 E1170.88382
G0 F3600 X6.3 Y31.451
G1 F1800 X6.054 Y30.957 E1170.95004
G1 X5.992 Y30.606 E1170.99281
G1 X5.992 Y-35.394 E1178.91281
G1 X6.07 Y-35.813 E1178.96395
G1 X6.315 Y-36.277 E1179.02692
G1 X6.547 Y-36.486 E1179.06439
G1 X7.041 Y-36.732 E1179.13061
G1 X7.392 Y-36.794 E1179.17339
G1 X73.392 Y-36.794 E1187.09339
G1 X73.811 Y-36.716 E1187.14453
G1 X74.275 Y-36.471 E1187.2075
G1 X74.484 Y-36.239 E1187.24497
G1 X74.73 Y-35.745 E1187.31119
G1 X74.792 Y-35.394 E1187.35396
G1 X74.792 Y30.606 E1195.27396
G1 X74.714 Y31.025 E1195.32511
G1 X74.469 Y31.489 E1195.38807
G1 X74.237 Y31.698 E1195.42554
G1 X73.743 Y31.944 E1195.49177
G1 X73.392 Y32.006 E1195.53454
G1 X7.35 Y32.006 E1203.45958
G1 X6.869 Y31.891 E1203.51892
G1 X6.509 Y31.683 E1203.56882
G1 X6.3 Y31.451 E1203.60629
G0 F3600 X6.652 Y31.261
G1 F1800 X6.446 Y30.879 E1203.65837
G1 X6.392 Y30.606 E1203.69176
G1 X6.392 Y-35.394 E1211.61176
G1 X6.462 Y-35.732 E1211.65318
G1 X6.599 Y-35.995 E1211.68877
G1 X6.737 Y-36.134 E1211.71227
G1 X7.119 Y-36.34 E1211.76435
G1 X7.392 Y-36.394 E1211.79775
G1 X73.392 Y-36.394 E1219.71775
G1 X73.73 Y-36.324 E1219.75917
G1 X73.993 Y-36.187 E1219.79475
G1 X74.132 Y-36.049 E1219.81826
G1 X74.338 Y-35.667 E1219.87034
G1 X74.392 Y-35.394 E1219.90373
G1 X74.392 Y30.606 E1227.82373
G1 X74.322 Y30.944 E1227.86515
G1 X74.185 Y31.207 E1227.90074
G1 X74.047 Y31.346 E1227.92424
G1 X73.665 Y31.552 E1227.97632
G1 X73.392 Y31.606 E1228.00972
G1 X7.392 Y31.606 E1235.92972
G1 X7.054 Y31.536 E1235.97114
G1 X6.791 Y31.399 E1236.00673
G1 X6.652 Y31.261 E1236.03023
G0 F3600 X7.273 Y30.767
G1 F1800 X7.192 Y30.606 E1236.05186
G1 X7.192 Y-35.394 E1243.97186
G1 X7.231 Y-35.513 E1243.98688
G1 X7.392 Y-35.594 E1244.00851
G1 X73.392 Y-35.594 E1251.92851
G1 X73.511 Y-35.555 E1251.94354
G1 X73.592 Y-35.394 E1251.96517
G1 X73.592 Y30.606 E1259.88517
G1 X73.553 Y30.725 E1259.90019
G1 X73.392 Y30.806 E1259.92182
G1 X7.392 Y30.806 E1267.84182
G1 X7.273 Y30.767 E1267.85685
G0 F3600 X7.148 Y31.147
G1 F1800 X6.996 Y31.056 E1267.87811
G1 X6.835 Y30.786 E1267.91583
G1 X6.792 Y30.606 E1267.93804
G1 X6.792 Y-35.394 E1275.85804
G1 X6.851 Y-35.638 E1275.88816
G1 X6.942 Y-35.79 E1275.90942
G1 X7.212 Y-35.951 E1275.94714
G1 X7.392 Y-35.994 E1275.96935
G1 X73.392 Y-35.994 E1283.88935
G1 X73.636 Y-35.935 E1283.91948
G1 X73.788 Y-35.844 E1283.94073
G1 X73.949 Y-35.574 E1283.97846
G1 X73.992 Y-35.394 E1284.00066
G1 X73.992 Y30.606 E1291.92066
G1 X73.933 Y30.85 E1291.95079
G1 X73.842 Y31.002 E1291.97205
G1 X73.572 Y31.163 E1292.00977
G1 X73.392 Y31.206 E1292.03198
G1 X7.392 Y31.206 E1299.95198
G1 X7.148 Y31.147 E1299.9821
G10
;MESH:tapacarcvincha prueba 1.stl
G0 F3600 X6.727 Y31.147
G0 X-3.942 Y31.147
G0 X-5.037 Y31.147
G0 X-5.204 Y31.492
;TYPE:WALL-INNER
G11
G1 F1800 X-5.204 Y-33.308 E1307.7581
G1 X-70.004 Y-33.308 E1315.5341
G1 X-70.004 Y31.492 E1323.3101
G1 X-5.204 Y31.492 E1331.0861
G0 F3600 X-4.804 Y31.892
;TYPE:WALL-OUTER
G1 F1800 X-4.804 Y-33.708 E1338.9581
G1 X-70.404 Y-33.708 E1346.8301
G1 X-70.404 Y31.892 E1354.7021
G1 X-4.804 Y31.892 E1362.5741
G0 F3600 X-4.804 Y31.692
G0 X-5.584 Y31.112
;TYPE:SKIN
G1 F1800 X-69.624 Y31.112 E1370.2589
G1 X-69.624 Y-32.928 E1377.9437
G1 X-5.584 Y-32.928 E1385.6285
G1 X-5.584 Y31.112 E1393.3133
G0 F3600 X-6.141 Y-32.728
G1 F1800 X-5.784 Y-32.371 E1393.37389
G0 F3600 X-5.784 Y-31.806
G1 F1800 X-6.706 Y-32.728 E1393.53036
G0 F3600 X-7.272 Y-32.728
G1 F1800 X-5.784 Y-31.24 E1393.78288
G0 F3600 X-5.784 Y-30.674
G1 F1800 X-7.838 Y-32.728 E1394.13145
G0 F3600 X-8.403 Y-32.728
G1 F1800 X-5.784 Y-30.109 E1394.57591
G0 F3600 X-5.784 Y-29.543
G1 F1800 X-8.969 Y-32.728 E1395.11642
G0 F3600 X-9.535 Y-32.728
G1 F1800 X-5.784 Y-28.977 E1395.75299
G0 F3600 X-5.784 Y-28.412
G1 F1800 X-10.1 Y-32.728 E1396.48544
G0 F3600 X-10.666 Y-32.728
G1 F1800 X-5.784 Y-27.846 E1397.31394
G0 F3600 X-5.784 Y-27.28
G1 F1800 X-11.232 Y-32.728 E1398.2385
G0 F3600 X-11.797 Y-32.728
G1 F1800 X-5.784 Y-26.714 E1399.25902
G0 F3600 X-5.784 Y-26.149
G1 F1800 X-12.363 Y-32.728 E1400.37552
G0 F3600 X-12.929 Y-32.728
G1 F1800 X-5.784 Y-25.583 E1401.58806
G0 F3600 X-5.784 Y-25.017
G1 F1800 X-13.494 Y-32.728 E1402.89658
G0 F3600 X-14.06 Y-32.728
G1 F1800 X-5.784 Y-24.452 E1404.30106
G0 F3600 X-5.784 Y-23.886
G1 F1800 X-14.626 Y-32.728 E1405.8016
G0 F3600 X-15.191 Y-32.728
G1 F1800 X-5.784 Y-23.32 E1407.39811
G0 F3600 X-5.784 Y-22.755
G1 F1800 X-15.757 Y-32.728 E1409.09058
G0 F3600 X-16.323 Y-32.728
G1 F1800 X-5.784 Y-22.189 E1410.87911
G0 F3600 X-5.784 Y-21.623
G1 F1800 X-16.889 Y-32.728 E1412.76369
G0 F3600 X-17.454 Y-32.728
G1 F1800 X-5.784 Y-21.058 E1414.74415
G0 F3600 X-5.784 Y-20.492
G1 F1800 X-18.02 Y-32.728 E1416.82067
G0 F3600 X-18.586 Y-32.728
G1 F1800 X-5.784 Y-19.926 E1418.99324
G0 F3600 X-5.784 Y-19.361
G1 F1800 X-19.151 Y-32.728 E1421.2617
G0 F3600 X-19.717 Y-32.728
G1 F1800 X-5.784 Y-18.795 E1423.62621
G0 F3600 X-5.784 Y-18.229
G1 F1800 X-20.283 Y-32.728 E1426.08677
G0 F3600 X-20.848 Y-32.728
G1 F1800 X-5.784 Y-17.664 E1428.64321
G0 F3600 X-5.784 Y-17.098
G1 F1800 X-21.414 Y-32.728 E1431.29571
G0 F3600 X-21.98 Y-32.728
G1 F1800 X-5.784 Y-16.532 E1434.04427
G0 F3600 X-5.784 Y-15.966
G1 F1800 X-22.545 Y-32.728 E1436.88879
G0 F3600 X-23.111 Y-32.728
G1 F1800 X-5.784 Y-15.401 E1439.82928
G0 F3600 X-5.784 Y-14.835
G1 F1800 X-23.677 Y-32.728 E1442.86582
G0 F3600 X-24.242 Y-32.728
G1 F1800 X-5.784 Y-14.269 E1445.99833
G0 F3600 X-5.784 Y-13.704
G1 F1800 X-24.808 Y-32.728 E1449.22681
G0 F3600 X-25.374 Y-32.728
G1 F1800 X-5.784 Y-13.138 E1452.55134
G0 F3600 X-5.784 Y-12.572
G1 F1800 X-25.94 Y-32.728 E1455.97193
G0 F3600 X-26.505 Y-32.728
G1 F1800 X-5.784 Y-12.007 E1459.4884
G0 F3600 X-5.784 Y-11.441
G1 F1800 X-27.071 Y-32.728 E1463.10092
G0 F3600 X-27.637 Y-32.728
G1 F1800 X-5.784 Y-10.875 E1466.8095
G0 F3600 X-5.784 Y-10.31
G1 F1800 X-28.202 Y-32.728 E1470.61396
G0 F3600 X-28.768 Y-32.728
G1 F1800 X-5.784 Y-9.744 E1474.51448
G0 F3600 X-5.784 Y-9.178
G1 F1800 X-29.334 Y-32.728 E1478.51104
G0 F3600 X-29.899 Y-32.728
G1 F1800 X-5.784 Y-8.613 E1482.60349
G0 F3600 X-5.784 Y-8.047
G1 F1800 X-30.465 Y-32.728 E1486.792
G0 F3600 X-31.031 Y-32.728
G1 F1800 X-5.784 Y-7.481 E1491.07656
G0 F3600 X-5.784 Y-6.916
G1 F1800 X-31.596 Y-32.728 E1495.457
G0 F3600 X-32.162 Y-32.728
G1 F1800 X-5.784 Y-6.35 E1499.93349
G0 F3600 X-5.784 Y-5.784
G1 F1800 X-32.728 Y-32.728 E1504.50604
G0 F3600 X-33.293 Y-32.728
G1 F1800 X-5.784 Y-5.218 E1509.17456
G0 F3600 X-5.784 Y-4.653
G1 F1800 X-33.859 Y-32.728 E1513.93904
G0 F3600 X-34.425 Y-32.728
G1 F1800 X-5.784 Y-4.087 E1518.79958
G0 F3600 X-5.784 Y-3.521
G1 F1800 X-34.99 Y-32.728 E1523.75609
G0 F3600 X-35.556 Y-32.728
G1 F1800 X-5.784 Y-2.956 E1528.80857
G0 F3600 X-5.784 Y-2.39
G1 F1800 X-36.122 Y-32.728 E1533.9571
G0 F3600 X-36.688 Y-32.728
G1 F1800 X-5.784 Y-1.824 E1539.20168
G0 F3600 X-5.784 Y-1.259
G1 F1800 X-37.253 Y-32.728 E1544.54214
G0 F3600 X-37.819 Y-32.728
G1 F1800 X-5.784 Y-.693 E1549.97866
G0 F3600 X-5.784 Y-.127
G1 F1800 X-38.385 Y-32.728 E1555.51124
G0 F3600 X-38.95 Y-32.728
G1 F1800 X-5.784 Y0.438 E1561.13969
G0 F3600 X-5.784 Y1.004
G1 F1800 X-39.516 Y-32.728 E1566.8642
G0 F3600 X-40.082 Y-32.728
G1 F1800 X-5.784 Y1.57 E1572.68477
G0 F3600 X-5.784 Y2.135
G1 F1800 X-40.647 Y-32.728 E1578.60122
G0 F3600 X-41.213 Y-32.728
G1 F1800 X-5.784 Y2.701 E1584.61372
G0 F3600 X-5.784 Y3.267
G1 F1800 X-41.779 Y-32.728 E1590.72227
G0 F3600 X-42.344 Y-32.728
G1 F1800 X-5.784 Y3.833 E1596.92679
G0 F3600 X-5.784 Y4.398
G1 F1800 X-42.91 Y-32.728 E1603.22728
G0 F3600 X-43.476 Y-32.728
G1 F1800 X-5.784 Y4.964 E1609.62383
G0 F3600 X-5.784 Y5.53
G1 F1800 X-44.041 Y-32.728 E1616.11634
G0 F3600 X-44.607 Y-32.728
G1 F1800 X-5.784 Y6.095 E1622.70482
G0 F3600 X-5.784 Y6.661
G1 F1800 X-45.173 Y-32.728 E1629.38936
G0 F3600 X-45.738 Y-32.728
G1 F1800 X-5.784 Y7.227 E1636.16986
G0 F3600 X-5.784 Y7.792
G1 F1800 X-46.304 Y-32.728 E1643.04633
G0 F3600 X-46.87 Y-32.728
G1 F1800 X-5.784 Y8.358 E1650.01886
G0 F3600 X-5.784 Y8.924
G1 F1800 X-47.436 Y-32.728 E1657.08744
G0 F3600 X-48.001 Y-32.728
G1 F1800 X-5.784 Y9.489 E1664.2519
G0 F3600 X-5.784 Y10.055
G1 F1800 X-48.567 Y-32.728 E1671.51242
G0 F3600 X-49.133 Y-32.728
G1 F1800 X-5.784 Y10.621 E1678.86899
G0 F3600 X-5.784 Y11.186
G1 F1800 X-49.698 Y-32.728 E1686.32144
G0 F3600 X-50.264 Y-32.728
G1 F1800 X-5.784 Y11.752 E1693.86994
G0 F3600 X-5.784 Y12.318
G1 F1800 X-50.83 Y-32.728 E1701.5145
G0 F3600 X-51.395 Y-32.728
G1 F1800 X-5.784 Y12.883 E1709.25495
G0 F3600 X-5.784 Y13.449
G1 F1800 X-51.961 Y-32.728 E1717.09144
G0 F3600 X-52.527 Y-32.728
G1 F1800 X-5.784 Y14.015 E1725.02399
G0 F3600 X-5.784 Y14.581
G1 F1800 X-53.092 Y-32.728 E1733.05251
G0 F3600 X-53.658 Y-32.728
G1 F1800 X-5.784 Y15.146 E1741.177
G0 F3600 X-5.784 Y15.712
G1 F1800 X-54.224 Y-32.728 E1749.39754
G0 F3600 X-54.789 Y-32.728
G1 F1800 X-5.784 Y16.278 E1757.71405
G0 F3600 X-5.784 Y16.843
G1 F1800 X-55.355 Y-32.728 E1766.12653
G0 F3600 X-55.921 Y-32.728
G1 F1800 X-5.784 Y17.409 E1774.63506
G0 F3600 X-5.784 Y17.975
G1 F1800 X-56.487 Y-32.728 E1783.23964
G0 F3600 X-57.052 Y-32.728
G1 F1800 X-5.784 Y18.54 E1791.94011
G0 F3600 X-5.784 Y19.106
G1 F1800 X-57.618 Y-32.728 E1800.73663
G0 F3600 X-58.184 Y-32.728
G1 F1800 X-5.784 Y19.672 E1809.62921
G0 F3600 X-5.784 Y20.237
G1 F1800 X-58.749 Y-32.728 E1818.61767
G0 F3600 X-59.315 Y-32.728
G1 F1800 X-5.784 Y20.803 E1827.70218
G0 F3600 X-5.784 Y21.369
G1 F1800 X-59.881 Y-32.728 E1836.88274
G0 F3600 X-60.446 Y-32.728
G1 F1800 X-5.784 Y21.934 E1846.15919
G0 F3600 X-5.784 Y22.5
G1 F1800 X-61.012 Y-32.728 E1855.5317
G0 F3600 X-61.578 Y-32.728
G1 F1800 X-5.784 Y23.066 E1865.00025
G0 F3600 X-5.784 Y23.632
G1 F1800 X-62.143 Y-32.728 E1874.56478
G0 F3600 X-62.709 Y-32.728
G1 F1800 X-5.784 Y24.197 E1884.22527
G0 F3600 X-5.784 Y24.763
G1 F1800 X-63.275 Y-32.728 E1893.98181
G0 F3600 X-63.84 Y-32.728
G1 F1800 X-5.784 Y25.329 E1903.83433
G0 F3600 X-5.784 Y25.894
G1 F1800 X-64.406 Y-32.728 E1913.78281
G0 F3600 X-64.972 Y-32.728
G1 F1800 X-5.784 Y26.46 E1923.82735
G0 F3600 X-5.784 Y27.026
G1 F1800 X-65.537 Y-32.728 E1933.96785
G0 F3600 X-66.103 Y-32.728
G1 F1800 X-5.784 Y27.591 E1944.20433
G0 F3600 X-5.784 Y28.157
G1 F1800 X-66.669 Y-32.728 E1954.53686
G0 F3600 X-67.235 Y-32.728
G1 F1800 X-5.784 Y28.723 E1964.96544
G0 F3600 X-5.784 Y29.288
G1 F1800 X-67.8 Y-32.728 E1975.4899
G0 F3600 X-68.366 Y-32.728
G1 F1800 X-5.784 Y29.854 E1986.11042
G0 F3600 X-5.784 Y30.42
G1 F1800 X-68.932 Y-32.728 E1996.82699
G0 F3600 X-69.424 Y-32.654
G1 F1800 X-5.858 Y30.912 E2007.6145
G0 F3600 X-6.423 Y30.912
G1 F1800 X-69.424 Y-32.089 E2018.30612
G0 F3600 X-69.424 Y-31.523
G1 F1800 X-6.989 Y30.912 E2028.90169
G0 F3600 X-7.555 Y30.912
G1 F1800 X-69.424 Y-30.957 E2039.40121
G0 F3600 X-69.424 Y-30.391
G1 F1800 X-8.12 Y30.912 E2049.80476
G0 F3600 X-8.686 Y30.912
G1 F1800 X-69.424 Y-29.826 E2060.11234
G0 F3600 X-69.424 Y-29.26
G1 F1800 X-9.252 Y30.912 E2070.32387
G0 F3600 X-9.817 Y30.912
G1 F1800 X-69.424 Y-28.694 E2080.43942
G0 F3600 X-69.424 Y-28.129
G1 F1800 X-10.383 Y30.912 E2090.45901
G0 F3600 X-10.949 Y30.912
G1 F1800 X-69.424 Y-27.563 E2100.38255
G0 F3600 X-69.424 Y-26.997
G1 F1800 X-11.515 Y30.912 E2110.21003
G0 F3600 X-12.08 Y30.912
G1 F1800 X-69.424 Y-26.432 E2119.94163
G0 F3600 X-69.424 Y-25.866
G1 F1800 X-12.646 Y30.912 E2129.57718
G0 F3600 X-13.212 Y30.912
G1 F1800 X-69.424 Y-25.3 E2139.11667
G0 F3600 X-69.424 Y-24.735
G1 F1800 X-13.777 Y30.912 E2148.56028
G0 F3600 X-14.343 Y30.912
G1 F1800 X-69.424 Y-24.169 E2157.90784
G0 F3600 X-69.424 Y-23.603
G1 F1800 X-14.909 Y30.912 E2167.15934
G0 F3600 X-15.474 Y30.912
G1 F1800 X-69.424 Y-23.038 E2176.31496
G0 F3600 X-69.424 Y-22.472
G1 F1800 X-16.04 Y30.912 E2185.37452
G0 F3600 X-16.606 Y30.912
G1 F1800 X-69.424 Y-21.906 E2194.33803
G0 F3600 X-69.424 Y-21.34
G1 F1800 X-17.171 Y30.912 E2203.20558
G0 F3600 X-17.737 Y30.912
G1 F1800 X-69.424 Y-20.775 E2211.97715
G0 F3600 X-69.424 Y-20.209
G1 F1800 X-18.303 Y30.912 E2220.65267
G0 F3600 X-18.868 Y30.912
G1 F1800 X-69.424 Y-19.643 E2229.23223
G0 F3600 X-69.424 Y-19.078
G1 F1800 X-19.434 Y30.912 E2237.71581
G0 F3600 X-20 Y30.912
G1 F1800 X-69.424 Y-18.512 E2246.10334
G0 F3600 X-69.424 Y-17.946
G1 F1800 X-20.565 Y30.912 E2254.3949
G0 F3600 X-21.131 Y30.912
G1 F1800 X-69.424 Y-17.381 E2262.5905
G0 F3600 X-69.424 Y-16.815
G1 F1800 X-21.697 Y30.912 E2270.69004
G0 F3600 X-22.263 Y30.912
G1 F1800 X-69.424 Y-16.249 E2278.69353
G0 F3600 X-69.424 Y-15.684
G1 F1800 X-22.828 Y30.912 E2286.60113
G0 F3600 X-23.394 Y30.912
G1 F1800 X-69.424 Y-15.118 E2294.41268
G0 F3600 X-69.424 Y-14.552
G1 F1800 X-23.96 Y30.912 E2302.12818
G0 F3600 X-24.525 Y30.912
G1 F1800 X-69.424 Y-13.987 E2309.74779
G0 F3600 X-69.424 Y-13.421
G1 F1800 X-25.091 Y30.912 E2317.27135
G0 F3600 X-25.657 Y30.912
G1 F1800 X-69.424 Y-12.855 E2324.69885
G0 F3600 X-69.424 Y-12.29
G1 F1800 X-26.222 Y30.912 E2332.03048
G0 F3600 X-26.788 Y30.912
G1 F1800 X-69.424 Y-11.724 E2339.26605
G0 F3600 X-69.424 Y-11.158
G1 F1800 X-27.354 Y30.912 E2346.40556
G0 F3600 X-27.919 Y30.912
G1 F1800 X-69.424 Y-10.592 E2353.44911
G0 F3600 X-69.424 Y-10.027
G1 F1800 X-28.485 Y30.912 E2360.39669
G0 F3600 X-29.051 Y30.912
G1 F1800 X-69.424 Y-9.461 E2367.24821
G0 F3600 X-69.424 Y-8.895
G1 F1800 X-29.616 Y30.912 E2374.00377
G0 F3600 X-30.182 Y30.912
G1 F1800 X-69.424 Y-8.33 E2380.66336
G0 F3600 X-69.424 Y-7.764
G1 F1800 X-30.748 Y30.912 E2387.22689
G0 F3600 X-31.314 Y30.912
G1 F1800 X-69.424 Y-7.198 E2393.69437
G0 F3600 X-69.424 Y-6.633
G1 F1800 X-31.879 Y30.912 E2400.06597
G0 F3600 X-32.445 Y30.912
G1 F1800 X-69.424 Y-6.067 E2406.34152
G0 F3600 X-69.424 Y-5.501
G1 F1800 X-33.011 Y30.912 E2412.52101
G0 F3600 X-33.576 Y30.912
G1 F1800 X-69.424 Y-4.936 E2418.60462
G0 F3600 X-69.424 Y-4.37
G1 F1800 X-34.142 Y30.912 E2424.59217
G0 F3600 X-34.708 Y30.912
G1 F1800 X-69.424 Y-3.804 E2430.48367
G0 F3600 X-69.424 Y-3.239
G1 F1800 X-35.273 Y30.912 E2436.27929
G0 F3600 X-35.839 Y30.912
G1 F1800 X-69.424 Y-2.673 E2441.97885
G0 F3600 X-69.424 Y-2.107
G1 F1800 X-36.405 Y30.912 E2447.58236
G0 F3600 X-36.97 Y30.912
G1 F1800 X-69.424 Y-1.541 E2453.0899
G0 F3600 X-69.424 Y-.976
G1 F1800 X-37.536 Y30.912 E2458.50147
G0 F3600 X-38.102 Y30.912
G1 F1800 X-69.424 Y-.41 E2463.81699
G0 F3600 X-69.424 Y0.156
G1 F1800 X-38.667 Y30.912 E2469.03655
G0 F3600 X-39.233 Y30.912
G1 F1800 X-69.424 Y0.721 E2474.16013
G0 F3600 X-69.424 Y1.287
G1 F1800 X-39.799 Y30.912 E2479.18766
G0 F3600 X-40.364 Y30.912
G1 F1800 X-69.424 Y1.853 E2484.11922
G0 F3600 X-69.424 Y2.418
G1 F1800 X-40.93 Y30.912 E2488.95481
G0 F3600 X-41.496 Y30.912
G1 F1800 X-69.424 Y2.984 E2493.69435
G0 F3600 X-69.424 Y3.55
G1 F1800 X-42.062 Y30.912 E2498.33783
G0 F3600 X-42.627 Y30.912
G1 F1800 X-69.424 Y4.115 E2502.88544
G0 F3600 X-69.424 Y4.681
G1 F1800 X-43.193 Y30.912 E2507.33698
G0 F3600 X-43.759 Y30.912
G1 F1800 X-69.424 Y5.247 E2511.69248
G0 F3600 X-69.424 Y5.812
G1 F1800 X-44.324 Y30.912 E2515.95209
G0 F3600 X-44.89 Y30.912
G1 F1800 X-69.424 Y6.378 E2520.11565
G0 F3600 X-69.424 Y6.944
G1 F1800 X-45.456 Y30.912 E2524.18315
G0 F3600 X-46.021 Y30.912
G1 F1800 X-69.424 Y7.509 E2528.15477
G0 F3600 X-69.424 Y8.075
G1 F1800 X-46.587 Y30.912 E2532.03034
G0 F3600 X-47.153 Y30.912
G1 F1800 X-69.424 Y8.641 E2535.80986
G0 F3600 X-69.424 Y9.207
G1 F1800 X-47.718 Y30.912 E2539.4934
G0 F3600 X-48.284 Y30.912
G1 F1800 X-69.424 Y9.772 E2543.08098
G0 F3600 X-69.424 Y10.338
G1 F1800 X-48.85 Y30.912 E2546.5725
G0 F3600 X-49.415 Y30.912
G1 F1800 X-69.424 Y10.904 E2549.96806
G0 F3600 X-69.424 Y11.469
G1 F1800 X-49.981 Y30.912 E2553.26764
G0 F3600 X-50.547 Y30.912
G1 F1800 X-69.424 Y12.035 E2556.47118
G0 F3600 X-69.424 Y12.601
G1 F1800 X-51.113 Y30.912 E2559.57866
G0 F3600 X-51.678 Y30.912
G1 F1800 X-69.424 Y13.166 E2562.59025
G0 F3600 X-69.424 Y13.732
G1 F1800 X-52.244 Y30.912 E2565.50579
G0 F3600 X-52.81 Y30.912
G1 F1800 X-69.424 Y14.298 E2568.32528
G0 F3600 X-69.424 Y14.863
G1 F1800 X-53.375 Y30.912 E2571.04889
G0 F3600 X-53.941 Y30.912
G1 F1800 X-69.424 Y15.429 E2573.67644
G0 F3600 X-69.424 Y15.995
G1 F1800 X-54.507 Y30.912 E2576.20794
G0 F3600 X-55.072 Y30.912
G1 F1800 X-69.424 Y16.56 E2578.64356
G0 F3600 X-69.424 Y17.126
G1 F1800 X-55.638 Y30.912 E2580.98312
G0 F3600 X-56.204 Y30.912
G1 F1800 X-69.424 Y17.692 E2583.22663
G0 F3600 X-69.424 Y18.257
G1 F1800 X-56.769 Y30.912 E2585.37425
G0 F3600 X-57.335 Y30.912
G1 F1800 X-69.424 Y18.823 E2587.42582
G0 F3600 X-69.424 Y19.389
G1 F1800 X-57.901 Y30.912 E2589.38134
G0 F3600 X-58.466 Y30.912
G1 F1800 X-69.424 Y19.955 E2591.24089
G0 F3600 X-69.424 Y20.52
G1 F1800 X-59.032 Y30.912 E2593.00447
G0 F3600 X-59.598 Y30.912
G1 F1800 X-69.424 Y21.086 E2594.672
G0 F3600 X-69.424 Y21.652
G1 F1800 X-60.163 Y30.912 E2596.24356
G0 F3600 X-60.729 Y30.912
G1 F1800 X-69.424 Y22.217 E2597.71915
G0 F3600 X-69.424 Y22.783
G1 F1800 X-61.295 Y30.912 E2599.09868
G0 F3600 X-61.861 Y30.912
G1 F1800 X-69.424 Y23.349 E2600.38217
G0 F3600 X-69.424 Y23.914
G1 F1800 X-62.426 Y30.912 E2601.56977
G0 F3600 X-62.992 Y30.912
G1 F1800 X-69.424 Y24.48 E2602.66131
G0 F3600 X-69.424 Y25.046
G1 F1800 X-63.558 Y30.912 E2603.65681
G0 F3600 X-64.123 Y30.912
G1 F1800 X-69.424 Y25.611 E2604.55642
G0 F3600 X-69.424 Y26.177
G1 F1800 X-64.689 Y30.912 E2605.35997
G0 F3600 X-65.255 Y30.912
G1 F1800 X-69.424 Y26.743 E2606.06748
G0 F3600 X-69.424 Y27.308
G1 F1800 X-65.82 Y30.912 E2606.67909
G0 F3600 X-66.386 Y30.912
G1 F1800 X-69.424 Y27.874 E2607.19466
G0 F3600 X-69.424 Y28.44
G1 F1800 X-66.952 Y30.912 E2607.61417
G0 F3600 X-67.517 Y30.912
G1 F1800 X-69.424 Y29.006 E2607.93772
G0 F3600 X-69.424 Y29.571
G1 F1800 X-68.083 Y30.912 E2608.16529
G0 F3600 X-68.649 Y30.912
G1 F1800 X-69.424 Y30.137 E2608.29681
G0 F3600 X-69.424 Y30.703
G1 F1800 X-69.214 Y30.912 E2608.33237
G0 F3600 X-69.214 Y30.882
G10
;MESH:base carc vincha prueba 1.stl
G0 X-5.037 Y29.726
G0 X-3.942 Y29.726
G0 X6.727 Y29.726
G0 X7.822 Y29.726
G0 X72.482 Y29.726
G0 X72.791 Y30.004
;TYPE:WALL-INNER
G11
G1 F1800 X72.791 Y-34.792 E2616.10789
G1 X7.992 Y-34.792 E2623.88377
G1 X7.992 Y30.004 E2631.65929
G1 X72.791 Y30.004 E2639.43517
G0 F3600 X73.191 Y30.404
;TYPE:WALL-OUTER
G1 F1800 X73.191 Y-35.192 E2647.30669
G1 X7.592 Y-35.192 E2655.17857
G1 X7.592 Y30.404 E2663.05009
G1 X73.191 Y30.404 E2670.92197
G0 F3600 X73.191 Y30.204
G0 X72.408 Y29.624
;TYPE:SKIN
G1 F1800 X8.372 Y29.624 E2678.60629
G1 X8.372 Y-34.412 E2686.29061
G1 X72.408 Y-34.412 E2693.97493
G1 X72.408 Y29.624 E2701.65925
G0 F3600 X9.059 Y29.424
G1 F1800 X8.572 Y28.936 E2701.74198
G0 F3600 X8.572 Y28.371
G1 F1800 X9.625 Y29.424 E2701.92068
G0 F3600 X10.191 Y29.424
G1 F1800 X8.572 Y27.805 E2702.19543
G0 F3600 X8.572 Y27.239
G1 F1800 X10.757 Y29.424 E2702.56624
G0 F3600 X11.322 Y29.424
G1 F1800 X8.572 Y26.673 E2703.03301
G0 F3600 X8.572 Y26.108
G1 F1800 X11.888 Y29.424 E2703.59576
G0 F3600 X12.454 Y29.424
G1 F1800 X8.572 Y25.542 E2704.25456
G0 F3600 X8.572 Y24.976
G1 F1800 X13.019 Y29.424 E2705.00932
G0 F3600 X13.585 Y29.424
G1 F1800 X8.572 Y24.411 E2705.86006
G0 F3600 X8.572 Y23.845
G1 F1800 X14.151 Y29.424 E2706.80684
G0 F3600 X14.716 Y29.424
G1 F1800 X8.572 Y23.279 E2707.8496
G0 F3600 X8.572 Y22.714
G1 F1800 X15.282 Y29.424 E2708.98832
G0 F3600 X15.848 Y29.424
G1 F1800 X8.572 Y22.148 E2710.2231
G0 F3600 X8.572 Y21.582
G1 F1800 X16.413 Y29.424 E2711.55385
G0 F3600 X16.979 Y29.424
G1 F1800 X8.572 Y21.017 E2712.98056
G0 F3600 X8.572 Y20.451
G1 F1800 X17.545 Y29.424 E2714.50333
G0 F3600 X18.11 Y29.424
G1 F1800 X8.572 Y19.885 E2716.12207
G0 F3600 X8.572 Y19.32
G1 F1800 X18.676 Y29.424 E2717.83678
G0 F3600 X19.242 Y29.424
G1 F1800 X8.572 Y18.754 E2719.64753
G0 F3600 X8.572 Y18.188
G1 F1800 X19.807 Y29.424 E2721.55426
G0 F3600 X20.373 Y29.424
G1 F1800 X8.572 Y17.623 E2723.55696
G0 F3600 X8.572 Y17.057
G1 F1800 X20.939 Y29.424 E2725.65571
G0 F3600 X21.505 Y29.424
G1 F1800 X8.572 Y16.491 E2727.85051
G0 F3600 X8.572 Y15.925
G1 F1800 X22.07 Y29.424 E2730.14128
G0 F3600 X22.636 Y29.424
G1 F1800 X8.572 Y15.36 E2732.52802
G0 F3600 X8.572 Y14.794
G1 F1800 X23.202 Y29.424 E2735.01082
G0 F3600 X23.767 Y29.424
G1 F1800 X8.572 Y14.228 E2737.58958
G0 F3600 X8.572 Y13.663
G1 F1800 X24.333 Y29.424 E2740.26431
G0 F3600 X24.899 Y29.424
G1 F1800 X8.572 Y13.097 E2743.03509
G0 F3600 X8.572 Y12.531
G1 F1800 X25.464 Y29.424 E2745.90184
G0 F3600 X26.03 Y29.424
G1 F1800 X8.572 Y11.966 E2748.86456
G0 F3600 X8.572 Y11.4
G1 F1800 X26.596 Y29.424 E2751.92334
G0 F3600 X27.161 Y29.424
G1 F1800 X8.572 Y10.834 E2755.07808
G0 F3600 X8.572 Y10.269
G1 F1800 X27.727 Y29.424 E2758.32879
G0 F3600 X28.293 Y29.424
G1 F1800 X8.572 Y9.703 E2761.67556
G0 F3600 X8.572 Y9.137
G1 F1800 X28.858 Y29.424 E2765.11829
G0 F3600 X29.424 Y29.424
G1 F1800 X8.572 Y8.572 E2768.65699
G0 F3600 X8.572 Y8.006
G1 F1800 X29.99 Y29.424 E2772.29175
G0 F3600 X30.555 Y29.424
G1 F1800 X8.572 Y7.44 E2776.02247
G0 F3600 X8.572 Y6.874
G1 F1800 X31.121 Y29.424 E2779.84925
G0 F3600 X31.687 Y29.424
G1 F1800 X8.572 Y6.309 E2783.77199
G0 F3600 X8.572 Y5.743
G1 F1800 X32.253 Y29.424 E2787.79079
G0 F3600 X32.818 Y29.424
G1 F1800 X8.572 Y5.177 E2791.90556
G0 F3600 X8.572 Y4.612
G1 F1800 X33.384 Y29.424 E2796.1163
G0 F3600 X33.95 Y29.424
G1 F1800 X8.572 Y4.046 E2800.42309
G0 F3600 X8.572 Y3.48
G1 F1800 X34.515 Y29.424 E2804.82584
G0 F3600 X35.081 Y29.424
G1 F1800 X8.572 Y2.915 E2809.32457
G0 F3600 X8.572 Y2.349
G1 F1800 X35.647 Y29.424 E2813.91935
G0 F3600 X36.212 Y29.424
G1 F1800 X8.572 Y1.783 E2818.6101
G0 F3600 X8.572 Y1.218
G1 F1800 X36.778 Y29.424 E2823.39682
G0 F3600 X37.344 Y29.424
G1 F1800 X8.572 Y0.652 E2828.27959
G0 F3600 X8.572 Y0.086
G1 F1800 X37.909 Y29.424 E2833.25832
G0 F3600 X38.475 Y29.424
G1 F1800 X8.572 Y-.479 E2838.33303
G0 F3600 X8.572 Y-1.045
G1 F1800 X39.041 Y29.424 E2843.50379
G0 F3600 X39.606 Y29.424
G1 F1800 X8.572 Y-1.611 E2848.77052
G0 F3600 X8.572 Y-2.176
G1 F1800 X40.172 Y29.424 E2854.13322
G0 F3600 X40.738 Y29.424
G1 F1800 X8.572 Y-2.742 E2859.59197
G0 F3600 X8.572 Y-3.308
G1 F1800 X41.304 Y29.424 E2865.14678
G0 F3600 X41.869 Y29.424
G1 F1800 X8.572 Y-3.874 E2870.79755
G0 F3600 X8.572 Y-4.439
G1 F1800 X42.435 Y29.424 E2876.54429
G0 F3600 X43.001 Y29.424
G1 F1800 X8.572 Y-5.005 E2882.38709
G0 F3600 X8.572 Y-5.571
G1 F1800 X43.566 Y29.424 E2888.32585
G0 F3600 X44.132 Y29.424
G1 F1800 X8.572 Y-6.136 E2894.36058
G0 F3600 X8.572 Y-6.702
G1 F1800 X44.698 Y29.424 E2900.49137
G0 F3600 X45.263 Y29.424
G1 F1800 X8.572 Y-7.268 E2906.71812
G0 F3600 X8.572 Y-7.833
G1 F1800 X45.829 Y29.424 E2913.04084
G0 F3600 X46.395 Y29.424
G1 F1800 X8.572 Y-8.399 E2919.45962
G0 F3600 X8.572 Y-8.965
G1 F1800 X46.96 Y29.424 E2925.97436
G0 F3600 X47.526 Y29.424
G1 F1800 X8.572 Y-9.53 E2932.58508
G0 F3600 X8.572 Y-10.096
G1 F1800 X48.092 Y29.424 E2939.29184
G0 F3600 X48.657 Y29.424
G1 F1800 X8.572 Y-10.662 E2946.09458
G0 F3600 X8.572 Y-11.227
G1 F1800 X49.223 Y29.424 E2952.99328
G0 F3600 X49.789 Y29.424
G1 F1800 X8.572 Y-11.793 E2959.98804
G0 F3600 X8.572 Y-12.359
G1 F1800 X50.354 Y29.424 E2967.07876
G0 F3600 X50.92 Y29.424
G1 F1800 X8.572 Y-12.924 E2974.26546
G0 F3600 X8.572 Y-13.49
G1 F1800 X51.486 Y29.424 E2981.54821
G0 F3600 X52.052 Y29.424
G1 F1800 X8.572 Y-14.056 E2988.92701
G0 F3600 X8.572 Y-14.622
G1 F1800 X52.617 Y29.424 E2996.40178
G0 F3600 X53.183 Y29.424
G1 F1800 X8.572 Y-15.187 E3003.97251
G0 F3600 X8.572 Y-15.753
G1 F1800 X53.749 Y29.424 E3011.6393
G0 F3600 X54.314 Y29.424
G1 F1800 X8.572 Y-16.319 E3019.40206
G0 F3600 X8.572 Y-16.884
G1 F1800 X54.88 Y29.424 E3027.26079
G0 F3600 X55.446 Y29.424
G1 F1800 X8.572 Y-17.45 E3035.21557
G0 F3600 X8.572 Y-18.016
G1 F1800 X56.011 Y29.424 E3043.26632
G0 F3600 X56.577 Y29.424
G1 F1800 X8.572 Y-18.581 E3051.41304
G0 F3600 X8.572 Y-19.147
G1 F1800 X57.143 Y29.424 E3059.65581
G0 F3600 X57.708 Y29.424
G1 F1800 X8.572 Y-19.713 E3067.99455
G0 F3600 X8.572 Y-20.278
G1 F1800 X58.274 Y29.424 E3076.42926
G0 F3600 X58.84 Y29.424
G1 F1800 X8.572 Y-20.844 E3084.96003
G0 F3600 X8.572 Y-21.41
G1 F1800 X59.405 Y29.424 E3093.58676
G0 F3600 X59.971 Y29.424
G1 F1800 X8.572 Y-21.975 E3102.30946
G0 F3600 X8.572 Y-22.541
G1 F1800 X60.537 Y29.424 E3111.12821
G0 F3600 X61.103 Y29.424
G1 F1800 X8.572 Y-23.107 E3120.04302
G0 F3600 X8.572 Y-23.673
G1 F1800 X61.668 Y29.424 E3129.05379
G0 F3600 X62.234 Y29.424
G1 F1800 X8.572 Y-24.238 E3138.16053
G0 F3600 X8.572 Y-24.804
G1 F1800 X62.8 Y29.424 E3147.36333
G0 F3600 X63.365 Y29.424
G1 F1800 X8.572 Y-25.37 E3156.6621
G0 F3600 X8.572 Y-25.935
G1 F1800 X63.931 Y29.424 E3166.05683
G0 F3600 X64.497 Y29.424
G1 F1800 X8.572 Y-26.501 E3175.54762
G0 F3600 X8.572 Y-27.067
G1 F1800 X65.062 Y29.424 E3185.13437
G0 F3600 X65.628 Y29.424
G1 F1800 X8.572 Y-27.632 E3194.8171
G0 F3600 X8.572 Y-28.198
G1 F1800 X66.194 Y29.424 E3204.59588
G0 F3600 X66.759 Y29.424
G1 F1800 X8.572 Y-28.764 E3214.47062
G0 F3600 X8.572 Y-29.329
G1 F1800 X67.325 Y29.424 E3224.44134
G0 F3600 X67.891 Y29.424
G1 F1800 X8.572 Y-29.895 E3234.5081
G0 F3600 X8.572 Y-30.461
G1 F1800 X68.456 Y29.424 E3244.67084
G0 F3600 X69.022 Y29.424
G1 F1800 X8.572 Y-31.026 E3254.92955
G0 F3600 X8.572 Y-31.592
G1 F1800 X69.588 Y29.424 E3265.2843
G0 F3600 X70.153 Y29.424
G1 F1800 X8.572 Y-32.158 E3275.73503
G0 F3600 X8.572 Y-32.723
G1 F1800 X70.719 Y29.424 E3286.28173
G0 F3600 X71.285 Y29.424
G1 F1800 X8.572 Y-33.289 E3296.92448
G0 F3600 X8.572 Y-33.855
G1 F1800 X71.851 Y29.424 E3307.66328
G0 F3600 X72.208 Y29.216
G1 F1800 X8.78 Y-34.212 E3318.42737
G0 F3600 X9.346 Y-34.212
G1 F1800 X72.208 Y28.651 E3329.09549
G0 F3600 X72.208 Y28.085
G1 F1800 X9.912 Y-34.212 E3339.66755
G0 F3600 X10.477 Y-34.212
G1 F1800 X72.208 Y27.519 E3350.14365
G0 F3600 X72.208 Y26.953
G1 F1800 X11.043 Y-34.212 E3360.5237
G0 F3600 X11.609 Y-34.212
G1 F1800 X72.208 Y26.388 E3370.80777
G0 F3600 X72.208 Y25.822
G1 F1800 X12.174 Y-34.212 E3380.99588
G0 F3600 X12.74 Y-34.212
G1 F1800 X72.208 Y25.256 E3391.08793
G0 F3600 X72.208 Y24.691
G1 F1800 X13.306 Y-34.212 E3401.08402
G0 F3600 X13.871 Y-34.212
G1 F1800 X72.208 Y24.125 E3410.98414
G0 F3600 X72.208 Y23.559
G1 F1800 X14.437 Y-34.212 E3420.7882
G0 F3600 X15.003 Y-34.212
G1 F1800 X72.208 Y22.994 E3430.4963
G0 F3600 X72.208 Y22.428
G1 F1800 X15.568 Y-34.212 E3440.10842
G0 F3600 X16.134 Y-34.212
G1 F1800 X72.208 Y21.862 E3449.6245
G0 F3600 X72.208 Y21.297
G1 F1800 X16.7 Y-34.212 E3459.0446
G0 F3600 X17.265 Y-34.212
G1 F1800 X72.208 Y20.731 E3468.36874
G0 F3600 X72.208 Y20.165
G1 F1800 X17.831 Y-34.212 E3477.59682
G0 F3600 X18.397 Y-34.212
G1 F1800 X72.208 Y19.6 E3486.72894
G0 F3600 X72.208 Y19.034
G1 F1800 X18.962 Y-34.212 E3495.76508
G0 F3600 X19.528 Y-34.212
G1 F1800 X72.208 Y18.468 E3504.70517
G0 F3600 X72.208 Y17.903
G1 F1800 X20.094 Y-34.212 E3513.5493
G0 F3600 X20.66 Y-34.212
G1 F1800 X72.208 Y17.337 E3522.29737
G0 F3600 X72.208 Y16.771
G1 F1800 X21.225 Y-34.212 E3530.94947
G0 F3600 X21.791 Y-34.212
G1 F1800 X72.208 Y16.205 E3539.50552
G0 F3600 X72.208 Y15.64
G1 F1800 X22.357 Y-34.212 E3547.9656
G0 F3600 X22.922 Y-34.212
G1 F1800 X72.208 Y15.074 E3556.32971
G0 F3600 X72.208 Y14.508
G1 F1800 X23.488 Y-34.212 E3564.59777
G0 F3600 X24.054 Y-34.212
G1 F1800 X72.208 Y13.943 E3572.76986
G0 F3600 X72.208 Y13.377
G1 F1800 X24.619 Y-34.212 E3580.84598
G0 F3600 X25.185 Y-34.212
G1 F1800 X72.208 Y12.811 E3588.82605
G0 F3600 X72.208 Y12.246
G1 F1800 X25.751 Y-34.212 E3596.71015
G0 F3600 X26.316 Y-34.212
G1 F1800 X72.208 Y11.68 E3604.49828
G0 F3600 X72.208 Y11.114
G1 F1800 X26.882 Y-34.212 E3612.19035
G0 F3600 X27.448 Y-34.212
G1 F1800 X72.208 Y10.549 E3619.78646
G0 F3600 X72.208 Y9.983
G1 F1800 X28.013 Y-34.212 E3627.2866
G0 F3600 X28.579 Y-34.212
G1 F1800 X72.208 Y9.417 E3634.69069
G0 F3600 X72.208 Y8.852
G1 F1800 X29.145 Y-34.212 E3641.99881
G0 F3600 X29.711 Y-34.212
G1 F1800 X72.208 Y8.286 E3649.21087
G0 F3600 X72.208 Y7.72
G1 F1800 X30.276 Y-34.212 E3656.32697
G0 F3600 X30.842 Y-34.212
G1 F1800 X72.208 Y7.155 E3663.3471
G0 F3600 X72.208 Y6.589
G1 F1800 X31.408 Y-34.212 E3670.27117
G0 F3600 X31.973 Y-34.212
G1 F1800 X72.208 Y6.023 E3677.09928
G0 F3600 X72.208 Y5.457
G1 F1800 X32.539 Y-34.212 E3683.83133
G0 F3600 X33.105 Y-34.212
G1 F1800 X72.208 Y4.892 E3690.46741
G0 F3600 X72.208 Y4.326
G1 F1800 X33.67 Y-34.212 E3697.00753
G0 F3600 X34.236 Y-34.212
G1 F1800 X72.208 Y3.76 E3703.45159
G0 F3600 X72.208 Y3.195
G1 F1800 X34.802 Y-34.212 E3709.79969
G0 F3600 X35.367 Y-34.212
G1 F1800 X72.208 Y2.629 E3716.05181
G0 F3600 X72.208 Y2.063
G1 F1800 X35.933 Y-34.212 E3722.20788
G0 F3600 X36.499 Y-34.212
G1 F1800 X72.208 Y1.498 E3728.26799
G0 F3600 X72.208 Y0.932
G1 F1800 X37.064 Y-34.212 E3734.23212
G0 F3600 X37.63 Y-34.212
G1 F1800 X72.208 Y0.366 E3740.1002
G0 F3600 X72.208 Y-.199
G1 F1800 X38.196 Y-34.212 E3745.87231
G0 F3600 X38.761 Y-34.212
G1 F1800 X72.208 Y-.765 E3751.54846
G0 F3600 X72.208 Y-1.331
G1 F1800 X39.327 Y-34.212 E3757.12855
G0 F3600 X39.893 Y-34.212
G1 F1800 X72.208 Y-1.896 E3762.61267
G0 F3600 X72.208 Y-2.462
G1 F1800 X40.459 Y-34.212 E3768.00074
G0 F3600 X41.024 Y-34.212
G1 F1800 X72.208 Y-3.028 E3773.29284
G0 F3600 X72.208 Y-3.594
G1 F1800 X41.59 Y-34.212 E3778.48889
G0 F3600 X42.156 Y-34.212
G1 F1800 X72.208 Y-4.159 E3783.58896
G0 F3600 X72.208 Y-4.725
G1 F1800 X42.721 Y-34.212 E3788.59307
G0 F3600 X43.287 Y-34.212
G1 F1800 X72.208 Y-5.291 E3793.50113
G0 F3600 X72.208 Y-5.856
G1 F1800 X43.853 Y-34.212 E3798.31322
G0 F3600 X44.418 Y-34.212
G1 F1800 X72.208 Y-6.422 E3803.02934
G0 F3600 X72.208 Y-6.988
G1 F1800 X44.984 Y-34.212 E3807.6494
G0 F3600 X45.55 Y-34.212
G1 F1800 X72.208 Y-7.553 E3812.1735
G0 F3600 X72.208 Y-8.119
G1 F1800 X46.115 Y-34.212 E3816.60163
G0 F3600 X46.681 Y-34.212
G1 F1800 X72.208 Y-8.685 E3820.93371
G0 F3600 X72.208 Y-9.25
G1 F1800 X47.247 Y-34.212 E3825.16981
G0 F3600 X47.812 Y-34.212
G1 F1800 X72.208 Y-9.816 E3829.30995
G0 F3600 X72.208 Y-10.382
G1 F1800 X48.378 Y-34.212 E3833.35404
G0 F3600 X48.944 Y-34.212
G1 F1800 X72.208 Y-10.947 E3837.30215
G0 F3600 X72.208 Y-11.513
G1 F1800 X49.509 Y-34.212 E3841.1543
G0 F3600 X50.075 Y-34.212
G1 F1800 X72.208 Y-12.079 E3844.9104
G0 F3600 X72.208 Y-12.644
G1 F1800 X50.641 Y-34.212 E3848.57052
G0 F3600 X51.207 Y-34.212
G1 F1800 X72.208 Y-13.21 E3852.1346
G0 F3600 X72.208 Y-13.776
G1 F1800 X51.772 Y-34.212 E3855.6027
G0 F3600 X52.338 Y-34.212
G1 F1800 X72.208 Y-14.342 E3858.97475
G0 F3600 X72.208 Y-14.907
G1 F1800 X52.904 Y-34.212 E3862.25083
G0 F3600 X53.469 Y-34.212
G1 F1800 X72.208 Y-15.473 E3865.43095
G0 F3600 X72.208 Y-16.039
G1 F1800 X54.035 Y-34.212 E3868.51501
G0 F3600 X54.601 Y-34.212
G1 F1800 X72.208 Y-16.604 E3871.5031
G0 F3600 X72.208 Y-17.17
G1 F1800 X55.166 Y-34.212 E3874.39522
G0 F3600 X55.732 Y-34.212
G1 F1800 X72.208 Y-17.736 E3877.19129
G0 F3600 X72.208 Y-18.301
G1 F1800 X56.298 Y-34.212 E3879.89139
G0 F3600 X56.863 Y-34.212
G1 F1800 X72.208 Y-18.867 E3882.49553
G0 F3600 X72.208 Y-19.433
G1 F1800 X57.429 Y-34.212 E3885.00361
G0 F3600 X57.995 Y-34.212
G1 F1800 X72.208 Y-19.998 E3887.41572
G0 F3600 X72.208 Y-20.564
G1 F1800 X58.56 Y-34.212 E3889.73186
G0 F3600 X59.126 Y-34.212
G1 F1800 X72.208 Y-21.13 E3891.95195
G0 F3600 X72.208 Y-21.695
G1 F1800 X59.692 Y-34.212 E3894.07607
G0 F3600 X60.258 Y-34.212
G1 F1800 X72.208 Y-22.261 E3896.10414
G0 F3600 X72.208 Y-22.827
G1 F1800 X60.823 Y-34.212 E3898.03623
G0 F3600 X61.389 Y-34.212
G1 F1800 X72.208 Y-23.393 E3899.87228
G0 F3600 X72.208 Y-23.958
G1 F1800 X61.955 Y-34.212 E3901.61236
G0 F3600 X62.52 Y-34.212
G1 F1800 X72.208 Y-24.524 E3903.25646
G0 F3600 X72.208 Y-25.09
G1 F1800 X63.086 Y-34.212 E3904.80452
G0 F3600 X63.652 Y-34.212
G1 F1800 X72.208 Y-25.655 E3906.2566
G0 F3600 X72.208 Y-26.221
G1 F1800 X64.217 Y-34.212 E3907.61272
G0 F3600 X64.783 Y-34.212
G1 F1800 X72.208 Y-26.787 E3908.87279
G0 F3600 X72.208 Y-27.352
G1 F1800 X65.349 Y-34.212 E3910.03688
G0 F3600 X65.914 Y-34.212
G1 F1800 X72.208 Y-27.918 E3911.10501
G0 F3600 X72.208 Y-28.484
G1 F1800 X66.48 Y-34.212 E3912.07708
G0 F3600 X67.046 Y-34.212
G1 F1800 X72.208 Y-29.049 E3912.95319
G0 F3600 X72.208 Y-29.615
G1 F1800 X67.611 Y-34.212 E3913.73333
G0 F3600 X68.177 Y-34.212
G1 F1800 X72.208 Y-30.181 E3914.41741
G0 F3600 X72.208 Y-30.746
G1 F1800 X68.743 Y-34.212 E3915.00552
G0 F3600 X69.308 Y-34.212
G1 F1800 X72.208 Y-31.312 E3915.49767
G0 F3600 X72.208 Y-31.878
G1 F1800 X69.874 Y-34.212 E3915.89376
G0 F3600 X70.44 Y-34.212
G1 F1800 X72.208 Y-32.443 E3916.19389
G0 F3600 X72.208 Y-33.009
G1 F1800 X71.006 Y-34.212 E3916.39796
G0 F3600 X71.571 Y-34.212
G1 F1800 X72.208 Y-33.575 E3916.50606
G0 F3600 X72.208 Y-34.141
G1 F1800 X72.137 Y-34.212 E3916.51811
G0 F3600 X72.137 Y-34.184
G10
;MESH:NONMESH
G0 F600 Z0.5
G0 F3600 X7.816 Y30.182
G0 X6.727 Y30.182
G0 X-3.942 Y30.182
G0 X-5.037 Y30.182
G0 X-5.517 Y31.212
G0 X-5.204 Y31.492
;TIME_ELAPSED:1107.958617
;LAYER:1
M106 S255
;TYPE:WALL-INNER
;MESH:tapacarcvincha prueba 1.stl
G11
G1 F2700 X-5.204 Y-33.308 E3921.70211
G1 X-70.004 Y-33.308 E3926.88611
G1 X-70.004 Y31.492 E3932.07011
G1 X-5.204 Y31.492 E3937.25411
G0 F5400 X-4.804 Y31.892
;TYPE:WALL-OUTER
G1 F1800 X-4.804 Y-33.708 E3942.50211
G1 X-70.404 Y-33.708 E3947.75011
G1 X-70.404 Y31.892 E3952.99811
G1 X-4.804 Y31.892 E3958.24611
G0 F5400 X-4.804 Y31.692
G0 X-5.584 Y31.112
;TYPE:SKIN
G1 F1800 X-69.624 Y31.112 E3963.36931
G1 X-69.624 Y-32.928 E3968.49251
G1 X-5.584 Y-32.928 E3973.61571
G1 X-5.584 Y31.112 E3978.73891
G0 F5400 X-6.022 Y30.912
G1 F1800 X-5.784 Y30.674 E3978.76584
G0 F5400 X-5.784 Y30.109
G1 F1800 X-6.587 Y30.912 E3978.85669
G0 F5400 X-7.153 Y30.912
G1 F1800 X-5.784 Y29.543 E3979.01157
G0 F5400 X-5.784 Y28.977
G1 F1800 X-7.719 Y30.912 E3979.23049
G0 F5400 X-8.284 Y30.912
G1 F1800 X-5.784 Y28.412 E3979.51333
G0 F5400 X-5.784 Y27.846
G1 F1800 X-8.85 Y30.912 E3979.86021
G0 F5400 X-9.416 Y30.912
G1 F1800 X-5.784 Y27.28 E3980.27113
G0 F5400 X-5.784 Y26.714
G1 F1800 X-9.982 Y30.912 E3980.74608
G0 F5400 X-10.547 Y30.912
G1 F1800 X-5.784 Y26.149 E3981.28495
G0 F5400 X-5.784 Y25.583
G1 F1800 X-11.113 Y30.912 E3981.88785
G0 F5400 X-11.679 Y30.912
G1 F1800 X-5.784 Y25.017 E3982.5548
G0 F5400 X-5.784 Y24.452
G1 F1800 X-12.244 Y30.912 E3983.28566
G0 F5400 X-12.81 Y30.912
G1 F1800 X-5.784 Y23.886 E3984.08056
G0 F5400 X-5.784 Y23.32
G1 F1800 X-13.376 Y30.912 E3984.9395
G0 F5400 X-13.941 Y30.912
G1 F1800 X-5.784 Y22.755 E3985.86236
G0 F5400 X-5.784 Y22.189
G1 F1800 X-14.507 Y30.912 E3986.84926
G0 F5400 X-15.073 Y30.912
G1 F1800 X-5.784 Y21.623 E3987.90019
G0 F5400 X-5.784 Y21.058
G1 F1800 X-15.638 Y30.912 E3989.01504
G0 F5400 X-16.204 Y30.912
G1 F1800 X-5.784 Y20.492 E3990.19393
G0 F5400 X-5.784 Y19.926
G1 F1800 X-16.77 Y30.912 E3991.43685
G0 F5400 X-17.335 Y30.912
G1 F1800 X-5.784 Y19.361 E3992.7437
G0 F5400 X-5.784 Y18.795
G1 F1800 X-17.901 Y30.912 E3994.11458
G0 F5400 X-18.467 Y30.912
G1 F1800 X-5.784 Y18.229 E3995.5495
G0 F5400 X-5.784 Y17.664
G1 F1800 X-19.032 Y30.912 E3997.04834
G0 F5400 X-19.598 Y30.912
G1 F1800 X-5.784 Y17.098 E3998.61121
G0 F5400 X-5.784 Y16.532
G1 F1800 X-20.164 Y30.912 E4000.23812
G0 F5400 X-20.73 Y30.912
G1 F1800 X-5.784 Y15.966 E4001.92907
G0 F5400 X-5.784 Y15.401
G1 F1800 X-21.295 Y30.912 E4003.68394
G0 F5400 X-21.861 Y30.912
G1 F1800 X-5.784 Y14.835 E4005.50285
G0 F5400 X-5.784 Y14.269
G1 F1800 X-22.427 Y30.912 E4007.38579
G0 F5400 X-22.992 Y30.912
G1 F1800 X-5.784 Y13.704 E4009.33265
G0 F5400 X-5.784 Y13.138
G1 F1800 X-23.558 Y30.912 E4011.34355
G0 F5400 X-24.124 Y30.912
G1 F1800 X-5.784 Y12.572 E4013.41848
G0 F5400 X-5.784 Y12.007
G1 F1800 X-24.689 Y30.912 E4015.55734
G0 F5400 X-25.255 Y30.912
G1 F1800 X-5.784 Y11.441 E4017.76023
G0 F5400 X-5.784 Y10.875
G1 F1800 X-25.821 Y30.912 E4020.02716
G0 F5400 X-26.386 Y30.912
G1 F1800 X-5.784 Y10.31 E4022.35801
G0 F5400 X-5.784 Y9.744
G1 F1800 X-26.952 Y30.912 E4024.75289
G0 F5400 X-27.518 Y30.912
G1 F1800 X-5.784 Y9.178 E4027.21182
G0 F5400 X-5.784 Y8.613
G1 F1800 X-28.083 Y30.912 E4029.73466
G0 F5400 X-28.649 Y30.912
G1 F1800 X-5.784 Y8.047 E4032.32154
G0 F5400 X-5.784 Y7.481
G1 F1800 X-29.215 Y30.912 E4034.97245
G0 F5400 X-29.781 Y30.912
G1 F1800 X-5.784 Y6.916 E4037.68735
G0 F5400 X-5.784 Y6.35
G1 F1800 X-30.346 Y30.912 E4040.46622
G0 F5400 X-30.912 Y30.912
G1 F1800 X-5.784 Y5.784 E4043.30913
G0 F5400 X-5.784 Y5.218
G1 F1800 X-31.478 Y30.912 E4046.21607
G0 F5400 X-32.043 Y30.912
G1 F1800 X-5.784 Y4.653 E4049.18694
G0 F5400 X-5.784 Y4.087
G1 F1800 X-32.609 Y30.912 E4052.22184
G0 F5400 X-33.175 Y30.912
G1 F1800 X-5.784 Y3.521 E4055.32078
G0 F5400 X-5.784 Y2.956
G1 F1800 X-33.74 Y30.912 E4058.48364
G0 F5400 X-34.306 Y30.912
G1 F1800 X-5.784 Y2.39 E4061.71054
G0 F5400 X-5.784 Y1.824
G1 F1800 X-34.872 Y30.912 E4065.00147
G0 F5400 X-35.437 Y30.912
G1 F1800 X-5.784 Y1.259 E4068.35632
G0 F5400 X-5.784 Y0.693
G1 F1800 X-36.003 Y30.912 E4071.77521
G0 F5400 X-36.569 Y30.912
G1 F1800 X-5.784 Y0.127 E4075.25814
G0 F5400 X-5.784 Y-.438
G1 F1800 X-37.134 Y30.912 E4078.80498
G0 F5400 X-37.7 Y30.912
G1 F1800 X-5.784 Y-1.004 E4082.41587
G0 F5400 X-5.784 Y-1.57
G1 F1800 X-38.266 Y30.912 E4086.09079
G0 F5400 X-38.831 Y30.912
G1 F1800 X-5.784 Y-2.135 E4089.82963
G0 F5400 X-5.784 Y-2.701
G1 F1800 X-39.397 Y30.912 E4093.6325
G0 F5400 X-39.963 Y30.912
G1 F1800 X-5.784 Y-3.267 E4097.49942
G0 F5400 X-5.784 Y-3.833
G1 F1800 X-40.529 Y30.912 E4101.43037
G0 F5400 X-41.094 Y30.912
G1 F1800 X-5.784 Y-4.398 E4105.42524
G0 F5400 X-5.784 Y-4.964
G1 F1800 X-41.66 Y30.912 E4109.48414
G0 F5400 X-42.226 Y30.912
G1 F1800 X-5.784 Y-5.53 E4113.60708
G0 F5400 X-5.784 Y-6.095
G1 F1800 X-42.791 Y30.912 E4117.79395
G0 F5400 X-43.357 Y30.912
G1 F1800 X-5.784 Y-6.661 E4122.04485
G0 F5400 X-5.784 Y-7.227
G1 F1800 X-43.923 Y30.912 E4126.35978
G0 F5400 X-44.488 Y30.912
G1 F1800 X-5.784 Y-7.792 E4130.73864
G0 F5400 X-5.784 Y-8.358
G1 F1800 X-45.054 Y30.912 E4135.18153
G0 F5400 X-45.62 Y30.912
G1 F1800 X-5.784 Y-8.924 E4139.68846
G0 F5400 X-5.784 Y-9.489
G1 F1800 X-46.185 Y30.912 E4144.25931
G0 F5400 X-46.751 Y30.912
G1 F1800 X-5.784 Y-10.055 E4148.8942
G0 F5400 X-5.784 Y-10.621
G1 F1800 X-47.317 Y30.912 E4153.59312
G0 F5400 X-47.882 Y30.912
G1 F1800 X-5.784 Y-11.186 E4158.35597
G0 F5400 X-5.784 Y-11.752
G1 F1800 X-48.448 Y30.912 E4163.18285
G0 F5400 X-49.014 Y30.912
G1 F1800 X-5.784 Y-12.318 E4168.07377
G0 F5400 X-5.784 Y-12.883
G1 F1800 X-49.579 Y30.912 E4173.0286
G0 F5400 X-50.145 Y30.912
G1 F1800 X-5.784 Y-13.449 E4178.04748
G0 F5400 X-5.784 Y-14.015
G1 F1800 X-50.711 Y30.912 E4183.13039
G0 F5400 X-51.277 Y30.912
G1 F1800 X-5.784 Y-14.581 E4188.27733
G0 F5400 X-5.784 Y-15.146
G1 F1800 X-51.842 Y30.912 E4193.4882
G0 F5400 X-52.408 Y30.912
G1 F1800 X-5.784 Y-15.712 E4198.7631
G0 F5400 X-5.784 Y-16.278
G1 F1800 X-52.974 Y30.912 E4204.10204
G0 F5400 X-53.539 Y30.912
G1 F1800 X-5.784 Y-16.843 E4209.50491
G0 F5400 X-5.784 Y-17.409
G1 F1800 X-54.105 Y30.912 E4214.9718
G0 F5400 X-54.671 Y30.912
G1 F1800 X-5.784 Y-17.975 E4220.50274
G0 F5400 X-5.784 Y-18.54
G1 F1800 X-55.236 Y30.912 E4226.09759
G0 F5400 X-55.802 Y30.912
G1 F1800 X-5.784 Y-19.106 E4231.75648
G0 F5400 X-5.784 Y-19.672
G1 F1800 X-56.368 Y30.912 E4237.47941
G0 F5400 X-56.933 Y30.912
G1 F1800 X-5.784 Y-20.237 E4243.26626
G0 F5400 X-5.784 Y-20.803
G1 F1800 X-57.499 Y30.912 E4249.11714
G0 F5400 X-58.065 Y30.912
G1 F1800 X-5.784 Y-21.369 E4255.03206
G0 F5400 X-5.784 Y-21.934
G1 F1800 X-58.63 Y30.912 E4261.0109
G0 F5400 X-59.196 Y30.912
G1 F1800 X-5.784 Y-22.5 E4267.05378
G0 F5400 X-5.784 Y-23.066
G1 F1800 X-59.762 Y30.912 E4273.16069
G0 F5400 X-60.328 Y30.912
G1 F1800 X-5.784 Y-23.632 E4279.33164
G0 F5400 X-5.784 Y-24.197
G1 F1800 X-60.893 Y30.912 E4285.56651
G0 F5400 X-61.459 Y30.912
G1 F1800 X-5.784 Y-24.763 E4291.86542
G0 F5400 X-5.784 Y-25.329
G1 F1800 X-62.025 Y30.912 E4298.22836
G0 F5400 X-62.59 Y30.912
G1 F1800 X-5.784 Y-25.894 E4304.65523
G0 F5400 X-5.784 Y-26.46
G1 F1800 X-63.156 Y30.912 E4311.14613
G0 F5400 X-63.722 Y30.912
G1 F1800 X-5.784 Y-27.026 E4317.70107
G0 F5400 X-5.784 Y-27.591
G1 F1800 X-64.287 Y30.912 E4324.31993
G0 F5400 X-64.853 Y30.912
G1 F1800 X-5.784 Y-28.157 E4331.00282
G0 F5400 X-5.784 Y-28.723
G1 F1800 X-65.419 Y30.912 E4337.74975
G0 F5400 X-65.984 Y30.912
G1 F1800 X-5.784 Y-29.288 E4344.5606
G0 F5400 X-5.784 Y-29.854
G1 F1800 X-66.55 Y30.912 E4351.43549
G0 F5400 X-67.116 Y30.912
G1 F1800 X-5.784 Y-30.42 E4358.37442
G0 F5400 X-5.784 Y-30.985
G1 F1800 X-67.681 Y30.912 E4365.37726
G0 F5400 X-68.247 Y30.912
G1 F1800 X-5.784 Y-31.551 E4372.44414
G0 F5400 X-5.784 Y-32.117
G1 F1800 X-68.813 Y30.912 E4379.57506
G0 F5400 X-69.378 Y30.912
G1 F1800 X-5.784 Y-32.682 E4386.7699
G0 F5400 X-6.305 Y-32.728
G1 F1800 X-69.424 Y30.391 E4393.911
G0 F5400 X-69.424 Y29.826
G1 F1800 X-6.87 Y-32.728 E4400.98818
G0 F5400 X-7.436 Y-32.728
G1 F1800 X-69.424 Y29.26 E4408.00132
G0 F5400 X-69.424 Y28.694
G1 F1800 X-8.002 Y-32.728 E4414.95042
G0 F5400 X-8.567 Y-32.728
G1 F1800 X-69.424 Y28.129 E4421.83561
G0 F5400 X-69.424 Y27.563
G1 F1800 X-9.133 Y-32.728 E4428.65676
G0 F5400 X-9.699 Y-32.728
G1 F1800 X-69.424 Y26.997 E4435.41387
G0 F5400 X-69.424 Y26.432
G1 F1800 X-10.264 Y-32.728 E4442.10706
G0 F5400 X-10.83 Y-32.728
G1 F1800 X-69.424 Y25.866 E4448.73621
G0 F5400 X-69.424 Y25.3
G1 F1800 X-11.396 Y-32.728 E4455.30133
G0 F5400 X-11.961 Y-32.728
G1 F1800 X-69.424 Y24.735 E4461.80253
G0 F5400 X-69.424 Y24.169
G1 F1800 X-12.527 Y-32.728 E4468.23969
G0 F5400 X-13.093 Y-32.728
G1 F1800 X-69.424 Y23.603 E4474.61281
G0 F5400 X-69.424 Y23.038
G1 F1800 X-13.658 Y-32.728 E4480.92202
G0 F5400 X-14.224 Y-32.728
G1 F1800 X-69.424 Y22.472 E4487.16718
G0 F5400 X-69.424 Y21.906
G1 F1800 X-14.79 Y-32.728 E4493.34832
G0 F5400 X-15.356 Y-32.728
G1 F1800 X-69.424 Y21.34 E4499.46541
G0 F5400 X-69.424 Y20.775
G1 F1800 X-15.921 Y-32.728 E4505.51858
G0 F5400 X-16.487 Y-32.728
G1 F1800 X-69.424 Y20.209 E4511.50772
G0 F5400 X-69.424 Y19.643
G1 F1800 X-17.053 Y-32.728 E4517.43282
G0 F5400 X-17.618 Y-32.728
G1 F1800 X-69.424 Y19.078 E4523.294
G0 F5400 X-69.424 Y18.512
G1 F1800 X-18.184 Y-32.728 E4529.09115
G0 F5400 X-18.75 Y-32.728
G1 F1800 X-69.424 Y17.946 E4534.82426
G0 F5400 X-69.424 Y17.381
G1 F1800 X-19.315 Y-32.728 E4540.49344
G0 F5400 X-19.881 Y-32.728
G1 F1800 X-69.424 Y16.815 E4546.09859
G0 F5400 X-69.424 Y16.249
G1 F1800 X-20.447 Y-32.728 E4551.63971
G0 F5400 X-21.012 Y-32.728
G1 F1800 X-69.424 Y15.684 E4557.1169
G0 F5400 X-69.424 Y15.118
G1 F1800 X-21.578 Y-32.728 E4562.53006
G0 F5400 X-22.144 Y-32.728
G1 F1800 X-69.424 Y14.552 E4567.87918
G0 F5400 X-69.424 Y13.987
G1 F1800 X-22.709 Y-32.728 E4573.16438
G0 F5400 X-23.275 Y-32.728
G1 F1800 X-69.424 Y13.421 E4578.38554
G0 F5400 X-69.424 Y12.855
G1 F1800 X-23.841 Y-32.728 E4583.54267
G0 F5400 X-24.406 Y-32.728
G1 F1800 X-69.424 Y12.29 E4588.63588
G0 F5400 X-69.424 Y11.724
G1 F1800 X-24.972 Y-32.728 E4593.66505
G0 F5400 X-25.538 Y-32.728
G1 F1800 X-69.424 Y11.158 E4598.63018
G0 F5400 X-69.424 Y10.592
G1 F1800 X-26.104 Y-32.728 E4603.53128
G0 F5400 X-26.669 Y-32.728
G1 F1800 X-69.424 Y10.027 E4608.36845
G0 F5400 X-69.424 Y9.461
G1 F1800 X-27.235 Y-32.728 E4613.14159
G0 F5400 X-27.801 Y-32.728
G1 F1800 X-69.424 Y8.895 E4617.8507
G0 F5400 X-69.424 Y8.33
G1 F1800 X-28.366 Y-32.728 E4622.49588
G0 F5400 X-28.932 Y-32.728
G1 F1800 X-69.424 Y7.764 E4627.07703
G0 F5400 X-69.424 Y7.198
G1 F1800 X-29.498 Y-32.728 E4631.59414
G0 F5400 X-30.063 Y-32.728
G1 F1800 X-69.424 Y6.633 E4636.04733
G0 F5400 X-69.424 Y6.067
G1 F1800 X-30.629 Y-32.728 E4640.43648
G0 F5400 X-31.195 Y-32.728
G1 F1800 X-69.424 Y5.501 E4644.7616
G0 F5400 X-69.424 Y4.936
G1 F1800 X-31.76 Y-32.728 E4649.02279
G0 F5400 X-32.326 Y-32.728
G1 F1800 X-69.424 Y4.37 E4653.21995
G0 F5400 X-69.424 Y3.804
G1 F1800 X-32.892 Y-32.728 E4657.35308
G0 F5400 X-33.457 Y-32.728
G1 F1800 X-69.424 Y3.239 E4661.42228
G0 F5400 X-69.424 Y2.673
G1 F1800 X-34.023 Y-32.728 E4665.42745
G0 F5400 X-34.589 Y-32.728
G1 F1800 X-69.424 Y2.107 E4669.36858
G0 F5400 X-69.424 Y1.541
G1 F1800 X-35.155 Y-32.728 E4673.24567
G0 F5400 X-35.72 Y-32.728
G1 F1800 X-69.424 Y0.976 E4677.05884
G0 F5400 X-69.424 Y0.41
G1 F1800 X-36.286 Y-32.728 E4680.80798
G0 F5400 X-36.852 Y-32.728
G1 F1800 X-69.424 Y-.156 E4684.49308
G0 F5400 X-69.424 Y-.721
G1 F1800 X-37.417 Y-32.728 E4688.11426
G0 F5400 X-37.983 Y-32.728
G1 F1800 X-69.424 Y-1.287 E4691.6714
G0 F5400 X-69.424 Y-1.853
G1 F1800 X-38.549 Y-32.728 E4695.16451
G0 F5400 X-39.114 Y-32.728
G1 F1800 X-69.424 Y-2.418 E4698.5937
G0 F5400 X-69.424 Y-2.984
G1 F1800 X-39.68 Y-32.728 E4701.95884
G0 F5400 X-40.246 Y-32.728
G1 F1800 X-69.424 Y-3.55 E4705.25996
G0 F5400 X-69.424 Y-4.115
G1 F1800 X-40.811 Y-32.728 E4708.49715
G0 F5400 X-41.377 Y-32.728
G1 F1800 X-69.424 Y-4.681 E4711.67031
G0 F5400 X-69.424 Y-5.247
G1 F1800 X-41.943 Y-32.728 E4714.77943
G0 F5400 X-42.508 Y-32.728
G1 F1800 X-69.424 Y-5.812 E4717.82462
G0 F5400 X-69.424 Y-6.378
G1 F1800 X-43.074 Y-32.728 E4720.80579
G0 F5400 X-43.64 Y-32.728
G1 F1800 X-69.424 Y-6.944 E4723.72291
G0 F5400 X-69.424 Y-7.509
G1 F1800 X-44.205 Y-32.728 E4726.57612
G0 F5400 X-44.771 Y-32.728
G1 F1800 X-69.424 Y-8.075 E4729.36529
G0 F5400 X-69.424 Y-8.641
G1 F1800 X-45.337 Y-32.728 E4732.09042
G0 F5400 X-45.903 Y-32.728
G1 F1800 X-69.424 Y-9.207 E4734.75152
G0 F5400 X-69.424 Y-9.772
G1 F1800 X-46.468 Y-32.728 E4737.34869
G0 F5400 X-47.034 Y-32.728
G1 F1800 X-69.424 Y-10.338 E4739.88183
G0 F5400 X-69.424 Y-10.904
G1 F1800 X-47.6 Y-32.728 E4742.35093
G0 F5400 X-48.165 Y-32.728
G1 F1800 X-69.424 Y-11.469 E4744.75611
G0 F5400 X-69.424 Y-12.035
G1 F1800 X-48.731 Y-32.728 E4747.09726
G0 F5400 X-49.297 Y-32.728
G1 F1800 X-69.424 Y-12.601 E4749.37437
G0 F5400 X-69.424 Y-13.166
G1 F1800 X-49.862 Y-32.728 E4751.58756
G0 F5400 X-50.428 Y-32.728
G1 F1800 X-69.424 Y-13.732 E4753.73671
G0 F5400 X-69.424 Y-14.298
G1 F1800 X-50.994 Y-32.728 E4755.82183
G0 F5400 X-51.559 Y-32.728
G1 F1800 X-69.424 Y-14.863 E4757.84302
G0 F5400 X-69.424 Y-15.429
G1 F1800 X-52.125 Y-32.728 E4759.80018
G0 F5400 X-52.691 Y-32.728
G1 F1800 X-69.424 Y-15.995 E4761.6933
G0 F5400 X-69.424 Y-16.56
G1 F1800 X-53.256 Y-32.728 E4763.5225
G0 F5400 X-53.822 Y-32.728
G1 F1800 X-69.424 Y-17.126 E4765.28767
G0 F5400 X-69.424 Y-17.692
G1 F1800 X-54.388 Y-32.728 E4766.9888
G0 F5400 X-54.954 Y-32.728
G1 F1800 X-69.424 Y-18.257 E4768.62595
G0 F5400 X-69.424 Y-18.823
G1 F1800 X-55.519 Y-32.728 E4770.19912
G0 F5400 X-56.085 Y-32.728
G1 F1800 X-69.424 Y-19.389 E4771.70825
G0 F5400 X-69.424 Y-19.955
G1 F1800 X-56.651 Y-32.728 E4773.15335
G0 F5400 X-57.216 Y-32.728
G1 F1800 X-69.424 Y-20.52 E4774.53453
G0 F5400 X-69.424 Y-21.086
G1 F1800 X-57.782 Y-32.728 E4775.85167
G0 F5400 X-58.348 Y-32.728
G1 F1800 X-69.424 Y-21.652 E4777.10478
G0 F5400 X-69.424 Y-22.217
G1 F1800 X-58.913 Y-32.728 E4778.29396
G0 F5400 X-59.479 Y-32.728
G1 F1800 X-69.424 Y-22.783 E4779.41911
G0 F5400 X-69.424 Y-23.349
G1 F1800 X-60.045 Y-32.728 E4780.48022
G0 F5400 X-60.61 Y-32.728
G1 F1800 X-69.424 Y-23.914 E4781.47741
G0 F5400 X-69.424 Y-24.48
G1 F1800 X-61.176 Y-32.728 E4782.41057
G0 F5400 X-61.742 Y-32.728
G1 F1800 X-69.424 Y-25.046 E4783.27969
G0 F5400 X-69.424 Y-25.611
G1 F1800 X-62.307 Y-32.728 E4784.08489
G0 F5400 X-62.873 Y-32.728
G1 F1800 X-69.424 Y-26.177 E4784.82605
G0 F5400 X-69.424 Y-26.743
G1 F1800 X-63.439 Y-32.728 E4785.50317
G0 F5400 X-64.004 Y-32.728
G1 F1800 X-69.424 Y-27.308 E4786.11637
G0 F5400 X-69.424 Y-27.874
G1 F1800 X-64.57 Y-32.728 E4786.66554
G0 F5400 X-65.136 Y-32.728
G1 F1800 X-69.424 Y-28.44 E4787.15067
G0 F5400 X-69.424 Y-29.006
G1 F1800 X-65.702 Y-32.728 E4787.57177
G0 F5400 X-66.267 Y-32.728
G1 F1800 X-69.424 Y-29.571 E4787.92894
G0 F5400 X-69.424 Y-30.137
G1 F1800 X-66.833 Y-32.728 E4788.22208
G0 F5400 X-67.399 Y-32.728
G1 F1800 X-69.424 Y-30.703 E4788.45118
G0 F5400 X-69.424 Y-31.268
G1 F1800 X-67.964 Y-32.728 E4788.61636
G0 F5400 X-68.53 Y-32.728
G1 F1800 X-69.424 Y-31.834 E4788.71751
G0 F5400 X-69.424 Y-32.4
G1 F1800 X-69.096 Y-32.728 E4788.75462
G0 F5400 X-69.096 Y-32.698
G10
;MESH:base carc vincha prueba 1.stl
G0 X-5.037 Y29.726
G0 X-3.942 Y29.726
G0 X6.727 Y29.726
G0 X7.822 Y29.726
G0 X72.482 Y29.726
G0 X72.791 Y30.004
;TYPE:WALL-INNER
G11
G1 F2700 X72.791 Y-34.792 E4793.9383
G1 X7.992 Y-34.792 E4799.12222
G1 X7.992 Y30.004 E4804.3059
G1 X72.791 Y30.004 E4809.48982
G0 F5400 X73.191 Y30.404
;TYPE:WALL-OUTER
G1 F1800 X73.191 Y-35.192 E4814.7375
G1 X7.592 Y-35.192 E4819.98542
G1 X7.592 Y30.404 E4825.2331
G1 X73.191 Y30.404 E4830.48102
G0 F5400 X73.191 Y30.204
G0 X72.408 Y29.624
;TYPE:SKIN
G1 F1800 X8.372 Y29.624 E4835.6039
G1 X8.372 Y-34.412 E4840.72678
G1 X72.408 Y-34.412 E4845.84966
G1 X72.408 Y29.624 E4850.97254
G0 F5400 X72.208 Y29.05
G1 F1800 X71.834 Y29.424 E4851.01485
G0 F5400 X71.268 Y29.424
G1 F1800 X72.208 Y28.484 E4851.1212
G0 F5400 X72.208 Y27.919
G1 F1800 X70.702 Y29.424 E4851.29153
G0 F5400 X70.137 Y29.424
G1 F1800 X72.208 Y27.353 E4851.52584
G0 F5400 X72.208 Y26.787
G1 F1800 X69.571 Y29.424 E4851.82418
G0 F5400 X69.005 Y29.424
G1 F1800 X72.208 Y26.222 E4852.1865
G0 F5400 X72.208 Y25.656
G1 F1800 X68.439 Y29.424 E4852.61286
G0 F5400 X67.874 Y29.424
G1 F1800 X72.208 Y25.09 E4853.10319
G0 F5400 X72.208 Y24.525
G1 F1800 X67.308 Y29.424 E4853.65751
G0 F5400 X66.742 Y29.424
G1 F1800 X72.208 Y23.959 E4854.27586
G0 F5400 X72.208 Y23.393
G1 F1800 X66.177 Y29.424 E4854.95819
G0 F5400 X65.611 Y29.424
G1 F1800 X72.208 Y22.828 E4855.7045
G0 F5400 X72.208 Y22.262
G1 F1800 X65.045 Y29.424 E4856.51484
G0 F5400 X64.48 Y29.424
G1 F1800 X72.208 Y21.696 E4857.38916
G0 F5400 X72.208 Y21.13
G1 F1800 X63.914 Y29.424 E4858.32752
G0 F5400 X63.348 Y29.424
G1 F1800 X72.208 Y20.565 E4859.32986
G0 F5400 X72.208 Y19.999
G1 F1800 X62.783 Y29.424 E4860.39618
G0 F5400 X62.217 Y29.424
G1 F1800 X72.208 Y19.433 E4861.52653
G0 F5400 X72.208 Y18.868
G1 F1800 X61.651 Y29.424 E4862.72086
G0 F5400 X61.086 Y29.424
G1 F1800 X72.208 Y18.302 E4863.97917
G0 F5400 X72.208 Y17.736
G1 F1800 X60.52 Y29.424 E4865.30152
G0 F5400 X59.954 Y29.424
G1 F1800 X72.208 Y17.171 E4866.68785
G0 F5400 X72.208 Y16.605
G1 F1800 X59.388 Y29.424 E4868.13821
G0 F5400 X58.823 Y29.424
G1 F1800 X72.208 Y16.039 E4869.65255
G0 F5400 X72.208 Y15.474
G1 F1800 X58.257 Y29.424 E4871.23086
G0 F5400 X57.691 Y29.424
G1 F1800 X72.208 Y14.908 E4872.87322
G0 F5400 X72.208 Y14.342
G1 F1800 X57.126 Y29.424 E4874.57955
G0 F5400 X56.56 Y29.424
G1 F1800 X72.208 Y13.777 E4876.34987
G0 F5400 X72.208 Y13.211
G1 F1800 X55.994 Y29.424 E4878.18421
G0 F5400 X55.429 Y29.424
G1 F1800 X72.208 Y12.645 E4880.08254
G0 F5400 X72.208 Y12.08
G1 F1800 X54.863 Y29.424 E4882.04485
G0 F5400 X54.297 Y29.424
G1 F1800 X72.208 Y11.514 E4884.07119
G0 F5400 X72.208 Y10.948
G1 F1800 X53.732 Y29.424 E4886.16151
G0 F5400 X53.166 Y29.424
G1 F1800 X72.208 Y10.382 E4888.31587
G0 F5400 X72.208 Y9.817
G1 F1800 X52.6 Y29.424 E4890.5342
G0 F5400 X52.035 Y29.424
G1 F1800 X72.208 Y9.251 E4892.81652
G0 F5400 X72.208 Y8.685
G1 F1800 X51.469 Y29.424 E4895.16287
G0 F5400 X50.903 Y29.424
G1 F1800 X72.208 Y8.12 E4897.57319
G0 F5400 X72.208 Y7.554
G1 F1800 X50.338 Y29.424 E4900.0475
G0 F5400 X49.772 Y29.424
G1 F1800 X72.208 Y6.988 E4902.58585
G0 F5400 X72.208 Y6.423
G1 F1800 X49.206 Y29.424 E4905.18817
G0 F5400 X48.64 Y29.424
G1 F1800 X72.208 Y5.857 E4907.85453
G0 F5400 X72.208 Y5.291
G1 F1800 X48.075 Y29.424 E4910.58486
G0 F5400 X47.509 Y29.424
G1 F1800 X72.208 Y4.726 E4913.37918
G0 F5400 X72.208 Y4.16
G1 F1800 X46.943 Y29.424 E4916.23753
G0 F5400 X46.378 Y29.424
G1 F1800 X72.208 Y3.594 E4919.15986
G0 F5400 X72.208 Y3.029
G1 F1800 X45.812 Y29.424 E4922.14617
G0 F5400 X45.246 Y29.424
G1 F1800 X72.208 Y2.463 E4925.19652
G0 F5400 X72.208 Y1.897
G1 F1800 X44.681 Y29.424 E4928.31084
G0 F5400 X44.115 Y29.424
G1 F1800 X72.208 Y1.331 E4931.4892
G0 F5400 X72.208 Y0.766
G1 F1800 X43.549 Y29.424 E4934.73154
G0 F5400 X42.984 Y29.424
G1 F1800 X72.208 Y0.2 E4938.03786
G0 F5400 X72.208 Y-.366
G1 F1800 X42.418 Y29.424 E4941.40821
G0 F5400 X41.852 Y29.424
G1 F1800 X72.208 Y-.931 E4944.84255
G0 F5400 X72.208 Y-1.497
G1 F1800 X41.287 Y29.424 E4948.34086
G0 F5400 X40.721 Y29.424
G1 F1800 X72.208 Y-2.063 E4951.90321
G0 F5400 X72.208 Y-2.628
G1 F1800 X40.155 Y29.424 E4955.52953
G0 F5400 X39.589 Y29.424
G1 F1800 X72.208 Y-3.194 E4959.21989
G0 F5400 X72.208 Y-3.76
G1 F1800 X39.024 Y29.424 E4962.97424
G0 F5400 X38.458 Y29.424
G1 F1800 X72.208 Y-4.325 E4966.79256
G0 F5400 X72.208 Y-4.891
G1 F1800 X37.892 Y29.424 E4970.67491
G0 F5400 X37.327 Y29.424
G1 F1800 X72.208 Y-5.457 E4974.62125
G0 F5400 X72.208 Y-6.022
G1 F1800 X36.761 Y29.424 E4978.63156
G0 F5400 X36.195 Y29.424
G1 F1800 X72.208 Y-6.588 E4982.70591
G0 F5400 X72.208 Y-7.154
G1 F1800 X35.63 Y29.424 E4986.84424
G0 F5400 X35.064 Y29.424
G1 F1800 X72.208 Y-7.719 E4991.04654
G0 F5400 X72.208 Y-8.285
G1 F1800 X34.498 Y29.424 E4995.31289
G0 F5400 X33.933 Y29.424
G1 F1800 X72.208 Y-8.851 E4999.64321
G0 F5400 X72.208 Y-9.417
G1 F1800 X33.367 Y29.424 E5004.03757
G0 F5400 X32.801 Y29.424
G1 F1800 X72.208 Y-9.982 E5008.4959
G0 F5400 X72.208 Y-10.548
G1 F1800 X32.236 Y29.424 E5013.01822
G0 F5400 X31.67 Y29.424
G1 F1800 X72.208 Y-11.114 E5017.60457
G0 F5400 X72.208 Y-11.679
G1 F1800 X31.104 Y29.424 E5022.2549
G0 F5400 X30.539 Y29.424
G1 F1800 X72.208 Y-12.245 E5026.96921
G0 F5400 X72.208 Y-12.811
G1 F1800 X29.973 Y29.424 E5031.74755
G0 F5400 X29.407 Y29.424
G1 F1800 X72.208 Y-13.376 E5036.58988
G0 F5400 X72.208 Y-13.942
G1 F1800 X28.841 Y29.424 E5041.49624
G0 F5400 X28.276 Y29.424
G1 F1800 X72.208 Y-14.508 E5046.46658
G0 F5400 X72.208 Y-15.073
G1 F1800 X27.71 Y29.424 E5051.50089
G0 F5400 X27.144 Y29.424
G1 F1800 X72.208 Y-15.639 E5056.59925
G0 F5400 X72.208 Y-16.205
G1 F1800 X26.579 Y29.424 E5061.76158
G0 F5400 X26.013 Y29.424
G1 F1800 X72.208 Y-16.77 E5066.98789
G0 F5400 X72.208 Y-17.336
G1 F1800 X25.447 Y29.424 E5072.27824
G0 F5400 X24.882 Y29.424
G1 F1800 X72.208 Y-17.902 E5077.63256
G0 F5400 X72.208 Y-18.468
G1 F1800 X24.316 Y29.424 E5083.05092
G0 F5400 X23.75 Y29.424
G1 F1800 X72.208 Y-19.033 E5088.53326
G0 F5400 X72.208 Y-19.599
G1 F1800 X23.185 Y29.424 E5094.07958
G0 F5400 X22.619 Y29.424
G1 F1800 X72.208 Y-20.165 E5099.68994
G0 F5400 X72.208 Y-20.73
G1 F1800 X22.053 Y29.424 E5105.36427
G0 F5400 X21.488 Y29.424
G1 F1800 X72.208 Y-21.296 E5111.10258
G0 F5400 X72.208 Y-21.862
G1 F1800 X20.922 Y29.424 E5116.90493
G0 F5400 X20.356 Y29.424
G1 F1800 X72.208 Y-22.427 E5122.77126
G0 F5400 X72.208 Y-22.993
G1 F1800 X19.791 Y29.424 E5128.70157
G0 F5400 X19.225 Y29.424
G1 F1800 X72.208 Y-23.559 E5134.69591
G0 F5400 X72.208 Y-24.124
G1 F1800 X18.659 Y29.424 E5140.75423
G0 F5400 X18.093 Y29.424
G1 F1800 X72.208 Y-24.69 E5146.87659
G0 F5400 X72.208 Y-25.256
G1 F1800 X17.528 Y29.424 E5153.06292
G0 F5400 X16.962 Y29.424
G1 F1800 X72.208 Y-25.821 E5159.31324
G0 F5400 X72.208 Y-26.387
G1 F1800 X16.396 Y29.424 E5165.62759
G0 F5400 X15.831 Y29.424
G1 F1800 X72.208 Y-26.953 E5172.00592
G0 F5400 X72.208 Y-27.518
G1 F1800 X15.265 Y29.424 E5178.44823
G0 F5400 X14.699 Y29.424
G1 F1800 X72.208 Y-28.084 E5184.95457
G0 F5400 X72.208 Y-28.65
G1 F1800 X14.134 Y29.424 E5191.52489
G0 F5400 X13.568 Y29.424
G1 F1800 X72.208 Y-29.216 E5198.15925
G0 F5400 X72.208 Y-29.781
G1 F1800 X13.002 Y29.424 E5204.85759
G0 F5400 X12.437 Y29.424
G1 F1800 X72.208 Y-30.347 E5211.61991
G0 F5400 X72.208 Y-30.913
G1 F1800 X11.871 Y29.424 E5218.44626
G0 F5400 X11.305 Y29.424
G1 F1800 X72.208 Y-31.478 E5225.33659
G0 F5400 X72.208 Y-32.044
G1 F1800 X10.74 Y29.424 E5232.2909
G0 F5400 X10.174 Y29.424
G1 F1800 X72.208 Y-32.61 E5239.30925
G0 F5400 X72.208 Y-33.175
G1 F1800 X9.608 Y29.424 E5246.39157
G0 F5400 X9.042 Y29.424
G1 F1800 X72.208 Y-33.741 E5253.53793
G0 F5400 X72.113 Y-34.212
G1 F1800 X8.572 Y29.329 E5260.72678
G0 F5400 X8.572 Y28.763
G1 F1800 X71.547 Y-34.212 E5267.85158
G0 F5400 X70.982 Y-34.212
G1 F1800 X8.572 Y28.197 E5274.91241
G0 F5400 X8.572 Y27.632
G1 F1800 X70.416 Y-34.212 E5281.90926
G0 F5400 X69.85 Y-34.212
G1 F1800 X8.572 Y27.066 E5288.84208
G0 F5400 X8.572 Y26.5
G1 F1800 X69.284 Y-34.212 E5295.71086
G0 F5400 X68.719 Y-34.212
G1 F1800 X8.572 Y25.935 E5302.51571
G0 F5400 X8.572 Y25.369
G1 F1800 X68.153 Y-34.212 E5309.25653
G0 F5400 X67.587 Y-34.212
G1 F1800 X8.572 Y24.803 E5315.93332
G0 F5400 X8.572 Y24.237
G1 F1800 X67.022 Y-34.212 E5322.54612
G0 F5400 X66.456 Y-34.212
G1 F1800 X8.572 Y23.672 E5329.09495
G0 F5400 X8.572 Y23.106
G1 F1800 X65.89 Y-34.212 E5335.57974
G0 F5400 X65.325 Y-34.212
G1 F1800 X8.572 Y22.54 E5342.00055
G0 F5400 X8.572 Y21.975
G1 F1800 X64.759 Y-34.212 E5348.35739
G0 F5400 X64.193 Y-34.212
G1 F1800 X8.572 Y21.409 E5354.65019
G0 F5400 X8.572 Y20.843
G1 F1800 X63.628 Y-34.212 E5360.879
G0 F5400 X63.062 Y-34.212
G1 F1800 X8.572 Y20.278 E5367.04384
G0 F5400 X8.572 Y19.712
G1 F1800 X62.496 Y-34.212 E5373.14465
G0 F5400 X61.931 Y-34.212
G1 F1800 X8.572 Y19.146 E5379.18147
G0 F5400 X8.572 Y18.581
G1 F1800 X61.365 Y-34.212 E5385.15432
G0 F5400 X60.799 Y-34.212
G1 F1800 X8.572 Y18.015 E5391.06313
G0 F5400 X8.572 Y17.449
G1 F1800 X60.233 Y-34.212 E5396.90791
G0 F5400 X59.668 Y-34.212
G1 F1800 X8.572 Y16.884 E5402.68876
G0 F5400 X8.572 Y16.318
G1 F1800 X59.102 Y-34.212 E5408.40557
G0 F5400 X58.536 Y-34.212
G1 F1800 X8.572 Y15.752 E5414.05836
G0 F5400 X8.572 Y15.187
G1 F1800 X57.971 Y-34.212 E5419.64721
G0 F5400 X57.405 Y-34.212
G1 F1800 X8.572 Y14.621 E5425.17204
G0 F5400 X8.572 Y14.055
G1 F1800 X56.839 Y-34.212 E5430.63283
G0 F5400 X56.274 Y-34.212
G1 F1800 X8.572 Y13.489 E5436.02963
G0 F5400 X8.572 Y12.924
G1 F1800 X55.708 Y-34.212 E5441.36246
G0 F5400 X55.142 Y-34.212
G1 F1800 X8.572 Y12.358 E5446.63126
G0 F5400 X8.572 Y11.792
G1 F1800 X54.577 Y-34.212 E5451.83607
G0 F5400 X54.011 Y-34.212
G1 F1800 X8.572 Y11.227 E5456.97691
G0 F5400 X8.572 Y10.661
G1 F1800 X53.445 Y-34.212 E5462.05371
G0 F5400 X52.88 Y-34.212
G1 F1800 X8.572 Y10.095 E5467.06653
G0 F5400 X8.572 Y9.53
G1 F1800 X52.314 Y-34.212 E5472.01537
G0 F5400 X51.748 Y-34.212
G1 F1800 X8.572 Y8.964 E5476.90018
G0 F5400 X8.572 Y8.398
G1 F1800 X51.183 Y-34.212 E5481.72101
G0 F5400 X50.617 Y-34.212
G1 F1800 X8.572 Y7.833 E5486.47786
G0 F5400 X8.572 Y7.267
G1 F1800 X50.051 Y-34.212 E5491.17067
G0 F5400 X49.485 Y-34.212
G1 F1800 X8.572 Y6.701 E5495.79945
G0 F5400 X8.572 Y6.136
G1 F1800 X48.92 Y-34.212 E5500.3643
G0 F5400 X48.354 Y-34.212
G1 F1800 X8.572 Y5.57 E5504.86512
G0 F5400 X8.572 Y5.004
G1 F1800 X47.788 Y-34.212 E5509.30191
G0 F5400 X47.223 Y-34.212
G1 F1800 X8.572 Y4.439 E5513.67477
G0 F5400 X8.572 Y3.873
G1 F1800 X46.657 Y-34.212 E5517.98359
G0 F5400 X46.091 Y-34.212
G1 F1800 X8.572 Y3.307 E5522.22838
G0 F5400 X8.572 Y2.741
G1 F1800 X45.526 Y-34.212 E5526.40919
G0 F5400 X44.96 Y-34.212
G1 F1800 X8.572 Y2.176 E5530.52603
G0 F5400 X8.572 Y1.61
G1 F1800 X44.394 Y-34.212 E5534.57882
G0 F5400 X43.829 Y-34.212
G1 F1800 X8.572 Y1.044 E5538.56764
G0 F5400 X8.572 Y0.479
G1 F1800 X43.263 Y-34.212 E5542.49248
G0 F5400 X42.697 Y-34.212
G1 F1800 X8.572 Y-0.087 E5546.35328
G0 F5400 X8.572 Y-.653
G1 F1800 X42.132 Y-34.212 E5550.15011
G0 F5400 X41.566 Y-34.212
G1 F1800 X8.572 Y-1.218 E5553.88295
G0 F5400 X8.572 Y-1.784
G1 F1800 X41 Y-34.212 E5557.55176
G0 F5400 X40.434 Y-34.212
G1 F1800 X8.572 Y-2.35 E5561.15654
G0 F5400 X8.572 Y-2.915
G1 F1800 X39.869 Y-34.212 E5564.69739
G0 F5400 X39.303 Y-34.212
G1 F1800 X8.572 Y-3.481 E5568.1742
G0 F5400 X8.572 Y-4.047
G1 F1800 X38.737 Y-34.212 E5571.58698
G0 F5400 X38.172 Y-34.212
G1 F1800 X8.572 Y-4.612 E5574.93584
G0 F5400 X8.572 Y-5.178
G1 F1800 X37.606 Y-34.212 E5578.22066
G0 F5400 X37.04 Y-34.212
G1 F1800 X8.572 Y-5.744 E5581.44145
G0 F5400 X8.572 Y-6.31
G1 F1800 X36.475 Y-34.212 E5584.59826
G0 F5400 X35.909 Y-34.212
G1 F1800 X8.572 Y-6.875 E5587.69108
G0 F5400 X8.572 Y-7.441
G1 F1800 X35.343 Y-34.212 E5590.71988
G0 F5400 X34.778 Y-34.212
G1 F1800 X8.572 Y-8.007 E5593.68469
G0 F5400 X8.572 Y-8.572
G1 F1800 X34.212 Y-34.212 E5596.58553
G0 F5400 X33.646 Y-34.212
G1 F1800 X8.572 Y-9.138 E5599.42233
G0 F5400 X8.572 Y-9.704
G1 F1800 X33.081 Y-34.212 E5602.19515
G0 F5400 X32.515 Y-34.212
G1 F1800 X8.572 Y-10.269 E5604.90399
G0 F5400 X8.572 Y-10.835
G1 F1800 X31.949 Y-34.212 E5607.54879
G0 F5400 X31.384 Y-34.212
G1 F1800 X8.572 Y-11.401 E5610.12962
G0 F5400 X8.572 Y-11.966
G1 F1800 X30.818 Y-34.212 E5612.64647
G0 F5400 X30.252 Y-34.212
G1 F1800 X8.572 Y-12.532 E5615.09928
G0 F5400 X8.572 Y-13.098
G1 F1800 X29.686 Y-34.212 E5617.48806
G0 F5400 X29.121 Y-34.212
G1 F1800 X8.572 Y-13.663 E5619.81291
G0 F5400 X8.572 Y-14.229
G1 F1800 X28.555 Y-34.212 E5622.07373
G0 F5400 X27.989 Y-34.212
G1 F1800 X8.572 Y-14.795 E5624.27051
G0 F5400 X8.572 Y-15.36
G1 F1800 X27.424 Y-34.212 E5626.40337
G0 F5400 X26.858 Y-34.212
G1 F1800 X8.572 Y-15.926 E5628.4722
G0 F5400 X8.572 Y-16.492
G1 F1800 X26.292 Y-34.212 E5630.47698
G0 F5400 X25.727 Y-34.212
G1 F1800 X8.572 Y-17.058 E5632.41779
G0 F5400 X8.572 Y-17.623
G1 F1800 X25.161 Y-34.212 E5634.29463
G0 F5400 X24.595 Y-34.212
G1 F1800 X8.572 Y-18.189 E5636.10742
G0 F5400 X8.572 Y-18.755
G1 F1800 X24.03 Y-34.212 E5637.85624
G0 F5400 X23.464 Y-34.212
G1 F1800 X8.572 Y-19.32 E5639.54108
G0 F5400 X8.572 Y-19.886
G1 F1800 X22.898 Y-34.212 E5641.16188
G0 F5400 X22.333 Y-34.212
G1 F1800 X8.572 Y-20.452 E5642.7187
G0 F5400 X8.572 Y-21.017
G1 F1800 X21.767 Y-34.212 E5644.21154
G0 F5400 X21.201 Y-34.212
G1 F1800 X8.572 Y-21.583 E5645.64035
G0 F5400 X8.572 Y-22.149
G1 F1800 X20.635 Y-34.212 E5647.00512
G0 F5400 X20.07 Y-34.212
G1 F1800 X8.572 Y-22.714 E5648.30598
G0 F5400 X8.572 Y-23.28
G1 F1800 X19.504 Y-34.212 E5649.54279
G0 F5400 X18.938 Y-34.212
G1 F1800 X8.572 Y-23.846 E5650.71557
G0 F5400 X8.572 Y-24.411
G1 F1800 X18.373 Y-34.212 E5651.82443
G0 F5400 X17.807 Y-34.212
G1 F1800 X8.572 Y-24.977 E5652.86925
G0 F5400 X8.572 Y-25.543
G1 F1800 X17.241 Y-34.212 E5653.85003
G0 F5400 X16.676 Y-34.212
G1 F1800 X8.572 Y-26.109 E5654.76684
G0 F5400 X8.572 Y-26.674
G1 F1800 X16.11 Y-34.212 E5655.61967
G0 F5400 X15.544 Y-34.212
G1 F1800 X8.572 Y-27.24 E5656.40846
G0 F5400 X8.572 Y-27.806
G1 F1800 X14.979 Y-34.212 E5657.13327
G0 F5400 X14.413 Y-34.212
G1 F1800 X8.572 Y-28.371 E5657.7941
G0 F5400 X8.572 Y-28.937
G1 F1800 X13.847 Y-34.212 E5658.3909
G0 F5400 X13.282 Y-34.212
G1 F1800 X8.572 Y-29.503 E5658.92372
G0 F5400 X8.572 Y-30.068
G1 F1800 X12.716 Y-34.212 E5659.39256
G0 F5400 X12.15 Y-34.212
G1 F1800 X8.572 Y-30.634 E5659.79737
G0 F5400 X8.572 Y-31.2
G1 F1800 X11.585 Y-34.212 E5660.13819
G0 F5400 X11.019 Y-34.212
G1 F1800 X8.572 Y-31.765 E5660.41504
G0 F5400 X8.572 Y-32.331
G1 F1800 X10.453 Y-34.212 E5660.62785
G0 F5400 X9.887 Y-34.212
G1 F1800 X8.572 Y-32.897 E5660.77662
G0 F5400 X8.572 Y-33.462
G1 F1800 X9.322 Y-34.212 E5660.86148
G0 F5400 X8.756 Y-34.212
G1 F1800 X8.572 Y-34.028 E5660.88229
G0 F5400 X8.602 Y-34.028
G10
;MESH:NONMESH
G0 F600 Z0.7
G0 F5400 X7.816 Y30.182
G0 X6.727 Y30.182
G0 X-3.942 Y30.182
G0 X-5.037 Y30.182
G0 X-5.517 Y31.212
G0 X-5.204 Y31.492
;TIME_ELAPSED:1842.047113
;LAYER:2
;TYPE:WALL-INNER
;MESH:tapacarcvincha prueba 1.stl
G11
G1 F3600 X-5.204 Y-33.308 E5666.06629
G1 X-70.004 Y-33.308 E5671.25029
G1 X-70.004 Y31.492 E5676.43429
G1 X-5.204 Y31.492 E5681.61829
G0 F7200 X-4.804 Y31.892
;TYPE:WALL-OUTER
G1 F1800 X-4.804 Y-33.708 E5686.86629
G1 X-70.404 Y-33.708 E5692.11429
G1 X-70.404 Y31.892 E5697.36229
G1 X-4.804 Y31.892 E5702.61029
G0 F7200 X-4.804 Y31.692
G0 X-5.584 Y31.112
;TYPE:SKIN
G1 F1800 X-69.624 Y31.112 E5707.73349
G1 X-69.624 Y-32.928 E5712.85669
G1 X-5.584 Y-32.928 E5717.97989
G1 X-5.584 Y31.112 E5723.10309
G0 F7200 X-6.141 Y-32.728
G1 F1800 X-5.784 Y-32.371 E5723.14348
G0 F7200 X-5.784 Y-31.806
G1 F1800 X-6.706 Y-32.728 E5723.2478
G0 F7200 X-7.272 Y-32.728
G1 F1800 X-5.784 Y-31.24 E5723.41614
G0 F7200 X-5.784 Y-30.674
G1 F1800 X-7.838 Y-32.728 E5723.64853
G0 F7200 X-8.403 Y-32.728
G1 F1800 X-5.784 Y-30.109 E5723.94483
G0 F7200 X-5.784 Y-29.543
G1 F1800 X-8.969 Y-32.728 E5724.30517
G0 F7200 X-9.535 Y-32.728
G1 F1800 X-5.784 Y-28.977 E5724.72955
G0 F7200 X-5.784 Y-28.412
G1 F1800 X-10.1 Y-32.728 E5725.21785
G0 F7200 X-10.666 Y-32.728
G1 F1800 X-5.784 Y-27.846 E5725.77019
G0 F7200 X-5.784 Y-27.28
G1 F1800 X-11.232 Y-32.728 E5726.38656
G0 F7200 X-11.797 Y-32.728
G1 F1800 X-5.784 Y-26.714 E5727.06691
G0 F7200 X-5.784 Y-26.149
G1 F1800 X-12.363 Y-32.728 E5727.81124
G0 F7200 X-12.929 Y-32.728
G1 F1800 X-5.784 Y-25.583 E5728.6196
G0 F7200 X-5.784 Y-25.017
G1 F1800 X-13.494 Y-32.728 E5729.49194
G0 F7200 X-14.06 Y-32.728
G1 F1800 X-5.784 Y-24.452 E5730.42827
G0 F7200 X-5.784 Y-23.886
G1 F1800 X-14.626 Y-32.728 E5731.42863
G0 F7200 X-15.191 Y-32.728
G1 F1800 X-5.784 Y-23.32 E5732.49296
G0 F7200 X-5.784 Y-22.755
G1 F1800 X-15.757 Y-32.728 E5733.62128
G0 F7200 X-16.323 Y-32.728
G1 F1800 X-5.784 Y-22.189 E5734.81363
G0 F7200 X-5.784 Y-21.623
G1 F1800 X-16.889 Y-32.728 E5736.07002
G0 F7200 X-17.454 Y-32.728
G1 F1800 X-5.784 Y-21.058 E5737.39033
G0 F7200 X-5.784 Y-20.492
G1 F1800 X-18.02 Y-32.728 E5738.77467
G0 F7200 X-18.586 Y-32.728
G1 F1800 X-5.784 Y-19.926 E5740.22305
G0 F7200 X-5.784 Y-19.361
G1 F1800 X-19.151 Y-32.728 E5741.73536
G0 F7200 X-19.717 Y-32.728
G1 F1800 X-5.784 Y-18.795 E5743.3117
G0 F7200 X-5.784 Y-18.229
G1 F1800 X-20.283 Y-32.728 E5744.95207
G0 F7200 X-20.848 Y-32.728
G1 F1800 X-5.784 Y-17.664 E5746.65637
G0 F7200 X-5.784 Y-17.098
G1 F1800 X-21.414 Y-32.728 E5748.4247
G0 F7200 X-21.98 Y-32.728
G1 F1800 X-5.784 Y-16.532 E5750.25707
G0 F7200 X-5.784 Y-15.966
G1 F1800 X-22.545 Y-32.728 E5752.15342
G0 F7200 X-23.111 Y-32.728
G1 F1800 X-5.784 Y-15.401 E5754.11374
G0 F7200 X-5.784 Y-14.835
G1 F1800 X-23.677 Y-32.728 E5756.1381
G0 F7200 X-24.242 Y-32.728
G1 F1800 X-5.784 Y-14.269 E5758.22644
G0 F7200 X-5.784 Y-13.704
G1 F1800 X-24.808 Y-32.728 E5760.37876
G0 F7200 X-25.374 Y-32.728
G1 F1800 X-5.784 Y-13.138 E5762.59512
G0 F7200 X-5.784 Y-12.572
G1 F1800 X-25.94 Y-32.728 E5764.87551
G0 F7200 X-26.505 Y-32.728
G1 F1800 X-5.784 Y-12.007 E5767.21982
G0 F7200 X-5.784 Y-11.441
G1 F1800 X-27.071 Y-32.728 E5769.62817
G0 F7200 X-27.637 Y-32.728
G1 F1800 X-5.784 Y-10.875 E5772.10056
G0 F7200 X-5.784 Y-10.31
G1 F1800 X-28.202 Y-32.728 E5774.63687
G0 F7200 X-28.768 Y-32.728
G1 F1800 X-5.784 Y-9.744 E5777.23721
G0 F7200 X-5.784 Y-9.178
G1 F1800 X-29.334 Y-32.728 E5779.90159
G0 F7200 X-29.899 Y-32.728
G1 F1800 X-5.784 Y-8.613 E5782.62989
G0 F7200 X-5.784 Y-8.047
G1 F1800 X-30.465 Y-32.728 E5785.42222
G0 F7200 X-31.031 Y-32.728
G1 F1800 X-5.784 Y-7.481 E5788.2786
G0 F7200 X-5.784 Y-6.916
G1 F1800 X-31.596 Y-32.728 E5791.19889
G0 F7200 X-32.162 Y-32.728
G1 F1800 X-5.784 Y-6.35 E5794.18322
G0 F7200 X-5.784 Y-5.784
G1 F1800 X-32.728 Y-32.728 E5797.23159
G0 F7200 X-33.293 Y-32.728
G1 F1800 X-5.784 Y-5.218 E5800.34393
G0 F7200 X-5.784 Y-4.653
G1 F1800 X-33.859 Y-32.728 E5803.52025
G0 F7200 X-34.425 Y-32.728
G1 F1800 X-5.784 Y-4.087 E5806.76061
G0 F7200 X-5.784 Y-3.521
G1 F1800 X-34.99 Y-32.728 E5810.06495
G0 F7200 X-35.556 Y-32.728
G1 F1800 X-5.784 Y-2.956 E5813.43327
G0 F7200 X-5.784 Y-2.39
G1 F1800 X-36.122 Y-32.728 E5816.86562
G0 F7200 X-36.688 Y-32.728
G1 F1800 X-5.784 Y-1.824 E5820.36201
G0 F7200 X-5.784 Y-1.259
G1 F1800 X-37.253 Y-32.728 E5823.92232
G0 F7200 X-37.819 Y-32.728
G1 F1800 X-5.784 Y-.693 E5827.54667
G0 F7200 X-5.784 Y-.127
G1 F1800 X-38.385 Y-32.728 E5831.23505
G0 F7200 X-38.95 Y-32.728
G1 F1800 X-5.784 Y0.438 E5834.98735
G0 F7200 X-5.784 Y1.004
G1 F1800 X-39.516 Y-32.728 E5838.8037
G0 F7200 X-40.082 Y-32.728
G1 F1800 X-5.784 Y1.57 E5842.68407
G0 F7200 X-5.784 Y2.135
G1 F1800 X-40.647 Y-32.728 E5846.62837
G0 F7200 X-41.213 Y-32.728
G1 F1800 X-5.784 Y2.701 E5850.6367
G0 F7200 X-5.784 Y3.267
G1 F1800 X-41.779 Y-32.728 E5854.70907
G0 F7200 X-42.344 Y-32.728
G1 F1800 X-5.784 Y3.833 E5858.84542
G0 F7200 X-5.784 Y4.398
G1 F1800 X-42.91 Y-32.728 E5863.04575
G0 F7200 X-43.476 Y-32.728
G1 F1800 X-5.784 Y4.964 E5867.31011
G0 F7200 X-5.784 Y5.53
G1 F1800 X-44.041 Y-32.728 E5871.63845
G0 F7200 X-44.607 Y-32.728
G1 F1800 X-5.784 Y6.095 E5876.03077
G0 F7200 X-5.784 Y6.661
G1 F1800 X-45.173 Y-32.728 E5880.48713
G0 F7200 X-45.738 Y-32.728
G1 F1800 X-5.784 Y7.227 E5885.00747
G0 F7200 X-5.784 Y7.792
G1 F1800 X-46.304 Y-32.728 E5889.59178
G0 F7200 X-46.87 Y-32.728
G1 F1800 X-5.784 Y8.358 E5894.24013
G0 F7200 X-5.784 Y8.924
G1 F1800 X-47.436 Y-32.728 E5898.95252
G0 F7200 X-48.001 Y-32.728
G1 F1800 X-5.784 Y9.489 E5903.72883
G0 F7200 X-5.784 Y10.055
G1 F1800 X-48.567 Y-32.728 E5908.56917
G0 F7200 X-49.133 Y-32.728
G1 F1800 X-5.784 Y10.621 E5913.47355
G0 F7200 X-5.784 Y11.186
G1 F1800 X-49.698 Y-32.728 E5918.44185
G0 F7200 X-50.264 Y-32.728
G1 F1800 X-5.784 Y11.752 E5923.47419
G0 F7200 X-5.784 Y12.318
G1 F1800 X-50.83 Y-32.728 E5928.57056
G0 F7200 X-51.395 Y-32.728
G1 F1800 X-5.784 Y12.883 E5933.73086
G0 F7200 X-5.784 Y13.449
G1 F1800 X-51.961 Y-32.728 E5938.95519
G0 F7200 X-52.527 Y-32.728
G1 F1800 X-5.784 Y14.015 E5944.24356
G0 F7200 X-5.784 Y14.581
G1 F1800 X-53.092 Y-32.728 E5949.5959
G0 F7200 X-53.658 Y-32.728
G1 F1800 X-5.784 Y15.146 E5955.01223
G0 F7200 X-5.784 Y15.712
G1 F1800 X-54.224 Y-32.728 E5960.49259
G0 F7200 X-54.789 Y-32.728
G1 F1800 X-5.784 Y16.278 E5966.03693
G0 F7200 X-5.784 Y16.843
G1 F1800 X-55.355 Y-32.728 E5971.64524
G0 F7200 X-55.921 Y-32.728
G1 F1800 X-5.784 Y17.409 E5977.3176
G0 F7200 X-5.784 Y17.975
G1 F1800 X-56.487 Y-32.728 E5983.05399
G0 F7200 X-57.052 Y-32.728
G1 F1800 X-5.784 Y18.54 E5988.8543
G0 F7200 X-5.784 Y19.106
G1 F1800 X-57.618 Y-32.728 E5994.71865
G0 F7200 X-58.184 Y-32.728
G1 F1800 X-5.784 Y19.672 E6000.64703
G0 F7200 X-5.784 Y20.237
G1 F1800 X-58.749 Y-32.728 E6006.63934
G0 F7200 X-59.315 Y-32.728
G1 F1800 X-5.784 Y20.803 E6012.69568
G0 F7200 X-5.784 Y21.369
G1 F1800 X-59.881 Y-32.728 E6018.81605
G0 F7200 X-60.446 Y-32.728
G1 F1800 X-5.784 Y21.934 E6025.00035
G0 F7200 X-5.784 Y22.5
G1 F1800 X-61.012 Y-32.728 E6031.24869
G0 F7200 X-61.578 Y-32.728
G1 F1800 X-5.784 Y23.066 E6037.56106
G0 F7200 X-5.784 Y23.632
G1 F1800 X-62.143 Y-32.728 E6043.93741
G0 F7200 X-62.709 Y-32.728
G1 F1800 X-5.784 Y24.197 E6050.37774
G0 F7200 X-5.784 Y24.763
G1 F1800 X-63.275 Y-32.728 E6056.8821
G0 F7200 X-63.84 Y-32.728
G1 F1800 X-5.784 Y25.329 E6063.45044
G0 F7200 X-5.784 Y25.894
G1 F1800 X-64.406 Y-32.728 E6070.08277
G0 F7200 X-64.972 Y-32.728
G1 F1800 X-5.784 Y26.46 E6076.77912
G0 F7200 X-5.784 Y27.026
G1 F1800 X-65.537 Y-32.728 E6083.53946
G0 F7200 X-66.103 Y-32.728
G1 F1800 X-5.784 Y27.591 E6090.36378
G0 F7200 X-5.784 Y28.157
G1 F1800 X-66.669 Y-32.728 E6097.25213
G0 F7200 X-67.235 Y-32.728
G1 F1800 X-5.784 Y28.723 E6104.20452
G0 F7200 X-5.784 Y29.288
G1 F1800 X-67.8 Y-32.728 E6111.22083
G0 F7200 X-68.366 Y-32.728
G1 F1800 X-5.784 Y29.854 E6118.30117
G0 F7200 X-5.784 Y30.42
G1 F1800 X-68.932 Y-32.728 E6125.44555
G0 F7200 X-69.424 Y-32.654
G1 F1800 X-5.858 Y30.912 E6132.63722
G0 F7200 X-6.423 Y30.912
G1 F1800 X-69.424 Y-32.089 E6139.76497
G0 F7200 X-69.424 Y-31.523
G1 F1800 X-6.989 Y30.912 E6146.82869
G0 F7200 X-7.555 Y30.912
G1 F1800 X-69.424 Y-30.957 E6153.82836
G0 F7200 X-69.424 Y-30.391
G1 F1800 X-8.12 Y30.912 E6160.76406
G0 F7200 X-8.686 Y30.912
G1 F1800 X-69.424 Y-29.826 E6167.63578
G0 F7200 X-69.424 Y-29.26
G1 F1800 X-9.252 Y30.912 E6174.44347
G0 F7200 X-9.817 Y30.912
G1 F1800 X-69.424 Y-28.694 E6181.18717
G0 F7200 X-69.424 Y-28.129
G1 F1800 X-10.383 Y30.912 E6187.8669
G0 F7200 X-10.949 Y30.912
G1 F1800 X-69.424 Y-27.563 E6194.48259
G0 F7200 X-69.424 Y-26.997
G1 F1800 X-11.515 Y30.912 E6201.03425
G0 F7200 X-12.08 Y30.912
G1 F1800 X-69.424 Y-26.432 E6207.52198
G0 F7200 X-69.424 Y-25.866
G1 F1800 X-12.646 Y30.912 E6213.94568
G0 F7200 X-13.212 Y30.912
G1 F1800 X-69.424 Y-25.3 E6220.30534
G0 F7200 X-69.424 Y-24.735
G1 F1800 X-13.777 Y30.912 E6226.60108
G0 F7200 X-14.343 Y30.912
G1 F1800 X-69.424 Y-24.169 E6232.83278
G0 F7200 X-69.424 Y-23.603
G1 F1800 X-14.909 Y30.912 E6239.00045
G0 F7200 X-15.474 Y30.912
G1 F1800 X-69.424 Y-23.038 E6245.1042
G0 F7200 X-69.424 Y-22.472
G1 F1800 X-16.04 Y30.912 E6251.14391
G0 F7200 X-16.606 Y30.912
G1 F1800 X-69.424 Y-21.906 E6257.11958
G0 F7200 X-69.424 Y-21.34
G1 F1800 X-17.171 Y30.912 E6263.03128
G0 F7200 X-17.737 Y30.912
G1 F1800 X-69.424 Y-20.775 E6268.87899
G0 F7200 X-69.424 Y-20.209
G1 F1800 X-18.303 Y30.912 E6274.66267
G0 F7200 X-18.868 Y30.912
G1 F1800 X-69.424 Y-19.643 E6280.38238
G0 F7200 X-69.424 Y-19.078
G1 F1800 X-19.434 Y30.912 E6286.0381
G0 F7200 X-20 Y30.912
G1 F1800 X-69.424 Y-18.512 E6291.62979
G0 F7200 X-69.424 Y-17.946
G1 F1800 X-20.565 Y30.912 E6297.15749
G0 F7200 X-21.131 Y30.912
G1 F1800 X-69.424 Y-17.381 E6302.62122
G0 F7200 X-69.424 Y-16.815
G1 F1800 X-21.697 Y30.912 E6308.02092
G0 F7200 X-22.263 Y30.912
G1 F1800 X-69.424 Y-16.249 E6313.35658
G0 F7200 X-69.424 Y-15.684
G1 F1800 X-22.828 Y30.912 E6318.62831
G0 F7200 X-23.394 Y30.912
G1 F1800 X-69.424 Y-15.118 E6323.83601
G0 F7200 X-69.424 Y-14.552
G1 F1800 X-23.96 Y30.912 E6328.97968
G0 F7200 X-24.525 Y30.912
G1 F1800 X-69.424 Y-13.987 E6334.05942
G0 F7200 X-69.424 Y-13.421
G1 F1800 X-25.091 Y30.912 E6339.07512
G0 F7200 X-25.657 Y30.912
G1 F1800 X-69.424 Y-12.855 E6344.0268
G0 F7200 X-69.424 Y-12.29
G1 F1800 X-26.222 Y30.912 E6348.91454
G0 F7200 X-26.788 Y30.912
G1 F1800 X-69.424 Y-11.724 E6353.73826
G0 F7200 X-69.424 Y-11.158
G1 F1800 X-27.354 Y30.912 E6358.49793
G0 F7200 X-27.919 Y30.912
G1 F1800 X-69.424 Y-10.592 E6363.19363
G0 F7200 X-69.424 Y-10.027
G1 F1800 X-28.485 Y30.912 E6367.82535
G0 F7200 X-29.051 Y30.912
G1 F1800 X-69.424 Y-9.461 E6372.39303
G0 F7200 X-69.424 Y-8.895
G1 F1800 X-29.616 Y30.912 E6376.89674
G0 F7200 X-30.182 Y30.912
G1 F1800 X-69.424 Y-8.33 E6381.33646
G0 F7200 X-69.424 Y-7.764
G1 F1800 X-30.748 Y30.912 E6385.71215
G0 F7200 X-31.314 Y30.912
G1 F1800 X-69.424 Y-7.198 E6390.02381
G0 F7200 X-69.424 Y-6.633
G1 F1800 X-31.879 Y30.912 E6394.27154
G0 F7200 X-32.445 Y30.912
G1 F1800 X-69.424 Y-6.067 E6398.45524
G0 F7200 X-69.424 Y-5.501
G1 F1800 X-33.011 Y30.912 E6402.5749
G0 F7200 X-33.576 Y30.912
G1 F1800 X-69.424 Y-4.936 E6406.63064
G0 F7200 X-69.424 Y-4.37
G1 F1800 X-34.142 Y30.912 E6410.62234
G0 F7200 X-34.708 Y30.912
G1 F1800 X-69.424 Y-3.804 E6414.55
G0 F7200 X-69.424 Y-3.239
G1 F1800 X-35.273 Y30.912 E6418.41375
G0 F7200 X-35.839 Y30.912
G1 F1800 X-69.424 Y-2.673 E6422.21346
G0 F7200 X-69.424 Y-2.107
G1 F1800 X-36.405 Y30.912 E6425.94913
G0 F7200 X-36.97 Y30.912
G1 F1800 X-69.424 Y-1.541 E6429.62083
G0 F7200 X-69.424 Y-.976
G1 F1800 X-37.536 Y30.912 E6433.22854
G0 F7200 X-38.102 Y30.912
G1 F1800 X-69.424 Y-.41 E6436.77222
G0 F7200 X-69.424 Y0.156
G1 F1800 X-38.667 Y30.912 E6440.25192
G0 F7200 X-39.233 Y30.912
G1 F1800 X-69.424 Y0.721 E6443.66764
G0 F7200 X-69.424 Y1.287
G1 F1800 X-39.799 Y30.912 E6447.01933
G0 F7200 X-40.364 Y30.912
G1 F1800 X-69.424 Y1.853 E6450.30704
G0 F7200 X-69.424 Y2.418
G1 F1800 X-40.93 Y30.912 E6453.53077
G0 F7200 X-41.496 Y30.912
G1 F1800 X-69.424 Y2.984 E6456.69046
G0 F7200 X-69.424 Y3.55
G1 F1800 X-42.062 Y30.912 E6459.78611
G0 F7200 X-42.627 Y30.912
G1 F1800 X-69.424 Y4.115 E6462.81785
G0 F7200 X-69.424 Y4.681
G1 F1800 X-43.193 Y30.912 E6465.78555
G0 F7200 X-43.759 Y30.912
G1 F1800 X-69.424 Y5.247 E6468.68921
G0 F7200 X-69.424 Y5.812
G1 F1800 X-44.324 Y30.912 E6471.52895
G0 F7200 X-44.89 Y30.912
G1 F1800 X-69.424 Y6.378 E6474.30466
G0 F7200 X-69.424 Y6.944
G1 F1800 X-45.456 Y30.912 E6477.01633
G0 F7200 X-46.021 Y30.912
G1 F1800 X-69.424 Y7.509 E6479.66407
G0 F7200 X-69.424 Y8.075
G1 F1800 X-46.587 Y30.912 E6482.24779
G0 F7200 X-47.153 Y30.912
G1 F1800 X-69.424 Y8.641 E6484.76746
G0 F7200 X-69.424 Y9.207
G1 F1800 X-47.718 Y30.912 E6487.22316
G0 F7200 X-48.284 Y30.912
G1 F1800 X-69.424 Y9.772 E6489.61488
G0 F7200 X-69.424 Y10.338
G1 F1800 X-48.85 Y30.912 E6491.94256
G0 F7200 X-49.415 Y30.912
G1 F1800 X-69.424 Y10.904 E6494.20626
G0 F7200 X-69.424 Y11.469
G1 F1800 X-49.981 Y30.912 E6496.40599
G0 F7200 X-50.547 Y30.912
G1 F1800 X-69.424 Y12.035 E6498.54168
G0 F7200 X-69.424 Y12.601
G1 F1800 X-51.113 Y30.912 E6500.61333
G0 F7200 X-51.678 Y30.912
G1 F1800 X-69.424 Y13.166 E6502.62106
G0 F7200 X-69.424 Y13.732
G1 F1800 X-52.244 Y30.912 E6504.56475
G0 F7200 X-52.81 Y30.912
G1 F1800 X-69.424 Y14.298 E6506.44441
G0 F7200 X-69.424 Y14.863
G1 F1800 X-53.375 Y30.912 E6508.26015
G0 F7200 X-53.941 Y30.912
G1 F1800 X-69.424 Y15.429 E6510.01185
G0 F7200 X-69.424 Y15.995
G1 F1800 X-54.507 Y30.912 E6511.69952
G0 F7200 X-55.072 Y30.912
G1 F1800 X-69.424 Y16.56 E6513.32326
G0 F7200 X-69.424 Y17.126
G1 F1800 X-55.638 Y30.912 E6514.88297
G0 F7200 X-56.204 Y30.912
G1 F1800 X-69.424 Y17.692 E6516.37864
G0 F7200 X-69.424 Y18.257
G1 F1800 X-56.769 Y30.912 E6517.81039
G0 F7200 X-57.335 Y30.912
G1 F1800 X-69.424 Y18.823 E6519.17811
G0 F7200 X-69.424 Y19.389
G1 F1800 X-57.901 Y30.912 E6520.48179
G0 F7200 X-58.466 Y30.912
G1 F1800 X-69.424 Y19.955 E6521.72148
G0 F7200 X-69.424 Y20.52
G1 F1800 X-59.032 Y30.912 E6522.89721
G0 F7200 X-59.598 Y30.912
G1 F1800 X-69.424 Y21.086 E6524.00889
G0 F7200 X-69.424 Y21.652
G1 F1800 X-60.163 Y30.912 E6525.0566
G0 F7200 X-60.729 Y30.912
G1 F1800 X-69.424 Y22.217 E6526.04032
G0 F7200 X-69.424 Y22.783
G1 F1800 X-61.295 Y30.912 E6526.96001
G0 F7200 X-61.861 Y30.912
G1 F1800 X-69.424 Y23.349 E6527.81567
G0 F7200 X-69.424 Y23.914
G1 F1800 X-62.426 Y30.912 E6528.6074
G0 F7200 X-62.992 Y30.912
G1 F1800 X-69.424 Y24.48 E6529.3351
G0 F7200 X-69.424 Y25.046
G1 F1800 X-63.558 Y30.912 E6529.99876
G0 F7200 X-64.123 Y30.912
G1 F1800 X-69.424 Y25.611 E6530.5985
G0 F7200 X-69.424 Y26.177
G1 F1800 X-64.689 Y30.912 E6531.13421
G0 F7200 X-65.255 Y30.912
G1 F1800 X-69.424 Y26.743 E6531.60588
G0 F7200 X-69.424 Y27.308
G1 F1800 X-65.82 Y30.912 E6532.01362
G0 F7200 X-66.386 Y30.912
G1 F1800 X-69.424 Y27.874 E6532.35733
G0 F7200 X-69.424 Y28.44
G1 F1800 X-66.952 Y30.912 E6532.63701
G0 F7200 X-67.517 Y30.912
G1 F1800 X-69.424 Y29.006 E6532.8527
G0 F7200 X-69.424 Y29.571
G1 F1800 X-68.083 Y30.912 E6533.00442
G0 F7200 X-68.649 Y30.912
G1 F1800 X-69.424 Y30.137 E6533.0921
G0 F7200 X-69.424 Y30.703
G1 F1800 X-69.214 Y30.912 E6533.1158
G0 F7200 X-69.214 Y30.882
G10
;MESH:base carc vincha prueba 1.stl
G0 X-5.037 Y29.726
G0 X-3.942 Y29.726
G0 X6.727 Y29.726
G0 X7.822 Y29.726
G0 X72.482 Y29.726
G0 X72.791 Y30.004
;TYPE:WALL-INNER
G11
G1 F3600 X72.791 Y-34.792 E6538.29948
G1 X7.992 Y-34.792 E6543.4834
G1 X7.992 Y30.004 E6548.66708
G1 X72.791 Y30.004 E6553.851
G0 F7200 X73.191 Y30.404
;TYPE:WALL-OUTER
G1 F1800 X73.191 Y-35.192 E6559.09868
G1 X7.592 Y-35.192 E6564.3466
G1 X7.592 Y30.404 E6569.59428
G1 X73.191 Y30.404 E6574.8422
G0 F7200 X73.191 Y30.204
G0 X72.408 Y29.624
;TYPE:SKIN
G1 F1800 X8.372 Y29.624 E6579.96508
G1 X8.372 Y-34.412 E6585.08796
G1 X72.408 Y-34.412 E6590.21084
G1 X72.408 Y29.624 E6595.33372
G0 F7200 X9.059 Y29.424
G1 F1800 X8.572 Y28.936 E6595.38888
G0 F7200 X8.572 Y28.371
G1 F1800 X9.625 Y29.424 E6595.50801
G0 F7200 X10.191 Y29.424
G1 F1800 X8.572 Y27.805 E6595.69118
G0 F7200 X8.572 Y27.239
G1 F1800 X10.757 Y29.424 E6595.93838
G0 F7200 X11.322 Y29.424
G1 F1800 X8.572 Y26.673 E6596.24957
G0 F7200 X8.572 Y26.108
G1 F1800 X11.888 Y29.424 E6596.62473
G0 F7200 X12.454 Y29.424
G1 F1800 X8.572 Y25.542 E6597.06393
G0 F7200 X8.572 Y24.976
G1 F1800 X13.019 Y29.424 E6597.56711
G0 F7200 X13.585 Y29.424
G1 F1800 X8.572 Y24.411 E6598.13426
G0 F7200 X8.572 Y23.845
G1 F1800 X14.151 Y29.424 E6598.76545
G0 F7200 X14.716 Y29.424
G1 F1800 X8.572 Y23.279 E6599.46062
G0 F7200 X8.572 Y22.714
G1 F1800 X15.282 Y29.424 E6600.21977
G0 F7200 X15.848 Y29.424
G1 F1800 X8.572 Y22.148 E6601.04296
G0 F7200 X8.572 Y21.582
G1 F1800 X16.413 Y29.424 E6601.93012
G0 F7200 X16.979 Y29.424
G1 F1800 X8.572 Y21.017 E6602.88127
G0 F7200 X8.572 Y20.451
G1 F1800 X17.545 Y29.424 E6603.89645
G0 F7200 X18.11 Y29.424
G1 F1800 X8.572 Y19.885 E6604.97561
G0 F7200 X8.572 Y19.32
G1 F1800 X18.676 Y29.424 E6606.11874
G0 F7200 X19.242 Y29.424
G1 F1800 X8.572 Y18.754 E6607.32591
G0 F7200 X8.572 Y18.188
G1 F1800 X19.807 Y29.424 E6608.59707
G0 F7200 X20.373 Y29.424
G1 F1800 X8.572 Y17.623 E6609.9322
G0 F7200 X8.572 Y17.057
G1 F1800 X20.939 Y29.424 E6611.33136
G0 F7200 X21.505 Y29.424
G1 F1800 X8.572 Y16.491 E6612.79457
G0 F7200 X8.572 Y15.925
G1 F1800 X22.07 Y29.424 E6614.32175
G0 F7200 X22.636 Y29.424
G1 F1800 X8.572 Y15.36 E6615.91291
G0 F7200 X8.572 Y14.794
G1 F1800 X23.202 Y29.424 E6617.5681
G0 F7200 X23.767 Y29.424
G1 F1800 X8.572 Y14.228 E6619.28728
G0 F7200 X8.572 Y13.663
G1 F1800 X24.333 Y29.424 E6621.07043
G0 F7200 X24.899 Y29.424
G1 F1800 X8.572 Y13.097 E6622.91762
G0 F7200 X8.572 Y12.531
G1 F1800 X25.464 Y29.424 E6624.82879
G0 F7200 X26.03 Y29.424
G1 F1800 X8.572 Y11.966 E6626.80393
G0 F7200 X8.572 Y11.4
G1 F1800 X26.596 Y29.424 E6628.84312
G0 F7200 X27.161 Y29.424
G1 F1800 X8.572 Y10.834 E6630.94628
G0 F7200 X8.572 Y10.269
G1 F1800 X27.727 Y29.424 E6633.11342
G0 F7200 X28.293 Y29.424
G1 F1800 X8.572 Y9.703 E6635.3446
G0 F7200 X8.572 Y9.137
G1 F1800 X28.858 Y29.424 E6637.63975
G0 F7200 X29.424 Y29.424
G1 F1800 X8.572 Y8.572 E6639.99889
G0 F7200 X8.572 Y8.006
G1 F1800 X29.99 Y29.424 E6642.42206
G0 F7200 X30.555 Y29.424
G1 F1800 X8.572 Y7.44 E6644.90921
G0 F7200 X8.572 Y6.874
G1 F1800 X31.121 Y29.424 E6647.46039
G0 F7200 X31.687 Y29.424
G1 F1800 X8.572 Y6.309 E6650.07555
G0 F7200 X8.572 Y5.743
G1 F1800 X32.253 Y29.424 E6652.75475
G0 F7200 X32.818 Y29.424
G1 F1800 X8.572 Y5.177 E6655.49793
G0 F7200 X8.572 Y4.612
G1 F1800 X33.384 Y29.424 E6658.30509
G0 F7200 X33.95 Y29.424
G1 F1800 X8.572 Y4.046 E6661.17628
G0 F7200 X8.572 Y3.48
G1 F1800 X34.515 Y29.424 E6664.11145
G0 F7200 X35.081 Y29.424
G1 F1800 X8.572 Y2.915 E6667.11061
G0 F7200 X8.572 Y2.349
G1 F1800 X35.647 Y29.424 E6670.17379
G0 F7200 X36.212 Y29.424
G1 F1800 X8.572 Y1.783 E6673.30096
G0 F7200 X8.572 Y1.218
G1 F1800 X36.778 Y29.424 E6676.4921
G0 F7200 X37.344 Y29.424
G1 F1800 X8.572 Y0.652 E6679.74728
G0 F7200 X8.572 Y0.086
G1 F1800 X37.909 Y29.424 E6683.06644
G0 F7200 X38.475 Y29.424
G1 F1800 X8.572 Y-.479 E6686.44958
G0 F7200 X8.572 Y-1.045
G1 F1800 X39.041 Y29.424 E6689.89675
G0 F7200 X39.606 Y29.424
G1 F1800 X8.572 Y-1.611 E6693.40791
G0 F7200 X8.572 Y-2.176
G1 F1800 X40.172 Y29.424 E6696.98304
G0 F7200 X40.738 Y29.424
G1 F1800 X8.572 Y-2.742 E6700.62221
G0 F7200 X8.572 Y-3.308
G1 F1800 X41.304 Y29.424 E6704.32541
G0 F7200 X41.869 Y29.424
G1 F1800 X8.572 Y-3.874 E6708.09259
G0 F7200 X8.572 Y-4.439
G1 F1800 X42.435 Y29.424 E6711.92375
G0 F7200 X43.001 Y29.424
G1 F1800 X8.572 Y-5.005 E6715.81895
G0 F7200 X8.572 Y-5.571
G1 F1800 X43.566 Y29.424 E6719.77812
G0 F7200 X44.132 Y29.424
G1 F1800 X8.572 Y-6.136 E6723.80128
G0 F7200 X8.572 Y-6.702
G1 F1800 X44.698 Y29.424 E6727.88847
G0 F7200 X45.263 Y29.424
G1 F1800 X8.572 Y-7.268 E6732.03964
G0 F7200 X8.572 Y-7.833
G1 F1800 X45.829 Y29.424 E6736.25479
G0 F7200 X46.395 Y29.424
G1 F1800 X8.572 Y-8.399 E6740.53397
G0 F7200 X8.572 Y-8.965
G1 F1800 X46.96 Y29.424 E6744.87713
G0 F7200 X47.526 Y29.424
G1 F1800 X8.572 Y-9.53 E6749.28428
G0 F7200 X8.572 Y-10.096
G1 F1800 X48.092 Y29.424 E6753.75545
G0 F7200 X48.657 Y29.424
G1 F1800 X8.572 Y-10.662 E6758.29061
G0 F7200 X8.572 Y-11.227
G1 F1800 X49.223 Y29.424 E6762.88975
G0 F7200 X49.789 Y29.424
G1 F1800 X8.572 Y-11.793 E6767.55292
G0 F7200 X8.572 Y-12.359
G1 F1800 X50.354 Y29.424 E6772.28007
G0 F7200 X50.92 Y29.424
G1 F1800 X8.572 Y-12.924 E6777.0712
G0 F7200 X8.572 Y-13.49
G1 F1800 X51.486 Y29.424 E6781.92636
G0 F7200 X52.052 Y29.424
G1 F1800 X8.572 Y-14.056 E6786.84556
G0 F7200 X8.572 Y-14.622
G1 F1800 X52.617 Y29.424 E6791.82874
G0 F7200 X53.183 Y29.424
G1 F1800 X8.572 Y-15.187 E6796.8759
G0 F7200 X8.572 Y-15.753
G1 F1800 X53.749 Y29.424 E6801.98709
G0 F7200 X54.314 Y29.424
G1 F1800 X8.572 Y-16.319 E6807.16227
G0 F7200 X8.572 Y-16.884
G1 F1800 X54.88 Y29.424 E6812.40142
G0 F7200 X55.446 Y29.424
G1 F1800 X8.572 Y-17.45 E6817.70461
G0 F7200 X8.572 Y-18.016
G1 F1800 X56.011 Y29.424 E6823.07177
G0 F7200 X56.577 Y29.424
G1 F1800 X8.572 Y-18.581 E6828.50292
G0 F7200 X8.572 Y-19.147
G1 F1800 X57.143 Y29.424 E6833.9981
G0 F7200 X57.708 Y29.424
G1 F1800 X8.572 Y-19.713 E6839.55726
G0 F7200 X8.572 Y-20.278
G1 F1800 X58.274 Y29.424 E6845.1804
G0 F7200 X58.84 Y29.424
G1 F1800 X8.572 Y-20.844 E6850.86758
G0 F7200 X8.572 Y-21.41
G1 F1800 X59.405 Y29.424 E6856.61873
G0 F7200 X59.971 Y29.424
G1 F1800 X8.572 Y-21.975 E6862.43386
G0 F7200 X8.572 Y-22.541
G1 F1800 X60.537 Y29.424 E6868.31303
G0 F7200 X61.103 Y29.424
G1 F1800 X8.572 Y-23.107 E6874.25624
G0 F7200 X8.572 Y-23.673
G1 F1800 X61.668 Y29.424 E6880.26342
G0 F7200 X62.234 Y29.424
G1 F1800 X8.572 Y-24.238 E6886.33458
G0 F7200 X8.572 Y-24.804
G1 F1800 X62.8 Y29.424 E6892.46978
G0 F7200 X63.365 Y29.424
G1 F1800 X8.572 Y-25.37 E6898.66896
G0 F7200 X8.572 Y-25.935
G1 F1800 X63.931 Y29.424 E6904.93211
G0 F7200 X64.497 Y29.424
G1 F1800 X8.572 Y-26.501 E6911.2593
G0 F7200 X8.572 Y-27.067
G1 F1800 X65.062 Y29.424 E6917.65047
G0 F7200 X65.628 Y29.424
G1 F1800 X8.572 Y-27.632 E6924.10562
G0 F7200 X8.572 Y-28.198
G1 F1800 X66.194 Y29.424 E6930.62481
G0 F7200 X66.759 Y29.424
G1 F1800 X8.572 Y-28.764 E6937.20797
G0 F7200 X8.572 Y-29.329
G1 F1800 X67.325 Y29.424 E6943.85512
G0 F7200 X67.891 Y29.424
G1 F1800 X8.572 Y-29.895 E6950.56629
G0 F7200 X8.572 Y-30.461
G1 F1800 X68.456 Y29.424 E6957.34145
G0 F7200 X69.022 Y29.424
G1 F1800 X8.572 Y-31.026 E6964.18059
G0 F7200 X8.572 Y-31.592
G1 F1800 X69.588 Y29.424 E6971.08376
G0 F7200 X70.153 Y29.424
G1 F1800 X8.572 Y-32.158 E6978.05091
G0 F7200 X8.572 Y-32.723
G1 F1800 X70.719 Y29.424 E6985.08204
G0 F7200 X71.285 Y29.424
G1 F1800 X8.572 Y-33.289 E6992.17721
G0 F7200 X8.572 Y-33.855
G1 F1800 X71.851 Y29.424 E6999.33641
G0 F7200 X72.208 Y29.216
G1 F1800 X8.78 Y-34.212 E7006.51247
G0 F7200 X9.346 Y-34.212
G1 F1800 X72.208 Y28.651 E7013.62455
G0 F7200 X72.208 Y28.085
G1 F1800 X9.912 Y-34.212 E7020.67259
G0 F7200 X10.477 Y-34.212
G1 F1800 X72.208 Y27.519 E7027.65666
G0 F7200 X72.208 Y26.953
G1 F1800 X11.043 Y-34.212 E7034.57669
G0 F7200 X11.609 Y-34.212
G1 F1800 X72.208 Y26.388 E7041.43274
G0 F7200 X72.208 Y25.822
G1 F1800 X12.174 Y-34.212 E7048.22481
G0 F7200 X12.74 Y-34.212
G1 F1800 X72.208 Y25.256 E7054.95285
G0 F7200 X72.208 Y24.691
G1 F1800 X13.306 Y-34.212 E7061.61691
G0 F7200 X13.871 Y-34.212
G1 F1800 X72.208 Y24.125 E7068.21698
G0 F7200 X72.208 Y23.559
G1 F1800 X14.437 Y-34.212 E7074.75303
G0 F7200 X15.003 Y-34.212
G1 F1800 X72.208 Y22.994 E7081.22509
G0 F7200 X72.208 Y22.428
G1 F1800 X15.568 Y-34.212 E7087.63317
G0 F7200 X16.134 Y-34.212
G1 F1800 X72.208 Y21.862 E7093.97722
G0 F7200 X72.208 Y21.297
G1 F1800 X16.7 Y-34.212 E7100.25729
G0 F7200 X17.265 Y-34.212
G1 F1800 X72.208 Y20.731 E7106.47338
G0 F7200 X72.208 Y20.165
G1 F1800 X17.831 Y-34.212 E7112.62544
G0 F7200 X18.397 Y-34.212
G1 F1800 X72.208 Y19.6 E7118.71352
G0 F7200 X72.208 Y19.034
G1 F1800 X18.962 Y-34.212 E7124.73761
G0 F7200 X19.528 Y-34.212
G1 F1800 X72.208 Y18.468 E7130.69767
G0 F7200 X72.208 Y17.903
G1 F1800 X20.094 Y-34.212 E7136.59376
G0 F7200 X20.66 Y-34.212
G1 F1800 X72.208 Y17.337 E7142.4258
G0 F7200 X72.208 Y16.771
G1 F1800 X21.225 Y-34.212 E7148.19387
G0 F7200 X21.791 Y-34.212
G1 F1800 X72.208 Y16.205 E7153.8979
G0 F7200 X72.208 Y15.64
G1 F1800 X22.357 Y-34.212 E7159.53796
G0 F7200 X22.922 Y-34.212
G1 F1800 X72.208 Y15.074 E7165.11403
G0 F7200 X72.208 Y14.508
G1 F1800 X23.488 Y-34.212 E7170.62607
G0 F7200 X24.054 Y-34.212
G1 F1800 X72.208 Y13.943 E7176.07413
G0 F7200 X72.208 Y13.377
G1 F1800 X24.619 Y-34.212 E7181.45821
G0 F7200 X25.185 Y-34.212
G1 F1800 X72.208 Y12.811 E7186.77826
G0 F7200 X72.208 Y12.246
G1 F1800 X25.751 Y-34.212 E7192.03432
G0 F7200 X26.316 Y-34.212
G1 F1800 X72.208 Y11.68 E7197.22641
G0 F7200 X72.208 Y11.114
G1 F1800 X26.882 Y-34.212 E7202.35446
G0 F7200 X27.448 Y-34.212
G1 F1800 X72.208 Y10.549 E7207.41853
G0 F7200 X72.208 Y9.983
G1 F1800 X28.013 Y-34.212 E7212.41863
G0 F7200 X28.579 Y-34.212
G1 F1800 X72.208 Y9.417 E7217.35469
G0 F7200 X72.208 Y8.852
G1 F1800 X29.145 Y-34.212 E7222.22676
G0 F7200 X29.711 Y-34.212
G1 F1800 X72.208 Y8.286 E7227.03481
G0 F7200 X72.208 Y7.72
G1 F1800 X30.276 Y-34.212 E7231.77887
G0 F7200 X30.842 Y-34.212
G1 F1800 X72.208 Y7.155 E7236.45896
G0 F7200 X72.208 Y6.589
G1 F1800 X31.408 Y-34.212 E7241.07501
G0 F7200 X31.973 Y-34.212
G1 F1800 X72.208 Y6.023 E7245.62708
G0 F7200 X72.208 Y5.457
G1 F1800 X32.539 Y-34.212 E7250.11511
G0 F7200 X33.105 Y-34.212
G1 F1800 X72.208 Y4.892 E7254.53917
G0 F7200 X72.208 Y4.326
G1 F1800 X33.67 Y-34.212 E7258.89924
G0 F7200 X34.236 Y-34.212
G1 F1800 X72.208 Y3.76 E7263.19529
G0 F7200 X72.208 Y3.195
G1 F1800 X34.802 Y-34.212 E7267.42735
G0 F7200 X35.367 Y-34.212
G1 F1800 X72.208 Y2.629 E7271.59543
G0 F7200 X72.208 Y2.063
G1 F1800 X35.933 Y-34.212 E7275.69948
G0 F7200 X36.499 Y-34.212
G1 F1800 X72.208 Y1.498 E7279.73955
G0 F7200 X72.208 Y0.932
G1 F1800 X37.064 Y-34.212 E7283.71564
G0 F7200 X37.63 Y-34.212
G1 F1800 X72.208 Y0.366 E7287.62769
G0 F7200 X72.208 Y-.199
G1 F1800 X38.196 Y-34.212 E7291.47577
G0 F7200 X38.761 Y-34.212
G1 F1800 X72.208 Y-.765 E7295.25986
G0 F7200 X72.208 Y-1.331
G1 F1800 X39.327 Y-34.212 E7298.97992
G0 F7200 X39.893 Y-34.212
G1 F1800 X72.208 Y-1.896 E7302.63601
G0 F7200 X72.208 Y-2.462
G1 F1800 X40.459 Y-34.212 E7306.22805
G0 F7200 X41.024 Y-34.212
G1 F1800 X72.208 Y-3.028 E7309.75612
G0 F7200 X72.208 Y-3.594
G1 F1800 X41.59 Y-34.212 E7313.22015
G0 F7200 X42.156 Y-34.212
G1 F1800 X72.208 Y-4.159 E7316.6202
G0 F7200 X72.208 Y-4.725
G1 F1800 X42.721 Y-34.212 E7319.95627
G0 F7200 X43.287 Y-34.212
G1 F1800 X72.208 Y-5.291 E7323.22831
G0 F7200 X72.208 Y-5.856
G1 F1800 X43.853 Y-34.212 E7326.43637
G0 F7200 X44.418 Y-34.212
G1 F1800 X72.208 Y-6.422 E7329.58045
G0 F7200 X72.208 Y-6.988
G1 F1800 X44.984 Y-34.212 E7332.66049
G0 F7200 X45.55 Y-34.212
G1 F1800 X72.208 Y-7.553 E7335.67656
G0 F7200 X72.208 Y-8.119
G1 F1800 X46.115 Y-34.212 E7338.62865
G0 F7200 X46.681 Y-34.212
G1 F1800 X72.208 Y-8.685 E7341.5167
G0 F7200 X72.208 Y-9.25
G1 F1800 X47.247 Y-34.212 E7344.34077
G0 F7200 X47.812 Y-34.212
G1 F1800 X72.208 Y-9.816 E7347.10086
G0 F7200 X72.208 Y-10.382
G1 F1800 X48.378 Y-34.212 E7349.79692
G0 F7200 X48.944 Y-34.212
G1 F1800 X72.208 Y-10.947 E7352.42899
G0 F7200 X72.208 Y-11.513
G1 F1800 X49.509 Y-34.212 E7354.99709
G0 F7200 X50.075 Y-34.212
G1 F1800 X72.208 Y-12.079 E7357.50116
G0 F7200 X72.208 Y-12.644
G1 F1800 X50.641 Y-34.212 E7359.94124
G0 F7200 X51.207 Y-34.212
G1 F1800 X72.208 Y-13.21 E7362.31729
G0 F7200 X72.208 Y-13.776
G1 F1800 X51.772 Y-34.212 E7364.62936
G0 F7200 X52.338 Y-34.212
G1 F1800 X72.208 Y-14.342 E7366.87739
G0 F7200 X72.208 Y-14.907
G1 F1800 X52.904 Y-34.212 E7369.06145
G0 F7200 X53.469 Y-34.212
G1 F1800 X72.208 Y-15.473 E7371.18152
G0 F7200 X72.208 Y-16.039
G1 F1800 X54.035 Y-34.212 E7373.23756
G0 F7200 X54.601 Y-34.212
G1 F1800 X72.208 Y-16.604 E7375.22962
G0 F7200 X72.208 Y-17.17
G1 F1800 X55.166 Y-34.212 E7377.15771
G0 F7200 X55.732 Y-34.212
G1 F1800 X72.208 Y-17.736 E7379.02175
G0 F7200 X72.208 Y-18.301
G1 F1800 X56.298 Y-34.212 E7380.82182
G0 F7200 X56.863 Y-34.212
G1 F1800 X72.208 Y-18.867 E7382.55791
G0 F7200 X72.208 Y-19.433
G1 F1800 X57.429 Y-34.212 E7384.22996
G0 F7200 X57.995 Y-34.212
G1 F1800 X72.208 Y-19.998 E7385.83804
G0 F7200 X72.208 Y-20.564
G1 F1800 X58.56 Y-34.212 E7387.38213
G0 F7200 X59.126 Y-34.212
G1 F1800 X72.208 Y-21.13 E7388.86219
G0 F7200 X72.208 Y-21.695
G1 F1800 X59.692 Y-34.212 E7390.27827
G0 F7200 X60.258 Y-34.212
G1 F1800 X72.208 Y-22.261 E7391.63032
G0 F7200 X72.208 Y-22.827
G1 F1800 X60.823 Y-34.212 E7392.91838
G0 F7200 X61.389 Y-34.212
G1 F1800 X72.208 Y-23.393 E7394.14241
G0 F7200 X72.208 Y-23.958
G1 F1800 X61.955 Y-34.212 E7395.30246
G0 F7200 X62.52 Y-34.212
G1 F1800 X72.208 Y-24.524 E7396.39853
G0 F7200 X72.208 Y-25.09
G1 F1800 X63.086 Y-34.212 E7397.43057
G0 F7200 X63.652 Y-34.212
G1 F1800 X72.208 Y-25.655 E7398.39863
G0 F7200 X72.208 Y-26.221
G1 F1800 X64.217 Y-34.212 E7399.30271
G0 F7200 X64.783 Y-34.212
G1 F1800 X72.208 Y-26.787 E7400.14275
G0 F7200 X72.208 Y-27.352
G1 F1800 X65.349 Y-34.212 E7400.91881
G0 F7200 X65.914 Y-34.212
G1 F1800 X72.208 Y-27.918 E7401.6309
G0 F7200 X72.208 Y-28.484
G1 F1800 X66.48 Y-34.212 E7402.27895
G0 F7200 X67.046 Y-34.212
G1 F1800 X72.208 Y-29.049 E7402.86302
G0 F7200 X72.208 Y-29.615
G1 F1800 X67.611 Y-34.212 E7403.38311
G0 F7200 X68.177 Y-34.212
G1 F1800 X72.208 Y-30.181 E7403.83916
G0 F7200 X72.208 Y-30.746
G1 F1800 X68.743 Y-34.212 E7404.23124
G0 F7200 X69.308 Y-34.212
G1 F1800 X72.208 Y-31.312 E7404.55934
G0 F7200 X72.208 Y-31.878
G1 F1800 X69.874 Y-34.212 E7404.8234
G0 F7200 X70.44 Y-34.212
G1 F1800 X72.208 Y-32.443 E7405.02348
G0 F7200 X72.208 Y-33.009
G1 F1800 X71.006 Y-34.212 E7405.15953
G0 F7200 X71.571 Y-34.212
G1 F1800 X72.208 Y-33.575 E7405.2316
G0 F7200 X72.208 Y-34.141
G1 F1800 X72.137 Y-34.212 E7405.23963
G0 F7200 X72.137 Y-34.184
G10
;MESH:NONMESH
G0 F600 Z0.9
G0 F7200 X7.816 Y30.182
G0 X6.727 Y30.182
G0 X-3.942 Y30.182
G0 X-5.037 Y30.182
G0 X-5.517 Y31.212
G0 X-5.204 Y31.492
;TIME_ELAPSED:2574.017536
;LAYER:3
;TYPE:WALL-INNER
;MESH:tapacarcvincha prueba 1.stl
G11
G1 F3600 X-5.204 Y-33.308 E7410.42363
G1 X-70.004 Y-33.308 E7415.60763
G1 X-70.004 Y31.492 E7420.79163
G1 X-5.204 Y31.492 E7425.97563
G0 F7200 X-4.804 Y31.892
;TYPE:WALL-OUTER
G1 F1800 X-4.804 Y-33.708 E7431.22363
G1 X-70.404 Y-33.708 E7436.47163
G1 X-70.404 Y31.892 E7441.71963
G1 X-4.804 Y31.892 E7446.96763
G0 F7200 X-4.804 Y31.692
G0 X-5.584 Y31.112
;TYPE:SKIN
G1 F1800 X-69.624 Y31.112 E7452.09083
G1 X-69.624 Y-32.928 E7457.21403
G1 X-5.584 Y-32.928 E7462.33723
G1 X-5.584 Y31.112 E7467.46043
G0 F7200 X-6.022 Y30.912
G1 F1800 X-5.784 Y30.674 E7467.48736
G0 F7200 X-5.784 Y30.109
G1 F1800 X-6.587 Y30.912 E7467.57821
G0 F7200 X-7.153 Y30.912
G1 F1800 X-5.784 Y29.543 E7467.73309
G0 F7200 X-5.784 Y28.977
G1 F1800 X-7.719 Y30.912 E7467.95201
G0 F7200 X-8.284 Y30.912
G1 F1800 X-5.784 Y28.412 E7468.23486
G0 F7200 X-5.784 Y27.846
G1 F1800 X-8.85 Y30.912 E7468.58173
G0 F7200 X-9.416 Y30.912
G1 F1800 X-5.784 Y27.28 E7468.99265
G0 F7200 X-5.784 Y26.714
G1 F1800 X-9.982 Y30.912 E7469.4676
G0 F7200 X-10.547 Y30.912
G1 F1800 X-5.784 Y26.149 E7470.00647
G0 F7200 X-5.784 Y25.583
G1 F1800 X-11.113 Y30.912 E7470.60938
G0 F7200 X-11.679 Y30.912
G1 F1800 X-5.784 Y25.017 E7471.27632
G0 F7200 X-5.784 Y24.452
G1 F1800 X-12.244 Y30.912 E7472.00719
G0 F7200 X-12.81 Y30.912
G1 F1800 X-5.784 Y23.886 E7472.80209
G0 F7200 X-5.784 Y23.32
G1 F1800 X-13.376 Y30.912 E7473.66102
G0 F7200 X-13.941 Y30.912
G1 F1800 X-5.784 Y22.755 E7474.58388
G0 F7200 X-5.784 Y22.189
G1 F1800 X-14.507 Y30.912 E7475.57078
G0 F7200 X-15.073 Y30.912
G1 F1800 X-5.784 Y21.623 E7476.62171
G0 F7200 X-5.784 Y21.058
G1 F1800 X-15.638 Y30.912 E7477.73656
G0 F7200 X-16.204 Y30.912
G1 F1800 X-5.784 Y20.492 E7478.91545
G0 F7200 X-5.784 Y19.926
G1 F1800 X-16.77 Y30.912 E7480.15837
G0 F7200 X-17.335 Y30.912
G1 F1800 X-5.784 Y19.361 E7481.46522
G0 F7200 X-5.784 Y18.795
G1 F1800 X-17.901 Y30.912 E7482.8361
G0 F7200 X-18.467 Y30.912
G1 F1800 X-5.784 Y18.229 E7484.27102
G0 F7200 X-5.784 Y17.664
G1 F1800 X-19.032 Y30.912 E7485.76986
G0 F7200 X-19.598 Y30.912
G1 F1800 X-5.784 Y17.098 E7487.33273
G0 F7200 X-5.784 Y16.532
G1 F1800 X-20.164 Y30.912 E7488.95965
G0 F7200 X-20.73 Y30.912
G1 F1800 X-5.784 Y15.966 E7490.65059
G0 F7200 X-5.784 Y15.401
G1 F1800 X-21.295 Y30.912 E7492.40546
G0 F7200 X-21.861 Y30.912
G1 F1800 X-5.784 Y14.835 E7494.22437
G0 F7200 X-5.784 Y14.269
G1 F1800 X-22.427 Y30.912 E7496.10731
G0 F7200 X-22.992 Y30.912
G1 F1800 X-5.784 Y13.704 E7498.05417
G0 F7200 X-5.784 Y13.138
G1 F1800 X-23.558 Y30.912 E7500.06507
G0 F7200 X-24.124 Y30.912
G1 F1800 X-5.784 Y12.572 E7502.14
G0 F7200 X-5.784 Y12.007
G1 F1800 X-24.689 Y30.912 E7504.27886
G0 F7200 X-25.255 Y30.912
G1 F1800 X-5.784 Y11.441 E7506.48175
G0 F7200 X-5.784 Y10.875
G1 F1800 X-25.821 Y30.912 E7508.74868
G0 F7200 X-26.386 Y30.912
G1 F1800 X-5.784 Y10.31 E7511.07953
G0 F7200 X-5.784 Y9.744
G1 F1800 X-26.952 Y30.912 E7513.47442
G0 F7200 X-27.518 Y30.912
G1 F1800 X-5.784 Y9.178 E7515.93334
G0 F7200 X-5.784 Y8.613
G1 F1800 X-28.083 Y30.912 E7518.45618
G0 F7200 X-28.649 Y30.912
G1 F1800 X-5.784 Y8.047 E7521.04306
G0 F7200 X-5.784 Y7.481
G1 F1800 X-29.215 Y30.912 E7523.69398
G0 F7200 X-29.781 Y30.912
G1 F1800 X-5.784 Y6.916 E7526.40887
G0 F7200 X-5.784 Y6.35
G1 F1800 X-30.346 Y30.912 E7529.18774
G0 F7200 X-30.912 Y30.912
G1 F1800 X-5.784 Y5.784 E7532.03065
G0 F7200 X-5.784 Y5.218
G1 F1800 X-31.478 Y30.912 E7534.9376
G0 F7200 X-32.043 Y30.912
G1 F1800 X-5.784 Y4.653 E7537.90846
G0 F7200 X-5.784 Y4.087
G1 F1800 X-32.609 Y30.912 E7540.94336
G0 F7200 X-33.175 Y30.912
G1 F1800 X-5.784 Y3.521 E7544.0423
G0 F7200 X-5.784 Y2.956
G1 F1800 X-33.74 Y30.912 E7547.20516
G0 F7200 X-34.306 Y30.912
G1 F1800 X-5.784 Y2.39 E7550.43206
G0 F7200 X-5.784 Y1.824
G1 F1800 X-34.872 Y30.912 E7553.72299
G0 F7200 X-35.437 Y30.912
G1 F1800 X-5.784 Y1.259 E7557.07784
G0 F7200 X-5.784 Y0.693
G1 F1800 X-36.003 Y30.912 E7560.49673
G0 F7200 X-36.569 Y30.912
G1 F1800 X-5.784 Y0.127 E7563.97966
G0 F7200 X-5.784 Y-.438
G1 F1800 X-37.134 Y30.912 E7567.52651
G0 F7200 X-37.7 Y30.912
G1 F1800 X-5.784 Y-1.004 E7571.13739
G0 F7200 X-5.784 Y-1.57
G1 F1800 X-38.266 Y30.912 E7574.81231
G0 F7200 X-38.831 Y30.912
G1 F1800 X-5.784 Y-2.135 E7578.55115
G0 F7200 X-5.784 Y-2.701
G1 F1800 X-39.397 Y30.912 E7582.35403
G0 F7200 X-39.963 Y30.912
G1 F1800 X-5.784 Y-3.267 E7586.22094
G0 F7200 X-5.784 Y-3.833
G1 F1800 X-40.529 Y30.912 E7590.15189
G0 F7200 X-41.094 Y30.912
G1 F1800 X-5.784 Y-4.398 E7594.14676
G0 F7200 X-5.784 Y-4.964
G1 F1800 X-41.66 Y30.912 E7598.20566
G0 F7200 X-42.226 Y30.912
G1 F1800 X-5.784 Y-5.53 E7602.32861
G0 F7200 X-5.784 Y-6.095
G1 F1800 X-42.791 Y30.912 E7606.51547
G0 F7200 X-43.357 Y30.912
G1 F1800 X-5.784 Y-6.661 E7610.76637
G0 F7200 X-5.784 Y-7.227
G1 F1800 X-43.923 Y30.912 E7615.0813
G0 F7200 X-44.488 Y30.912
G1 F1800 X-5.784 Y-7.792 E7619.46016
G0 F7200 X-5.784 Y-8.358
G1 F1800 X-45.054 Y30.912 E7623.90306
G0 F7200 X-45.62 Y30.912
G1 F1800 X-5.784 Y-8.924 E7628.40998
G0 F7200 X-5.784 Y-9.489
G1 F1800 X-46.185 Y30.912 E7632.98084
G0 F7200 X-46.751 Y30.912
G1 F1800 X-5.784 Y-10.055 E7637.61572
G0 F7200 X-5.784 Y-10.621
G1 F1800 X-47.317 Y30.912 E7642.31465
G0 F7200 X-47.882 Y30.912
G1 F1800 X-5.784 Y-11.186 E7647.07749
G0 F7200 X-5.784 Y-11.752
G1 F1800 X-48.448 Y30.912 E7651.90437
G0 F7200 X-49.014 Y30.912
G1 F1800 X-5.784 Y-12.318 E7656.79529
G0 F7200 X-5.784 Y-12.883
G1 F1800 X-49.579 Y30.912 E7661.75013
G0 F7200 X-50.145 Y30.912
G1 F1800 X-5.784 Y-13.449 E7666.769
G0 F7200 X-5.784 Y-14.015
G1 F1800 X-50.711 Y30.912 E7671.85191
G0 F7200 X-51.277 Y30.912
G1 F1800 X-5.784 Y-14.581 E7676.99886
G0 F7200 X-5.784 Y-15.146
G1 F1800 X-51.842 Y30.912 E7682.20972
G0 F7200 X-52.408 Y30.912
G1 F1800 X-5.784 Y-15.712 E7687.48463
G0 F7200 X-5.784 Y-16.278
G1 F1800 X-52.974 Y30.912 E7692.82357
G0 F7200 X-53.539 Y30.912
G1 F1800 X-5.784 Y-16.843 E7698.22643
G0 F7200 X-5.784 Y-17.409
G1 F1800 X-54.105 Y30.912 E7703.69332
G0 F7200 X-54.671 Y30.912
G1 F1800 X-5.784 Y-17.975 E7709.22426
G0 F7200 X-5.784 Y-18.54
G1 F1800 X-55.236 Y30.912 E7714.81911
G0 F7200 X-55.802 Y30.912
G1 F1800 X-5.784 Y-19.106 E7720.478
G0 F7200 X-5.784 Y-19.672
G1 F1800 X-56.368 Y30.912 E7726.20093
G0 F7200 X-56.933 Y30.912
G1 F1800 X-5.784 Y-20.237 E7731.98778
G0 F7200 X-5.784 Y-20.803
G1 F1800 X-57.499 Y30.912 E7737.83866
G0 F7200 X-58.065 Y30.912
G1 F1800 X-5.784 Y-21.369 E7743.75358
G0 F7200 X-5.784 Y-21.934
G1 F1800 X-58.63 Y30.912 E7749.73242
G0 F7200 X-59.196 Y30.912
G1 F1800 X-5.784 Y-22.5 E7755.7753
G0 F7200 X-5.784 Y-23.066
G1 F1800 X-59.762 Y30.912 E7761.88222
G0 F7200 X-60.328 Y30.912
G1 F1800 X-5.784 Y-23.632 E7768.05317
G0 F7200 X-5.784 Y-24.197
G1 F1800 X-60.893 Y30.912 E7774.28804
G0 F7200 X-61.459 Y30.912
G1 F1800 X-5.784 Y-24.763 E7780.58694
G0 F7200 X-5.784 Y-25.329
G1 F1800 X-62.025 Y30.912 E7786.94989
G0 F7200 X-62.59 Y30.912
G1 F1800 X-5.784 Y-25.894 E7793.37675
G0 F7200 X-5.784 Y-26.46
G1 F1800 X-63.156 Y30.912 E7799.86765
G0 F7200 X-63.722 Y30.912
G1 F1800 X-5.784 Y-27.026 E7806.42259
G0 F7200 X-5.784 Y-27.591
G1 F1800 X-64.287 Y30.912 E7813.04145
G0 F7200 X-64.853 Y30.912
G1 F1800 X-5.784 Y-28.157 E7819.72434
G0 F7200 X-5.784 Y-28.723
G1 F1800 X-65.419 Y30.912 E7826.47127
G0 F7200 X-65.984 Y30.912
G1 F1800 X-5.784 Y-29.288 E7833.28213
G0 F7200 X-5.784 Y-29.854
G1 F1800 X-66.55 Y30.912 E7840.15701
G0 F7200 X-67.116 Y30.912
G1 F1800 X-5.784 Y-30.42 E7847.09594
G0 F7200 X-5.784 Y-30.985
G1 F1800 X-67.681 Y30.912 E7854.09878
G0 F7200 X-68.247 Y30.912
G1 F1800 X-5.784 Y-31.551 E7861.16566
G0 F7200 X-5.784 Y-32.117
G1 F1800 X-68.813 Y30.912 E7868.29658
G0 F7200 X-69.378 Y30.912
G1 F1800 X-5.784 Y-32.682 E7875.49142
G0 F7200 X-6.305 Y-32.728
G1 F1800 X-69.424 Y30.391 E7882.63252
G0 F7200 X-69.424 Y29.826
G1 F1800 X-6.87 Y-32.728 E7889.7097
G0 F7200 X-7.436 Y-32.728
G1 F1800 X-69.424 Y29.26 E7896.72284
G0 F7200 X-69.424 Y28.694
G1 F1800 X-8.002 Y-32.728 E7903.67195
G0 F7200 X-8.567 Y-32.728
G1 F1800 X-69.424 Y28.129 E7910.55713
G0 F7200 X-69.424 Y27.563
G1 F1800 X-9.133 Y-32.728 E7917.37828
G0 F7200 X-9.699 Y-32.728
G1 F1800 X-69.424 Y26.997 E7924.13539
G0 F7200 X-69.424 Y26.432
G1 F1800 X-10.264 Y-32.728 E7930.82858
G0 F7200 X-10.83 Y-32.728
G1 F1800 X-69.424 Y25.866 E7937.45773
G0 F7200 X-69.424 Y25.3
G1 F1800 X-11.396 Y-32.728 E7944.02285
G0 F7200 X-11.961 Y-32.728
G1 F1800 X-69.424 Y24.735 E7950.52405
G0 F7200 X-69.424 Y24.169
G1 F1800 X-12.527 Y-32.728 E7956.96121
G0 F7200 X-13.093 Y-32.728
G1 F1800 X-69.424 Y23.603 E7963.33434
G0 F7200 X-69.424 Y23.038
G1 F1800 X-13.658 Y-32.728 E7969.64354
G0 F7200 X-14.224 Y-32.728
G1 F1800 X-69.424 Y22.472 E7975.88871
G0 F7200 X-69.424 Y21.906
G1 F1800 X-14.79 Y-32.728 E7982.06984
G0 F7200 X-15.356 Y-32.728
G1 F1800 X-69.424 Y21.34 E7988.18693
G0 F7200 X-69.424 Y20.775
G1 F1800 X-15.921 Y-32.728 E7994.24011
G0 F7200 X-16.487 Y-32.728
G1 F1800 X-69.424 Y20.209 E8000.22924
G0 F7200 X-69.424 Y19.643
G1 F1800 X-17.053 Y-32.728 E8006.15435
G0 F7200 X-17.618 Y-32.728
G1 F1800 X-69.424 Y19.078 E8012.01553
G0 F7200 X-69.424 Y18.512
G1 F1800 X-18.184 Y-32.728 E8017.81267
G0 F7200 X-18.75 Y-32.728
G1 F1800 X-69.424 Y17.946 E8023.54578
G0 F7200 X-69.424 Y17.381
G1 F1800 X-19.315 Y-32.728 E8029.21497
G0 F7200 X-19.881 Y-32.728
G1 F1800 X-69.424 Y16.815 E8034.82012
G0 F7200 X-69.424 Y16.249
G1 F1800 X-20.447 Y-32.728 E8040.36123
G0 F7200 X-21.012 Y-32.728
G1 F1800 X-69.424 Y15.684 E8045.83842
G0 F7200 X-69.424 Y15.118
G1 F1800 X-21.578 Y-32.728 E8051.25158
G0 F7200 X-22.144 Y-32.728
G1 F1800 X-69.424 Y14.552 E8056.6007
G0 F7200 X-69.424 Y13.987
G1 F1800 X-22.709 Y-32.728 E8061.8859
G0 F7200 X-23.275 Y-32.728
G1 F1800 X-69.424 Y13.421 E8067.10706
G0 F7200 X-69.424 Y12.855
G1 F1800 X-23.841 Y-32.728 E8072.26419
G0 F7200 X-24.406 Y-32.728
G1 F1800 X-69.424 Y12.29 E8077.3574
G0 F7200 X-69.424 Y11.724
G1 F1800 X-24.972 Y-32.728 E8082.38657
G0 F7200 X-25.538 Y-32.728
G1 F1800 X-69.424 Y11.158 E8087.3517
G0 F7200 X-69.424 Y10.592
G1 F1800 X-26.104 Y-32.728 E8092.2528
G0 F7200 X-26.669 Y-32.728
G1 F1800 X-69.424 Y10.027 E8097.08998
G0 F7200 X-69.424 Y9.461
G1 F1800 X-27.235 Y-32.728 E8101.86312
G0 F7200 X-27.801 Y-32.728
G1 F1800 X-69.424 Y8.895 E8106.57222
G0 F7200 X-69.424 Y8.33
G1 F1800 X-28.366 Y-32.728 E8111.2174
G0 F7200 X-28.932 Y-32.728
G1 F1800 X-69.424 Y7.764 E8115.79855
G0 F7200 X-69.424 Y7.198
G1 F1800 X-29.498 Y-32.728 E8120.31566
G0 F7200 X-30.063 Y-32.728
G1 F1800 X-69.424 Y6.633 E8124.76885
G0 F7200 X-69.424 Y6.067
G1 F1800 X-30.629 Y-32.728 E8129.158
G0 F7200 X-31.195 Y-32.728
G1 F1800 X-69.424 Y5.501 E8133.48312
G0 F7200 X-69.424 Y4.936
G1 F1800 X-31.76 Y-32.728 E8137.74432
G0 F7200 X-32.326 Y-32.728
G1 F1800 X-69.424 Y4.37 E8141.94148
G0 F7200 X-69.424 Y3.804
G1 F1800 X-32.892 Y-32.728 E8146.0746
G0 F7200 X-33.457 Y-32.728
G1 F1800 X-69.424 Y3.239 E8150.1438
G0 F7200 X-69.424 Y2.673
G1 F1800 X-34.023 Y-32.728 E8154.14897
G0 F7200 X-34.589 Y-32.728
G1 F1800 X-69.424 Y2.107 E8158.0901
G0 F7200 X-69.424 Y1.541
G1 F1800 X-35.155 Y-32.728 E8161.96719
G0 F7200 X-35.72 Y-32.728
G1 F1800 X-69.424 Y0.976 E8165.78036
G0 F7200 X-69.424 Y0.41
G1 F1800 X-36.286 Y-32.728 E8169.5295
G0 F7200 X-36.852 Y-32.728
G1 F1800 X-69.424 Y-.156 E8173.2146
G0 F7200 X-69.424 Y-.721
G1 F1800 X-37.417 Y-32.728 E8176.83578
G0 F7200 X-37.983 Y-32.728
G1 F1800 X-69.424 Y-1.287 E8180.39292
G0 F7200 X-69.424 Y-1.853
G1 F1800 X-38.549 Y-32.728 E8183.88603
G0 F7200 X-39.114 Y-32.728
G1 F1800 X-69.424 Y-2.418 E8187.31522
G0 F7200 X-69.424 Y-2.984
G1 F1800 X-39.68 Y-32.728 E8190.68037
G0 F7200 X-40.246 Y-32.728
G1 F1800 X-69.424 Y-3.55 E8193.98148
G0 F7200 X-69.424 Y-4.115
G1 F1800 X-40.811 Y-32.728 E8197.21867
G0 F7200 X-41.377 Y-32.728
G1 F1800 X-69.424 Y-4.681 E8200.39183
G0 F7200 X-69.424 Y-5.247
G1 F1800 X-41.943 Y-32.728 E8203.50095
G0 F7200 X-42.508 Y-32.728
G1 F1800 X-69.424 Y-5.812 E8206.54615
G0 F7200 X-69.424 Y-6.378
G1 F1800 X-43.074 Y-32.728 E8209.52731
G0 F7200 X-43.64 Y-32.728
G1 F1800 X-69.424 Y-6.944 E8212.44443
G0 F7200 X-69.424 Y-7.509
G1 F1800 X-44.205 Y-32.728 E8215.29764
G0 F7200 X-44.771 Y-32.728
G1 F1800 X-69.424 Y-8.075 E8218.08681
G0 F7200 X-69.424 Y-8.641
G1 F1800 X-45.337 Y-32.728 E8220.81194
G0 F7200 X-45.903 Y-32.728
G1 F1800 X-69.424 Y-9.207 E8223.47304
G0 F7200 X-69.424 Y-9.772
G1 F1800 X-46.468 Y-32.728 E8226.07021
G0 F7200 X-47.034 Y-32.728
G1 F1800 X-69.424 Y-10.338 E8228.60335
G0 F7200 X-69.424 Y-10.904
G1 F1800 X-47.6 Y-32.728 E8231.07246
G0 F7200 X-48.165 Y-32.728
G1 F1800 X-69.424 Y-11.469 E8233.47764
G0 F7200 X-69.424 Y-12.035
G1 F1800 X-48.731 Y-32.728 E8235.81878
G0 F7200 X-49.297 Y-32.728
G1 F1800 X-69.424 Y-12.601 E8238.09589
G0 F7200 X-69.424 Y-13.166
G1 F1800 X-49.862 Y-32.728 E8240.30908
G0 F7200 X-50.428 Y-32.728
G1 F1800 X-69.424 Y-13.732 E8242.45823
G0 F7200 X-69.424 Y-14.298
G1 F1800 X-50.994 Y-32.728 E8244.54335
G0 F7200 X-51.559 Y-32.728
G1 F1800 X-69.424 Y-14.863 E8246.56454
G0 F7200 X-69.424 Y-15.429
G1 F1800 X-52.125 Y-32.728 E8248.5217
G0 F7200 X-52.691 Y-32.728
G1 F1800 X-69.424 Y-15.995 E8250.41482
G0 F7200 X-69.424 Y-16.56
G1 F1800 X-53.256 Y-32.728 E8252.24402
G0 F7200 X-53.822 Y-32.728
G1 F1800 X-69.424 Y-17.126 E8254.00919
G0 F7200 X-69.424 Y-17.692
G1 F1800 X-54.388 Y-32.728 E8255.71032
G0 F7200 X-54.954 Y-32.728
G1 F1800 X-69.424 Y-18.257 E8257.34747
G0 F7200 X-69.424 Y-18.823
G1 F1800 X-55.519 Y-32.728 E8258.92064
G0 F7200 X-56.085 Y-32.728
G1 F1800 X-69.424 Y-19.389 E8260.42978
G0 F7200 X-69.424 Y-19.955
G1 F1800 X-56.651 Y-32.728 E8261.87488
G0 F7200 X-57.216 Y-32.728
G1 F1800 X-69.424 Y-20.52 E8263.25605
G0 F7200 X-69.424 Y-21.086
G1 F1800 X-57.782 Y-32.728 E8264.57319
G0 F7200 X-58.348 Y-32.728
G1 F1800 X-69.424 Y-21.652 E8265.8263
G0 F7200 X-69.424 Y-22.217
G1 F1800 X-58.913 Y-32.728 E8267.01549
G0 F7200 X-59.479 Y-32.728
G1 F1800 X-69.424 Y-22.783 E8268.14063
G0 F7200 X-69.424 Y-23.349
G1 F1800 X-60.045 Y-32.728 E8269.20175
G0 F7200 X-60.61 Y-32.728
G1 F1800 X-69.424 Y-23.914 E8270.19894
G0 F7200 X-69.424 Y-24.48
G1 F1800 X-61.176 Y-32.728 E8271.13209
G0 F7200 X-61.742 Y-32.728
G1 F1800 X-69.424 Y-25.046 E8272.00121
G0 F7200 X-69.424 Y-25.611
G1 F1800 X-62.307 Y-32.728 E8272.80641
G0 F7200 X-62.873 Y-32.728
G1 F1800 X-69.424 Y-26.177 E8273.54757
G0 F7200 X-69.424 Y-26.743
G1 F1800 X-63.439 Y-32.728 E8274.22469
G0 F7200 X-64.004 Y-32.728
G1 F1800 X-69.424 Y-27.308 E8274.8379
G0 F7200 X-69.424 Y-27.874
G1 F1800 X-64.57 Y-32.728 E8275.38706
G0 F7200 X-65.136 Y-32.728
G1 F1800 X-69.424 Y-28.44 E8275.8722
G0 F7200 X-69.424 Y-29.006
G1 F1800 X-65.702 Y-32.728 E8276.29329
G0 F7200 X-66.267 Y-32.728
G1 F1800 X-69.424 Y-29.571 E8276.65047
G0 F7200 X-69.424 Y-30.137
G1 F1800 X-66.833 Y-32.728 E8276.9436
G0 F7200 X-67.399 Y-32.728
G1 F1800 X-69.424 Y-30.703 E8277.17271
G0 F7200 X-69.424 Y-31.268
G1 F1800 X-67.964 Y-32.728 E8277.33789
G0 F7200 X-68.53 Y-32.728
G1 F1800 X-69.424 Y-31.834 E8277.43903
G0 F7200 X-69.424 Y-32.4
G1 F1800 X-69.096 Y-32.728 E8277.47614
G0 F7200 X-69.096 Y-32.698
G10
;MESH:base carc vincha prueba 1.stl
G0 X-5.037 Y29.726
G0 X-3.942 Y29.726
G0 X6.727 Y29.726
G0 X7.822 Y29.726
G0 X72.482 Y29.726
G0 X72.791 Y30.004
;TYPE:WALL-INNER
G11
G1 F3600 X72.791 Y-34.792 E8282.65982
G1 X7.992 Y-34.792 E8287.84374
G1 X7.992 Y30.004 E8293.02742
G1 X72.791 Y30.004 E8298.21134
G0 F7200 X73.191 Y30.404
;TYPE:WALL-OUTER
G1 F1800 X73.191 Y-35.192 E8303.45902
G1 X7.592 Y-35.192 E8308.70694
G1 X7.592 Y30.404 E8313.95462
G1 X73.191 Y30.404 E8319.20254
G0 F7200 X73.191 Y30.204
G0 X72.408 Y29.624
;TYPE:SKIN
G1 F1800 X8.372 Y29.624 E8324.32542
G1 X8.372 Y-34.412 E8329.4483
G1 X72.408 Y-34.412 E8334.57118
G1 X72.408 Y29.624 E8339.69406
G0 F7200 X72.208 Y29.05
G1 F1800 X71.834 Y29.424 E8339.73637
G0 F7200 X71.268 Y29.424
G1 F1800 X72.208 Y28.484 E8339.84272
G0 F7200 X72.208 Y27.919
G1 F1800 X70.702 Y29.424 E8340.01305
G0 F7200 X70.137 Y29.424
G1 F1800 X72.208 Y27.353 E8340.24736
G0 F7200 X72.208 Y26.787
G1 F1800 X69.571 Y29.424 E8340.5457
G0 F7200 X69.005 Y29.424
G1 F1800 X72.208 Y26.222 E8340.90802
G0 F7200 X72.208 Y25.656
G1 F1800 X68.439 Y29.424 E8341.33438
G0 F7200 X67.874 Y29.424
G1 F1800 X72.208 Y25.09 E8341.82471
G0 F7200 X72.208 Y24.525
G1 F1800 X67.308 Y29.424 E8342.37903
G0 F7200 X66.742 Y29.424
G1 F1800 X72.208 Y23.959 E8342.99738
G0 F7200 X72.208 Y23.393
G1 F1800 X66.177 Y29.424 E8343.67971
G0 F7200 X65.611 Y29.424
G1 F1800 X72.208 Y22.828 E8344.42602
G0 F7200 X72.208 Y22.262
G1 F1800 X65.045 Y29.424 E8345.23636
G0 F7200 X64.48 Y29.424
G1 F1800 X72.208 Y21.696 E8346.11069
G0 F7200 X72.208 Y21.13
G1 F1800 X63.914 Y29.424 E8347.04905
G0 F7200 X63.348 Y29.424
G1 F1800 X72.208 Y20.565 E8348.05138
G0 F7200 X72.208 Y19.999
G1 F1800 X62.783 Y29.424 E8349.1177
G0 F7200 X62.217 Y29.424
G1 F1800 X72.208 Y19.433 E8350.24805
G0 F7200 X72.208 Y18.868
G1 F1800 X61.651 Y29.424 E8351.44238
G0 F7200 X61.086 Y29.424
G1 F1800 X72.208 Y18.302 E8352.7007
G0 F7200 X72.208 Y17.736
G1 F1800 X60.52 Y29.424 E8354.02304
G0 F7200 X59.954 Y29.424
G1 F1800 X72.208 Y17.171 E8355.40937
G0 F7200 X72.208 Y16.605
G1 F1800 X59.388 Y29.424 E8356.85973
G0 F7200 X58.823 Y29.424
G1 F1800 X72.208 Y16.039 E8358.37407
G0 F7200 X72.208 Y15.474
G1 F1800 X58.257 Y29.424 E8359.95239
G0 F7200 X57.691 Y29.424
G1 F1800 X72.208 Y14.908 E8361.59474
G0 F7200 X72.208 Y14.342
G1 F1800 X57.126 Y29.424 E8363.30107
G0 F7200 X56.56 Y29.424
G1 F1800 X72.208 Y13.777 E8365.07139
G0 F7200 X72.208 Y13.211
G1 F1800 X55.994 Y29.424 E8366.90574
G0 F7200 X55.429 Y29.424
G1 F1800 X72.208 Y12.645 E8368.80406
G0 F7200 X72.208 Y12.08
G1 F1800 X54.863 Y29.424 E8370.76637
G0 F7200 X54.297 Y29.424
G1 F1800 X72.208 Y11.514 E8372.79271
G0 F7200 X72.208 Y10.948
G1 F1800 X53.732 Y29.424 E8374.88303
G0 F7200 X53.166 Y29.424
G1 F1800 X72.208 Y10.382 E8377.03739
G0 F7200 X72.208 Y9.817
G1 F1800 X52.6 Y29.424 E8379.25572
G0 F7200 X52.035 Y29.424
G1 F1800 X72.208 Y9.251 E8381.53804
G0 F7200 X72.208 Y8.685
G1 F1800 X51.469 Y29.424 E8383.88439
G0 F7200 X50.903 Y29.424
G1 F1800 X72.208 Y8.12 E8386.29472
G0 F7200 X72.208 Y7.554
G1 F1800 X50.338 Y29.424 E8388.76902
G0 F7200 X49.772 Y29.424
G1 F1800 X72.208 Y6.988 E8391.30737
G0 F7200 X72.208 Y6.423
G1 F1800 X49.206 Y29.424 E8393.90969
G0 F7200 X48.64 Y29.424
G1 F1800 X72.208 Y5.857 E8396.57605
G0 F7200 X72.208 Y5.291
G1 F1800 X48.075 Y29.424 E8399.30639
G0 F7200 X47.509 Y29.424
G1 F1800 X72.208 Y4.726 E8402.1007
G0 F7200 X72.208 Y4.16
G1 F1800 X46.943 Y29.424 E8404.95905
G0 F7200 X46.378 Y29.424
G1 F1800 X72.208 Y3.594 E8407.88139
G0 F7200 X72.208 Y3.029
G1 F1800 X45.812 Y29.424 E8410.8677
G0 F7200 X45.246 Y29.424
G1 F1800 X72.208 Y2.463 E8413.91804
G0 F7200 X72.208 Y1.897
G1 F1800 X44.681 Y29.424 E8417.03237
G0 F7200 X44.115 Y29.424
G1 F1800 X72.208 Y1.331 E8420.21073
G0 F7200 X72.208 Y0.766
G1 F1800 X43.549 Y29.424 E8423.45306
G0 F7200 X42.984 Y29.424
G1 F1800 X72.208 Y0.2 E8426.75938
G0 F7200 X72.208 Y-.366
G1 F1800 X42.418 Y29.424 E8430.12974
G0 F7200 X41.852 Y29.424
G1 F1800 X72.208 Y-.931 E8433.56407
G0 F7200 X72.208 Y-1.497
G1 F1800 X41.287 Y29.424 E8437.06238
G0 F7200 X40.721 Y29.424
G1 F1800 X72.208 Y-2.063 E8440.62473
G0 F7200 X72.208 Y-2.628
G1 F1800 X40.155 Y29.424 E8444.25105
G0 F7200 X39.589 Y29.424
G1 F1800 X72.208 Y-3.194 E8447.94142
G0 F7200 X72.208 Y-3.76
G1 F1800 X39.024 Y29.424 E8451.69576
G0 F7200 X38.458 Y29.424
G1 F1800 X72.208 Y-4.325 E8455.51408
G0 F7200 X72.208 Y-4.891
G1 F1800 X37.892 Y29.424 E8459.39643
G0 F7200 X37.327 Y29.424
G1 F1800 X72.208 Y-5.457 E8463.34277
G0 F7200 X72.208 Y-6.022
G1 F1800 X36.761 Y29.424 E8467.35308
G0 F7200 X36.195 Y29.424
G1 F1800 X72.208 Y-6.588 E8471.42743
G0 F7200 X72.208 Y-7.154
G1 F1800 X35.63 Y29.424 E8475.56576
G0 F7200 X35.064 Y29.424
G1 F1800 X72.208 Y-7.719 E8479.76807
G0 F7200 X72.208 Y-8.285
G1 F1800 X34.498 Y29.424 E8484.03441
G0 F7200 X33.933 Y29.424
G1 F1800 X72.208 Y-8.851 E8488.36473
G0 F7200 X72.208 Y-9.417
G1 F1800 X33.367 Y29.424 E8492.75909
G0 F7200 X32.801 Y29.424
G1 F1800 X72.208 Y-9.982 E8497.21743
G0 F7200 X72.208 Y-10.548
G1 F1800 X32.236 Y29.424 E8501.73974
G0 F7200 X31.67 Y29.424
G1 F1800 X72.208 Y-11.114 E8506.32609
G0 F7200 X72.208 Y-11.679
G1 F1800 X31.104 Y29.424 E8510.97642
G0 F7200 X30.539 Y29.424
G1 F1800 X72.208 Y-12.245 E8515.69073
G0 F7200 X72.208 Y-12.811
G1 F1800 X29.973 Y29.424 E8520.46908
G0 F7200 X29.407 Y29.424
G1 F1800 X72.208 Y-13.376 E8525.3114
G0 F7200 X72.208 Y-13.942
G1 F1800 X28.841 Y29.424 E8530.21776
G0 F7200 X28.276 Y29.424
G1 F1800 X72.208 Y-14.508 E8535.1881
G0 F7200 X72.208 Y-15.073
G1 F1800 X27.71 Y29.424 E8540.22242
G0 F7200 X27.144 Y29.424
G1 F1800 X72.208 Y-15.639 E8545.32077
G0 F7200 X72.208 Y-16.205
G1 F1800 X26.579 Y29.424 E8550.4831
G0 F7200 X26.013 Y29.424
G1 F1800 X72.208 Y-16.77 E8555.70941
G0 F7200 X72.208 Y-17.336
G1 F1800 X25.447 Y29.424 E8560.99976
G0 F7200 X24.882 Y29.424
G1 F1800 X72.208 Y-17.902 E8566.35408
G0 F7200 X72.208 Y-18.468
G1 F1800 X24.316 Y29.424 E8571.77245
G0 F7200 X23.75 Y29.424
G1 F1800 X72.208 Y-19.033 E8577.25479
G0 F7200 X72.208 Y-19.599
G1 F1800 X23.185 Y29.424 E8582.8011
G0 F7200 X22.619 Y29.424
G1 F1800 X72.208 Y-20.165 E8588.41146
G0 F7200 X72.208 Y-20.73
G1 F1800 X22.053 Y29.424 E8594.08579
G0 F7200 X21.488 Y29.424
G1 F1800 X72.208 Y-21.296 E8599.82411
G0 F7200 X72.208 Y-21.862
G1 F1800 X20.922 Y29.424 E8605.62646
G0 F7200 X20.356 Y29.424
G1 F1800 X72.208 Y-22.427 E8611.49278
G0 F7200 X72.208 Y-22.993
G1 F1800 X19.791 Y29.424 E8617.42309
G0 F7200 X19.225 Y29.424
G1 F1800 X72.208 Y-23.559 E8623.41743
G0 F7200 X72.208 Y-24.124
G1 F1800 X18.659 Y29.424 E8629.47575
G0 F7200 X18.093 Y29.424
G1 F1800 X72.208 Y-24.69 E8635.59811
G0 F7200 X72.208 Y-25.256
G1 F1800 X17.528 Y29.424 E8641.78445
G0 F7200 X16.962 Y29.424
G1 F1800 X72.208 Y-25.821 E8648.03476
G0 F7200 X72.208 Y-26.387
G1 F1800 X16.396 Y29.424 E8654.34911
G0 F7200 X15.831 Y29.424
G1 F1800 X72.208 Y-26.953 E8660.72744
G0 F7200 X72.208 Y-27.518
G1 F1800 X15.265 Y29.424 E8667.16975
G0 F7200 X14.699 Y29.424
G1 F1800 X72.208 Y-28.084 E8673.67609
G0 F7200 X72.208 Y-28.65
G1 F1800 X14.134 Y29.424 E8680.24642
G0 F7200 X13.568 Y29.424
G1 F1800 X72.208 Y-29.216 E8686.88077
G0 F7200 X72.208 Y-29.781
G1 F1800 X13.002 Y29.424 E8693.57911
G0 F7200 X12.437 Y29.424
G1 F1800 X72.208 Y-30.347 E8700.34143
G0 F7200 X72.208 Y-30.913
G1 F1800 X11.871 Y29.424 E8707.16778
G0 F7200 X11.305 Y29.424
G1 F1800 X72.208 Y-31.478 E8714.05811
G0 F7200 X72.208 Y-32.044
G1 F1800 X10.74 Y29.424 E8721.01242
G0 F7200 X10.174 Y29.424
G1 F1800 X72.208 Y-32.61 E8728.03077
G0 F7200 X72.208 Y-33.175
G1 F1800 X9.608 Y29.424 E8735.11309
G0 F7200 X9.042 Y29.424
G1 F1800 X72.208 Y-33.741 E8742.25945
G0 F7200 X72.113 Y-34.212
G1 F1800 X8.572 Y29.329 E8749.4483
G0 F7200 X8.572 Y28.763
G1 F1800 X71.547 Y-34.212 E8756.57311
G0 F7200 X70.982 Y-34.212
G1 F1800 X8.572 Y28.197 E8763.63393
G0 F7200 X8.572 Y27.632
G1 F1800 X70.416 Y-34.212 E8770.63078
G0 F7200 X69.85 Y-34.212
G1 F1800 X8.572 Y27.066 E8777.5636
G0 F7200 X8.572 Y26.5
G1 F1800 X69.284 Y-34.212 E8784.43238
G0 F7200 X68.719 Y-34.212
G1 F1800 X8.572 Y25.935 E8791.23723
G0 F7200 X8.572 Y25.369
G1 F1800 X68.153 Y-34.212 E8797.97805
G0 F7200 X67.587 Y-34.212
G1 F1800 X8.572 Y24.803 E8804.65484
G0 F7200 X8.572 Y24.237
G1 F1800 X67.022 Y-34.212 E8811.26765
G0 F7200 X66.456 Y-34.212
G1 F1800 X8.572 Y23.672 E8817.81647
G0 F7200 X8.572 Y23.106
G1 F1800 X65.89 Y-34.212 E8824.30126
G0 F7200 X65.325 Y-34.212
G1 F1800 X8.572 Y22.54 E8830.72208
G0 F7200 X8.572 Y21.975
G1 F1800 X64.759 Y-34.212 E8837.07891
G0 F7200 X64.193 Y-34.212
G1 F1800 X8.572 Y21.409 E8843.37171
G0 F7200 X8.572 Y20.843
G1 F1800 X63.628 Y-34.212 E8849.60053
G0 F7200 X63.062 Y-34.212
G1 F1800 X8.572 Y20.278 E8855.76537
G0 F7200 X8.572 Y19.712
G1 F1800 X62.496 Y-34.212 E8861.86617
G0 F7200 X61.931 Y-34.212
G1 F1800 X8.572 Y19.146 E8867.903
G0 F7200 X8.572 Y18.581
G1 F1800 X61.365 Y-34.212 E8873.87584
G0 F7200 X60.799 Y-34.212
G1 F1800 X8.572 Y18.015 E8879.78465
G0 F7200 X8.572 Y17.449
G1 F1800 X60.233 Y-34.212 E8885.62943
G0 F7200 X59.668 Y-34.212
G1 F1800 X8.572 Y16.884 E8891.41028
G0 F7200 X8.572 Y16.318
G1 F1800 X59.102 Y-34.212 E8897.1271
G0 F7200 X58.536 Y-34.212
G1 F1800 X8.572 Y15.752 E8902.77988
G0 F7200 X8.572 Y15.187
G1 F1800 X57.971 Y-34.212 E8908.36874
G0 F7200 X57.405 Y-34.212
G1 F1800 X8.572 Y14.621 E8913.89356
G0 F7200 X8.572 Y14.055
G1 F1800 X56.839 Y-34.212 E8919.35435
G0 F7200 X56.274 Y-34.212
G1 F1800 X8.572 Y13.489 E8924.75116
G0 F7200 X8.572 Y12.924
G1 F1800 X55.708 Y-34.212 E8930.08399
G0 F7200 X55.142 Y-34.212
G1 F1800 X8.572 Y12.358 E8935.35278
G0 F7200 X8.572 Y11.792
G1 F1800 X54.577 Y-34.212 E8940.55759
G0 F7200 X54.011 Y-34.212
G1 F1800 X8.572 Y11.227 E8945.69843
G0 F7200 X8.572 Y10.661
G1 F1800 X53.445 Y-34.212 E8950.77523
G0 F7200 X52.88 Y-34.212
G1 F1800 X8.572 Y10.095 E8955.78805
G0 F7200 X8.572 Y9.53
G1 F1800 X52.314 Y-34.212 E8960.73689
G0 F7200 X51.748 Y-34.212
G1 F1800 X8.572 Y8.964 E8965.6217
G0 F7200 X8.572 Y8.398
G1 F1800 X51.183 Y-34.212 E8970.44253
G0 F7200 X50.617 Y-34.212
G1 F1800 X8.572 Y7.833 E8975.19938
G0 F7200 X8.572 Y7.267
G1 F1800 X50.051 Y-34.212 E8979.89219
G0 F7200 X49.485 Y-34.212
G1 F1800 X8.572 Y6.701 E8984.52097
G0 F7200 X8.572 Y6.136
G1 F1800 X48.92 Y-34.212 E8989.08582
G0 F7200 X48.354 Y-34.212
G1 F1800 X8.572 Y5.57 E8993.58664
G0 F7200 X8.572 Y5.004
G1 F1800 X47.788 Y-34.212 E8998.02343
G0 F7200 X47.223 Y-34.212
G1 F1800 X8.572 Y4.439 E9002.39629
G0 F7200 X8.572 Y3.873
G1 F1800 X46.657 Y-34.212 E9006.70511
G0 F7200 X46.091 Y-34.212
G1 F1800 X8.572 Y3.307 E9010.94991
G0 F7200 X8.572 Y2.741
G1 F1800 X45.526 Y-34.212 E9015.13072
G0 F7200 X44.96 Y-34.212
G1 F1800 X8.572 Y2.176 E9019.24755
G0 F7200 X8.572 Y1.61
G1 F1800 X44.394 Y-34.212 E9023.30035
G0 F7200 X43.829 Y-34.212
G1 F1800 X8.572 Y1.044 E9027.28916
G0 F7200 X8.572 Y0.479
G1 F1800 X43.263 Y-34.212 E9031.214
G0 F7200 X42.697 Y-34.212
G1 F1800 X8.572 Y-0.087 E9035.0748
G0 F7200 X8.572 Y-.653
G1 F1800 X42.132 Y-34.212 E9038.87163
G0 F7200 X41.566 Y-34.212
G1 F1800 X8.572 Y-1.218 E9042.60447
G0 F7200 X8.572 Y-1.784
G1 F1800 X41 Y-34.212 E9046.27328
G0 F7200 X40.434 Y-34.212
G1 F1800 X8.572 Y-2.35 E9049.87806
G0 F7200 X8.572 Y-2.915
G1 F1800 X39.869 Y-34.212 E9053.41891
G0 F7200 X39.303 Y-34.212
G1 F1800 X8.572 Y-3.481 E9056.89572
G0 F7200 X8.572 Y-4.047
G1 F1800 X38.737 Y-34.212 E9060.3085
G0 F7200 X38.172 Y-34.212
G1 F1800 X8.572 Y-4.612 E9063.65736
G0 F7200 X8.572 Y-5.178
G1 F1800 X37.606 Y-34.212 E9066.94218
G0 F7200 X37.04 Y-34.212
G1 F1800 X8.572 Y-5.744 E9070.16297
G0 F7200 X8.572 Y-6.31
G1 F1800 X36.475 Y-34.212 E9073.31978
G0 F7200 X35.909 Y-34.212
G1 F1800 X8.572 Y-6.875 E9076.41261
G0 F7200 X8.572 Y-7.441
G1 F1800 X35.343 Y-34.212 E9079.4414
G0 F7200 X34.778 Y-34.212
G1 F1800 X8.572 Y-8.007 E9082.40621
G0 F7200 X8.572 Y-8.572
G1 F1800 X34.212 Y-34.212 E9085.30705
G0 F7200 X33.646 Y-34.212
G1 F1800 X8.572 Y-9.138 E9088.14385
G0 F7200 X8.572 Y-9.704
G1 F1800 X33.081 Y-34.212 E9090.91667
G0 F7200 X32.515 Y-34.212
G1 F1800 X8.572 Y-10.269 E9093.62551
G0 F7200 X8.572 Y-10.835
G1 F1800 X31.949 Y-34.212 E9096.27031
G0 F7200 X31.384 Y-34.212
G1 F1800 X8.572 Y-11.401 E9098.85114
G0 F7200 X8.572 Y-11.966
G1 F1800 X30.818 Y-34.212 E9101.36799
G0 F7200 X30.252 Y-34.212
G1 F1800 X8.572 Y-12.532 E9103.8208
G0 F7200 X8.572 Y-13.098
G1 F1800 X29.686 Y-34.212 E9106.20958
G0 F7200 X29.121 Y-34.212
G1 F1800 X8.572 Y-13.663 E9108.53443
G0 F7200 X8.572 Y-14.229
G1 F1800 X28.555 Y-34.212 E9110.79525
G0 F7200 X27.989 Y-34.212
G1 F1800 X8.572 Y-14.795 E9112.99203
G0 F7200 X8.572 Y-15.36
G1 F1800 X27.424 Y-34.212 E9115.12489
G0 F7200 X26.858 Y-34.212
G1 F1800 X8.572 Y-15.926 E9117.19372
G0 F7200 X8.572 Y-16.492
G1 F1800 X26.292 Y-34.212 E9119.19851
G0 F7200 X25.727 Y-34.212
G1 F1800 X8.572 Y-17.058 E9121.13932
G0 F7200 X8.572 Y-17.623
G1 F1800 X25.161 Y-34.212 E9123.01615
G0 F7200 X24.595 Y-34.212
G1 F1800 X8.572 Y-18.189 E9124.82894
G0 F7200 X8.572 Y-18.755
G1 F1800 X24.03 Y-34.212 E9126.57776
G0 F7200 X23.464 Y-34.212
G1 F1800 X8.572 Y-19.32 E9128.2626
G0 F7200 X8.572 Y-19.886
G1 F1800 X22.898 Y-34.212 E9129.8834
G0 F7200 X22.333 Y-34.212
G1 F1800 X8.572 Y-20.452 E9131.44022
G0 F7200 X8.572 Y-21.017
G1 F1800 X21.767 Y-34.212 E9132.93307
G0 F7200 X21.201 Y-34.212
G1 F1800 X8.572 Y-21.583 E9134.36187
G0 F7200 X8.572 Y-22.149
G1 F1800 X20.635 Y-34.212 E9135.72665
G0 F7200 X20.07 Y-34.212
G1 F1800 X8.572 Y-22.714 E9137.0275
G0 F7200 X8.572 Y-23.28
G1 F1800 X19.504 Y-34.212 E9138.26431
G0 F7200 X18.938 Y-34.212
G1 F1800 X8.572 Y-23.846 E9139.43709
G0 F7200 X8.572 Y-24.411
G1 F1800 X18.373 Y-34.212 E9140.54595
G0 F7200 X17.807 Y-34.212
G1 F1800 X8.572 Y-24.977 E9141.59077
G0 F7200 X8.572 Y-25.543
G1 F1800 X17.241 Y-34.212 E9142.57155
G0 F7200 X16.676 Y-34.212
G1 F1800 X8.572 Y-26.109 E9143.48836
G0 F7200 X8.572 Y-26.674
G1 F1800 X16.11 Y-34.212 E9144.34119
G0 F7200 X15.544 Y-34.212
G1 F1800 X8.572 Y-27.24 E9145.12998
G0 F7200 X8.572 Y-27.806
G1 F1800 X14.979 Y-34.212 E9145.85479
G0 F7200 X14.413 Y-34.212
G1 F1800 X8.572 Y-28.371 E9146.51563
G0 F7200 X8.572 Y-28.937
G1 F1800 X13.847 Y-34.212 E9147.11242
G0 F7200 X13.282 Y-34.212
G1 F1800 X8.572 Y-29.503 E9147.64524
G0 F7200 X8.572 Y-30.068
G1 F1800 X12.716 Y-34.212 E9148.11408
G0 F7200 X12.15 Y-34.212
G1 F1800 X8.572 Y-30.634 E9148.51889
G0 F7200 X8.572 Y-31.2
G1 F1800 X11.585 Y-34.212 E9148.85971
G0 F7200 X11.019 Y-34.212
G1 F1800 X8.572 Y-31.765 E9149.13656
G0 F7200 X8.572 Y-32.331
G1 F1800 X10.453 Y-34.212 E9149.34937
G0 F7200 X9.887 Y-34.212
G1 F1800 X8.572 Y-32.897 E9149.49815
G0 F7200 X8.572 Y-33.462
G1 F1800 X9.322 Y-34.212 E9149.583
G0 F7200 X8.756 Y-34.212
G1 F1800 X8.572 Y-34.028 E9149.60382
G0 F7200 X8.602 Y-34.028
G10
;MESH:NONMESH
G0 F600 Z1.1
G0 F7200 X7.822 Y0.791
G0 X6.727 Y0.791
G0 X-3.942 Y0.791
G0 X-5.037 Y0.791
G0 X-5.364 Y0.791
;TIME_ELAPSED:3304.640095
;LAYER:4
;TYPE:FILL
;MESH:tapacarcvincha prueba 1.stl
G11
G1 F3600 X-35.905 Y31.332 E9153.05913
G1 X-35.975 Y31.402
G0 F7200 X-35.975 Y31.182
G0 X-39.308 Y31.182
G0 X-39.308 Y31.332
G1 F3600 X-69.844 Y0.796 E9156.51389
G1 X-69.914 Y0.726
G0 F7200 X-69.697 Y0.726
G0 X-69.697 Y-2.612
G0 X-69.844 Y-2.612
G1 F3600 X-39.308 Y-33.148 E9159.96864
G1 X-39.238 Y-33.218
G0 F7200 X-39.238 Y-32.998
G0 X-35.905 Y-32.998
G0 X-35.905 Y-33.148
G1 F3600 X-5.364 Y-2.606 E9163.42402
G1 X-5.294 Y-2.536
G0 F7200 X-5.517 Y-2.536
G0 X-5.517 Y-10.523
G0 X-5.364 Y-10.523
G1 F3600 X-47.219 Y31.332 E9168.15937
G1 X-47.289 Y31.402
G0 F7200 X-47.289 Y31.182
G0 X-50.622 Y31.182
G0 X-50.622 Y31.332
G1 F3600 X-69.844 Y12.11 E9170.33409
G1 X-69.914 Y12.04
G0 F7200 X-69.697 Y12.04
G0 X-69.697 Y8.702
G0 X-69.844 Y8.702
G1 F3600 X-27.994 Y-33.148 E9175.06888
G1 X-27.924 Y-33.218
G0 F7200 X-27.924 Y-32.998
G0 X-24.592 Y-32.998
G0 X-24.592 Y-33.148
G1 F3600 X-5.364 Y-13.92 E9177.24428
G1 X-5.294 Y-13.85
G0 F7200 X-5.517 Y-13.85
G0 X-5.517 Y-21.837
G0 X-5.364 Y-21.837
G1 F3600 X-58.533 Y31.332 E9183.25967
G1 X-58.603 Y31.402
G0 F7200 X-58.603 Y31.182
G0 X-61.935 Y31.182
G0 X-61.935 Y31.332
G1 F3600 X-69.844 Y23.424 E9184.15441
G1 X-69.914 Y23.354
G0 F7200 X-69.697 Y23.354
G0 X-69.697 Y20.015
G0 X-69.844 Y20.015
G1 F3600 X-16.681 Y-33.148 E9190.16912
G1 X-16.611 Y-33.218
G0 F7200 X-16.611 Y-32.998
G0 X-13.278 Y-32.998
G0 X-13.278 Y-33.148
G1 F3600 X-5.364 Y-25.234 E9191.06448
G1 X-5.294 Y-25.164
G0 F7200 X-5.517 Y-25.164
G0 X-5.487 Y-33.028
G0 X-5.367 Y-33.148
G1 F3600 X-69.844 Y31.329 E9198.35922
G1 X-69.914 Y31.399
G0 F7200 X-69.727 Y31.212
G0 X-69.697 Y-10.518
G0 X-69.844 Y-10.518
G1 F3600 X-27.994 Y31.332 E9203.09401
G1 X-27.924 Y31.402
G0 F7200 X-27.924 Y31.182
G0 X-24.592 Y31.182
G0 X-24.592 Y31.332
G1 F3600 X-5.364 Y12.104 E9205.26941
G1 X-5.294 Y12.034
G0 F7200 X-5.517 Y12.034
G0 X-5.517 Y8.707
G0 X-5.364 Y8.707
G1 F3600 X-47.219 Y-33.148 E9210.00476
G1 X-47.289 Y-33.218
G0 F7200 X-47.289 Y-32.998
G0 X-50.622 Y-32.998
G0 X-50.622 Y-33.148
G1 F3600 X-69.844 Y-13.926 E9212.17948
G1 X-69.914 Y-13.856
G0 F7200 X-69.697 Y-13.856
G0 X-69.697 Y-21.831
G0 X-69.844 Y-21.831
G1 F3600 X-16.681 Y31.332 E9218.19419
G1 X-16.611 Y31.402
G0 F7200 X-16.611 Y31.182
G0 X-13.278 Y31.182
G0 X-13.278 Y31.332
G1 F3600 X-5.364 Y23.418 E9219.08956
G1 X-5.294 Y23.348
G0 F7200 X-5.517 Y23.348
G0 X-5.517 Y20.021
G0 X-5.364 Y20.021
G1 F3600 X-58.533 Y-33.148 E9225.10494
G1 X-58.603 Y-33.218
G0 F7200 X-58.603 Y-32.998
G0 X-61.935 Y-32.998
G0 X-61.935 Y-33.148
G1 F3600 X-69.844 Y-25.239 E9225.99974
G1 X-69.914 Y-25.169
G0 F7200 X-69.697 Y-25.169
G0 X-69.727 Y-33.028
G0 X-69.844 Y-33.145
G1 F3600 X-5.367 Y31.332 E9233.29448
G1 X-5.297 Y31.402
G0 F7200 X-5.204 Y31.492
;TYPE:WALL-INNER
G1 F3600 X-5.204 Y-33.308 E9238.47848
G1 X-70.004 Y-33.308 E9243.66248
G1 X-70.004 Y31.492 E9248.84648
G1 X-5.204 Y31.492 E9254.03048
G0 F7200 X-4.804 Y31.892
;TYPE:WALL-OUTER
G1 F1800 X-4.804 Y-33.708 E9259.27848
G1 X-70.404 Y-33.708 E9264.52648
G1 X-70.404 Y31.892 E9269.77448
G1 X-4.804 Y31.892 E9275.02248
G0 F7200 X-4.804 Y31.692
G0 X-5.817 Y31
G10
;MESH:base carc vincha prueba 1.stl
G0 X-5.037 Y29.726
G0 X-3.942 Y29.726
G0 X6.727 Y29.726
G0 X7.822 Y29.726
G0 X8.153 Y29.844
;TYPE:FILL
G11
G1 F3600 X72.629 Y-34.632 E9282.31711
G1 X72.699 Y-34.702
G0 F7200 X72.512 Y-34.514
G0 X64.722 Y-34.484
G0 X64.722 Y-34.632
G1 F3600 X72.631 Y-26.723 E9283.21191
G1 X72.701 Y-26.653
G0 F7200 X72.482 Y-26.653
G0 X72.482 Y-23.32
G0 X72.63 Y-23.32
G1 F3600 X19.467 Y29.844 E9289.22668
G1 X19.397 Y29.914
G0 F7200 X19.397 Y29.696
G0 X16.061 Y29.696
G0 X16.061 Y29.844
G1 F3600 X8.152 Y21.934 E9290.12153
G1 X8.082 Y21.864
G0 F7200 X8.302 Y21.864
G0 X8.302 Y18.531
G0 X8.152 Y18.531
G1 F3600 X61.315 Y-34.632 E9296.13624
G1 X61.385 Y-34.702
G0 F7200 X61.385 Y-34.484
G0 X53.408 Y-34.484
G0 X53.408 Y-34.632
G1 F3600 X72.631 Y-15.409 E9298.31107
G1 X72.701 Y-15.339
G0 F7200 X72.482 Y-15.339
G0 X72.482 Y-12.006
G0 X72.63 Y-12.006
G1 F3600 X30.78 Y29.844 E9303.04586
G1 X30.71 Y29.914
G0 F7200 X30.71 Y29.696
G0 X27.375 Y29.696
G0 X27.375 Y29.844
G1 F3600 X8.152 Y10.621 E9305.2207
G1 X8.082 Y10.551
G0 F7200 X8.302 Y10.551
G0 X8.302 Y7.217
G0 X8.152 Y7.217
G1 F3600 X50.002 Y-34.632 E9309.95543
G1 X50.072 Y-34.702
G0 F7200 X50.072 Y-34.484
G0 X42.095 Y-34.484
G0 X42.095 Y-34.632
G1 F3600 X72.631 Y-4.096 E9313.41018
G1 X72.701 Y-4.026
G0 F7200 X72.482 Y-4.026
G0 X72.482 Y-.692
G0 X72.63 Y-.692
G1 F3600 X42.094 Y29.844 E9316.86493
G1 X42.024 Y29.914
G0 F7200 X42.024 Y29.696
G0 X38.689 Y29.696
G0 X38.689 Y29.844
G1 F3600 X8.152 Y-.693 E9320.3198
G1 X8.082 Y-.763
G0 F7200 X8.302 Y-.763
G0 X8.302 Y-4.096
G0 X8.152 Y-4.096
G1 F3600 X38.688 Y-34.632 E9323.77456
G1 X38.758 Y-34.702
G0 F7200 X38.758 Y-34.484
G0 X30.781 Y-34.484
G0 X30.781 Y-34.632
G1 F3600 X72.631 Y7.218 E9328.50934
G1 X72.701 Y7.288
G0 F7200 X72.482 Y7.288
G0 X72.482 Y10.621
G0 X72.63 Y10.621
G1 F3600 X53.408 Y29.844 E9330.68412
G1 X53.338 Y29.914
G0 F7200 X53.338 Y29.696
G0 X50.002 Y29.696
G0 X50.002 Y29.844
G1 F3600 X8.152 Y-12.007 E9335.41896
G1 X8.082 Y-12.077
G0 F7200 X8.302 Y-12.077
G0 X8.302 Y-15.41
G0 X8.152 Y-15.41
G1 F3600 X27.374 Y-34.632 E9337.59368
G1 X27.444 Y-34.702
G0 F7200 X27.444 Y-34.484
G0 X19.467 Y-34.484
G0 X19.467 Y-34.632
G1 F3600 X72.631 Y18.532 E9343.6085
G1 X72.701 Y18.602
G0 F7200 X72.482 Y18.602
G0 X72.482 Y21.935
G0 X72.63 Y21.935
G1 F3600 X64.721 Y29.844 E9344.50331
G1 X64.651 Y29.914
G0 F7200 X64.651 Y29.696
G0 X61.316 Y29.696
G0 X61.316 Y29.844
G1 F3600 X8.152 Y-23.32 E9350.51813
G1 X8.082 Y-23.39
G0 F7200 X8.302 Y-23.39
G0 X8.302 Y-26.724
G0 X8.152 Y-26.724
G1 F3600 X16.061 Y-34.632 E9351.41287
G1 X16.131 Y-34.702
G0 F7200 X16.131 Y-34.484
G0 X8.272 Y-34.514
G0 X8.154 Y-34.632
G1 F3600 X72.63 Y29.844 E9358.7075
G1 X72.7 Y29.914
G0 F7200 X72.791 Y30.004
;TYPE:WALL-INNER
G1 F3600 X72.791 Y-34.792 E9363.89118
G1 X7.992 Y-34.792 E9369.0751
G1 X7.992 Y30.004 E9374.25878
G1 X72.791 Y30.004 E9379.4427
G0 F7200 X73.191 Y30.404
;TYPE:WALL-OUTER
G1 F1800 X73.191 Y-35.192 E9384.69038
G1 X7.592 Y-35.192 E9389.9383
G1 X7.592 Y30.404 E9395.18598
G1 X73.191 Y30.404 E9400.4339
G0 F7200 X73.191 Y30.204
G0 X72.182 Y29.514
G10
;MESH:NONMESH
G0 F600 Z1.3
G0 F7200 X7.822 Y0.791
G0 X6.727 Y0.791
G0 X-3.942 Y0.791
G0 X-5.037 Y0.791
G0 X-5.364 Y0.791
;TIME_ELAPSED:3371.475686
;LAYER:5
;TYPE:FILL
;MESH:tapacarcvincha prueba 1.stl
G11
G1 F3600 X-35.905 Y31.332 E9403.88922
G1 X-35.975 Y31.402
G0 F7200 X-35.975 Y31.182
G0 X-39.308 Y31.182
G0 X-39.308 Y31.332
G1 F3600 X-69.844 Y0.796 E9407.34397
G1 X-69.914 Y0.726
G0 F7200 X-69.697 Y0.726
G0 X-69.697 Y-2.612
G0 X-69.844 Y-2.612
G1 F3600 X-39.308 Y-33.148 E9410.79873
G1 X-39.238 Y-33.218
G0 F7200 X-39.238 Y-32.998
G0 X-35.905 Y-32.998
G0 X-35.905 Y-33.148
G1 F3600 X-5.364 Y-2.606 E9414.2541
G1 X-5.294 Y-2.536
G0 F7200 X-5.517 Y-2.536
G0 X-5.517 Y-10.523
G0 X-5.364 Y-10.523
G1 F3600 X-47.219 Y31.332 E9418.98945
G1 X-47.289 Y31.402
G0 F7200 X-47.289 Y31.182
G0 X-50.622 Y31.182
G0 X-50.622 Y31.332
G1 F3600 X-69.844 Y12.11 E9421.16418
G1 X-69.914 Y12.04
G0 F7200 X-69.697 Y12.04
G0 X-69.697 Y8.702
G0 X-69.844 Y8.702
G1 F3600 X-27.994 Y-33.148 E9425.89896
G1 X-27.924 Y-33.218
G0 F7200 X-27.924 Y-32.998
G0 X-24.592 Y-32.998
G0 X-24.592 Y-33.148
G1 F3600 X-5.364 Y-13.92 E9428.07436
G1 X-5.294 Y-13.85
G0 F7200 X-5.517 Y-13.85
G0 X-5.517 Y-21.837
G0 X-5.364 Y-21.837
G1 F3600 X-58.533 Y31.332 E9434.08975
G1 X-58.603 Y31.402
G0 F7200 X-58.603 Y31.182
G0 X-61.935 Y31.182
G0 X-61.935 Y31.332
G1 F3600 X-69.844 Y23.424 E9434.98449
G1 X-69.914 Y23.354
G0 F7200 X-69.697 Y23.354
G0 X-69.697 Y20.015
G0 X-69.844 Y20.015
G1 F3600 X-16.681 Y-33.148 E9440.9992
G1 X-16.611 Y-33.218
G0 F7200 X-16.611 Y-32.998
G0 X-13.278 Y-32.998
G0 X-13.278 Y-33.148
G1 F3600 X-5.364 Y-25.234 E9441.89457
G1 X-5.294 Y-25.164
G0 F7200 X-5.517 Y-25.164
G0 X-5.487 Y-33.028
G0 X-5.367 Y-33.148
G1 F3600 X-69.844 Y31.329 E9449.18931
G1 X-69.914 Y31.399
G0 F7200 X-69.727 Y31.212
G0 X-69.697 Y-10.518
G0 X-69.844 Y-10.518
G1 F3600 X-27.994 Y31.332 E9453.92409
G1 X-27.924 Y31.402
G0 F7200 X-27.924 Y31.182
G0 X-24.592 Y31.182
G0 X-24.592 Y31.332
G1 F3600 X-5.364 Y12.104 E9456.09949
G1 X-5.294 Y12.034
G0 F7200 X-5.517 Y12.034
G0 X-5.517 Y8.707
G0 X-5.364 Y8.707
G1 F3600 X-47.219 Y-33.148 E9460.83485
G1 X-47.289 Y-33.218
G0 F7200 X-47.289 Y-32.998
G0 X-50.622 Y-32.998
G0 X-50.622 Y-33.148
G1 F3600 X-69.844 Y-13.926 E9463.00957
G1 X-69.914 Y-13.856
G0 F7200 X-69.697 Y-13.856
G0 X-69.697 Y-21.831
G0 X-69.844 Y-21.831
G1 F3600 X-16.681 Y31.332 E9469.02427
G1 X-16.611 Y31.402
G0 F7200 X-16.611 Y31.182
G0 X-13.278 Y31.182
G0 X-13.278 Y31.332
G1 F3600 X-5.364 Y23.418 E9469.91964
G1 X-5.294 Y23.348
G0 F7200 X-5.517 Y23.348
G0 X-5.517 Y20.021
G0 X-5.364 Y20.021
G1 F3600 X-58.533 Y-33.148 E9475.93503
G1 X-58.603 Y-33.218
G0 F7200 X-58.603 Y-32.998
G0 X-61.935 Y-32.998
G0 X-61.935 Y-33.148
G1 F3600 X-69.844 Y-25.239 E9476.82983
G1 X-69.914 Y-25.169
G0 F7200 X-69.697 Y-25.169
G0 X-69.727 Y-33.028
G0 X-69.844 Y-33.145
G1 F3600 X-5.367 Y31.332 E9484.12457
G1 X-5.297 Y31.402
G0 F7200 X-5.204 Y31.492
;TYPE:WALL-INNER
G1 F3600 X-5.204 Y-33.308 E9489.30857
G1 X-70.004 Y-33.308 E9494.49257
G1 X-70.004 Y31.492 E9499.67657
G1 X-5.204 Y31.492 E9504.86057
G0 F7200 X-4.804 Y31.892
;TYPE:WALL-OUTER
G1 F1800 X-4.804 Y-33.708 E9510.10857
G1 X-70.404 Y-33.708 E9515.35657
G1 X-70.404 Y31.892 E9520.60457
G1 X-4.804 Y31.892 E9525.85257
G0 F7200 X-4.804 Y31.692
G0 X-5.817 Y31
G10
;MESH:base carc vincha prueba 1.stl
G0 X-5.037 Y29.726
G0 X-3.942 Y29.726
G0 X6.727 Y29.726
G0 X7.822 Y29.726
G0 X8.153 Y29.844
;TYPE:FILL
G11
G1 F3600 X8.632 Y29.365 E9525.90676
G0 F7200 X8.633 Y22.416
G1 F3600 X8.152 Y21.934 E9525.96124
G0 F7200 X8.302 Y21.934
G0 X8.302 Y18.531
G0 X8.152 Y18.531
G1 F3600 X8.632 Y18.051 E9526.01554
G0 F7200 X8.633 Y11.102
G1 F3600 X8.152 Y10.621 E9526.06996
G0 F7200 X8.302 Y10.621
G0 X8.302 Y7.217
G0 X8.152 Y7.217
G1 F3600 X8.632 Y6.737 E9526.12427
G0 F7200 X8.633 Y-.211
G1 F3600 X8.152 Y-.693 E9526.17874
G0 F7200 X8.302 Y-.693
G0 X8.302 Y-4.096
G0 X8.152 Y-4.096
G1 F3600 X8.632 Y-4.576 E9526.23305
G0 F7200 X8.633 Y-11.525
G1 F3600 X8.152 Y-12.007 E9526.28752
G0 F7200 X8.302 Y-12.007
G0 X8.302 Y-15.41
G0 X8.152 Y-15.41
G1 F3600 X8.632 Y-15.89 E9526.34183
G0 F7200 X8.633 Y-22.839
G1 F3600 X8.152 Y-23.32 E9526.39625
G0 F7200 X8.302 Y-23.32
G0 X8.302 Y-26.724
G0 X8.152 Y-26.724
G1 F3600 X8.632 Y-27.204 E9526.45055
G0 F7200 X8.633 Y-34.153
G1 F3600 X8.154 Y-34.632 E9526.50475
G0 F7200 X8.272 Y-34.514
G0 X15.583 Y-34.154
G1 F3600 X16.061 Y-34.632 E9526.55883
G0 F7200 X16.061 Y-34.484
G0 X19.467 Y-34.484
G0 X19.467 Y-34.632
G1 F3600 X19.945 Y-34.154 E9526.6129
G0 F7200 X26.896 Y-34.154
G1 F3600 X27.374 Y-34.632 E9526.66698
G0 F7200 X27.374 Y-34.484
G0 X30.781 Y-34.484
G0 X30.781 Y-34.632
G1 F3600 X31.259 Y-34.154 E9526.72106
G0 F7200 X38.21 Y-34.154
G1 F3600 X38.688 Y-34.632 E9526.77514
G0 F7200 X38.688 Y-34.484
G0 X42.095 Y-34.484
G0 X42.095 Y-34.632
G1 F3600 X42.573 Y-34.154 E9526.82922
G0 F7200 X49.524 Y-34.154
G1 F3600 X50.002 Y-34.632 E9526.8833
G0 F7200 X50.002 Y-34.484
G0 X53.408 Y-34.484
G0 X53.408 Y-34.632
G1 F3600 X53.886 Y-34.154 E9526.93738
G0 F7200 X60.837 Y-34.154
G1 F3600 X61.315 Y-34.632 E9526.99146
G0 F7200 X61.315 Y-34.484
G0 X64.722 Y-34.484
G0 X64.722 Y-34.632
G1 F3600 X65.2 Y-34.154 E9527.04554
G0 F7200 X72.151 Y-34.154
G1 F3600 X72.629 Y-34.632 E9527.09962
G0 F7200 X72.512 Y-34.514
G0 X72.152 Y-27.202
G1 F3600 X72.631 Y-26.723 E9527.15381
G0 F7200 X72.482 Y-26.723
G0 X72.482 Y-23.32
G0 X72.63 Y-23.32
G1 F3600 X72.152 Y-22.842 E9527.20789
G0 F7200 X72.152 Y-15.889
G1 F3600 X72.631 Y-15.409 E9527.26214
G0 F7200 X72.482 Y-15.409
G0 X72.482 Y-12.006
G0 X72.63 Y-12.006
G1 F3600 X72.152 Y-11.528 E9527.31622
G0 F7200 X72.152 Y-4.575
G1 F3600 X72.631 Y-4.096 E9527.37041
G0 F7200 X72.482 Y-4.096
G0 X72.482 Y-.692
G0 X72.63 Y-.692
G1 F3600 X72.152 Y-.214 E9527.42449
G0 F7200 X72.151 Y6.738
G1 F3600 X72.631 Y7.218 E9527.4788
G0 F7200 X72.482 Y7.218
G0 X72.482 Y10.621
G0 X72.63 Y10.621
G1 F3600 X72.152 Y11.1 E9527.53294
G0 F7200 X72.151 Y18.052
G1 F3600 X72.631 Y18.532 E9527.58724
G0 F7200 X72.482 Y18.532
G0 X72.482 Y21.935
G0 X72.63 Y21.935
G1 F3600 X72.152 Y22.414 E9527.64138
G0 F7200 X72.151 Y29.365
G1 F3600 X72.63 Y29.844 E9527.69557
G0 F7200 X72.512 Y29.726
G0 X65.201 Y29.365
G1 F3600 X64.721 Y29.844 E9527.74982
G0 F7200 X64.721 Y29.696
G0 X61.316 Y29.696
G0 X61.316 Y29.844
G1 F3600 X60.837 Y29.365 E9527.80401
G0 F7200 X53.887 Y29.365
G1 F3600 X53.408 Y29.844 E9527.8582
G0 F7200 X53.408 Y29.696
G0 X50.002 Y29.696
G0 X50.002 Y29.844
G1 F3600 X49.524 Y29.365 E9527.91234
G0 F7200 X42.573 Y29.365
G1 F3600 X42.094 Y29.844 E9527.96653
G0 F7200 X42.094 Y29.696
G0 X38.689 Y29.696
G0 X38.689 Y29.844
G1 F3600 X38.21 Y29.365 E9528.02073
G0 F7200 X31.26 Y29.365
G1 F3600 X30.78 Y29.844 E9528.07498
G0 F7200 X30.78 Y29.696
G0 X27.375 Y29.696
G0 X27.375 Y29.844
G1 F3600 X26.896 Y29.365 E9528.12917
G0 F7200 X19.946 Y29.365
G1 F3600 X19.467 Y29.844 E9528.18336
G0 F7200 X19.467 Y29.696
G0 X16.061 Y29.696
G0 X16.061 Y29.844
G1 F3600 X15.583 Y29.365 E9528.2375
G0 F7200 X72.512 Y29.726
G0 X72.791 Y30.004
;TYPE:WALL-INNER
G1 F3600 X72.791 Y-34.792 E9533.42118
G1 X7.992 Y-34.792 E9538.6051
G1 X7.992 Y30.004 E9543.78878
G1 X72.791 Y30.004 E9548.9727
G0 F7200 X73.191 Y30.404
;TYPE:WALL-OUTER
G1 F1800 X73.191 Y-35.192 E9554.22038
G1 X7.592 Y-35.192 E9559.4683
G1 X7.592 Y30.404 E9564.71598
G1 X73.191 Y30.404 E9569.9639
G0 F7200 X73.191 Y30.204
G0 X72.512 Y29.726
G0 X72.008 Y29.224
;TYPE:SKIN
G1 F1800 X8.772 Y29.224 E9575.02278
G1 X8.772 Y-34.012 E9580.08166
G1 X72.011 Y-34.012 E9585.14078
G1 X72.008 Y29.224 E9590.19966
G0 F7200 X71.808 Y28.884
G1 F1800 X71.668 Y29.024 E9590.2155
G0 F7200 X71.102 Y29.024
G1 F1800 X71.808 Y28.318 E9590.29537
G0 F7200 X71.808 Y27.753
G1 F1800 X70.537 Y29.024 E9590.43917
G0 F7200 X69.971 Y29.024
G1 F1800 X71.808 Y27.187 E9590.647
G0 F7200 X71.808 Y26.621
G1 F1800 X69.405 Y29.024 E9590.91887
G0 F7200 X68.84 Y29.024
G1 F1800 X71.808 Y26.055 E9591.25472
G0 F7200 X71.808 Y25.49
G1 F1800 X68.274 Y29.024 E9591.65454
G0 F7200 X67.708 Y29.024
G1 F1800 X71.808 Y24.924 E9592.11841
G0 F7200 X71.808 Y24.358
G1 F1800 X67.143 Y29.024 E9592.64625
G0 F7200 X66.577 Y29.024
G1 F1800 X71.808 Y23.793 E9593.23807
G0 F7200 X71.808 Y23.227
G1 F1800 X66.011 Y29.024 E9593.89392
G0 F7200 X65.446 Y29.024
G1 F1800 X71.808 Y22.661 E9594.61376
G0 F7200 X71.808 Y22.096
G1 F1800 X64.88 Y29.024 E9595.39757
G0 F7200 X64.314 Y29.024
G1 F1800 X71.808 Y21.53 E9596.24542
G0 F7200 X71.808 Y20.964
G1 F1800 X63.749 Y29.024 E9597.15725
G0 F7200 X63.183 Y29.024
G1 F1800 X71.808 Y20.399 E9598.13306
G0 F7200 X71.808 Y19.833
G1 F1800 X62.617 Y29.024 E9599.1729
G0 F7200 X62.051 Y29.024
G1 F1800 X71.808 Y19.267 E9600.27678
G0 F7200 X71.808 Y18.702
G1 F1800 X61.486 Y29.024 E9601.44458
G0 F7200 X60.92 Y29.024
G1 F1800 X71.808 Y18.136 E9602.67641
G0 F7200 X71.808 Y17.57
G1 F1800 X60.354 Y29.024 E9603.97229
G0 F7200 X59.789 Y29.024
G1 F1800 X71.808 Y17.005 E9605.33208
G0 F7200 X71.808 Y16.439
G1 F1800 X59.223 Y29.024 E9606.75591
G0 F7200 X58.657 Y29.024
G1 F1800 X71.808 Y15.873 E9608.24378
G0 F7200 X71.808 Y15.307
G1 F1800 X58.092 Y29.024 E9609.79562
G0 F7200 X57.526 Y29.024
G1 F1800 X71.808 Y14.742 E9611.41145
G0 F7200 X71.808 Y14.176
G1 F1800 X56.96 Y29.024 E9613.09131
G0 F7200 X56.395 Y29.024
G1 F1800 X71.808 Y13.61 E9614.83514
G0 F7200 X71.809 Y13.044
G1 F1800 X55.829 Y29.024 E9616.64307
G0 F7200 X55.263 Y29.024
G1 F1800 X71.809 Y12.478 E9618.51504
G0 F7200 X71.809 Y11.913
G1 F1800 X54.698 Y29.024 E9620.45093
G0 F7200 X54.132 Y29.024
G1 F1800 X71.809 Y11.347 E9622.45085
G0 F7200 X71.809 Y10.781
G1 F1800 X53.566 Y29.024 E9624.51481
G0 F7200 X53 Y29.024
G1 F1800 X71.809 Y10.216 E9626.64275
G0 F7200 X71.809 Y9.65
G1 F1800 X52.435 Y29.024 E9628.83467
G0 F7200 X51.869 Y29.024
G1 F1800 X71.809 Y9.084 E9631.09062
G0 F7200 X71.809 Y8.519
G1 F1800 X51.303 Y29.024 E9633.41056
G0 F7200 X50.738 Y29.024
G1 F1800 X71.809 Y7.953 E9635.79447
G0 F7200 X71.809 Y7.387
G1 F1800 X50.172 Y29.024 E9638.24242
G0 F7200 X49.606 Y29.024
G1 F1800 X71.809 Y6.821 E9640.7544
G0 F7200 X71.809 Y6.256
G1 F1800 X49.041 Y29.024 E9643.3303
G0 F7200 X48.475 Y29.024
G1 F1800 X71.809 Y5.69 E9645.97024
G0 F7200 X71.809 Y5.124
G1 F1800 X47.909 Y29.024 E9648.67422
G0 F7200 X47.344 Y29.024
G1 F1800 X71.809 Y4.559 E9651.44212
G0 F7200 X71.809 Y3.993
G1 F1800 X46.778 Y29.024 E9654.27405
G0 F7200 X46.212 Y29.024
G1 F1800 X71.809 Y3.427 E9657.17002
G0 F7200 X71.809 Y2.862
G1 F1800 X45.647 Y29.024 E9660.12992
G0 F7200 X45.081 Y29.024
G1 F1800 X71.809 Y2.296 E9663.15384
G0 F7200 X71.809 Y1.73
G1 F1800 X44.515 Y29.024 E9666.24181
G0 F7200 X43.95 Y29.024
G1 F1800 X71.809 Y1.165 E9669.39369
G0 F7200 X71.809 Y0.599
G1 F1800 X43.384 Y29.024 E9672.60961
G0 F7200 X42.818 Y29.024
G1 F1800 X71.809 Y0.033 E9675.88957
G0 F7200 X71.809 Y-.532
G1 F1800 X42.252 Y29.024 E9679.23351
G0 F7200 X41.687 Y29.024
G1 F1800 X71.809 Y-1.098 E9682.64142
G0 F7200 X71.809 Y-1.664
G1 F1800 X41.121 Y29.024 E9686.11337
G0 F7200 X40.555 Y29.024
G1 F1800 X71.809 Y-2.23 E9689.64936
G0 F7200 X71.81 Y-2.796
G1 F1800 X39.99 Y29.024 E9693.24938
G0 F7200 X39.424 Y29.024
G1 F1800 X71.81 Y-3.362 E9696.91344
G0 F7200 X71.81 Y-3.927
G1 F1800 X38.858 Y29.024 E9700.64148
G0 F7200 X38.293 Y29.024
G1 F1800 X71.81 Y-4.493 E9704.43349
G0 F7200 X71.81 Y-5.059
G1 F1800 X37.727 Y29.024 E9708.28954
G0 F7200 X37.161 Y29.024
G1 F1800 X71.81 Y-5.624 E9712.20957
G0 F7200 X71.81 Y-6.19
G1 F1800 X36.596 Y29.024 E9716.19358
G0 F7200 X36.03 Y29.024
G1 F1800 X71.81 Y-6.756 E9720.24163
G0 F7200 X71.81 Y-7.321
G1 F1800 X35.464 Y29.024 E9724.35365
G0 F7200 X34.899 Y29.024
G1 F1800 X71.81 Y-7.887 E9728.52966
G0 F7200 X71.81 Y-8.453
G1 F1800 X34.333 Y29.024 E9732.76969
G0 F7200 X33.767 Y29.024
G1 F1800 X71.81 Y-9.018 E9737.07371
G0 F7200 X71.81 Y-9.584
G1 F1800 X33.201 Y29.024 E9741.44176
G0 F7200 X32.636 Y29.024
G1 F1800 X71.81 Y-10.15 E9745.8738
G0 F7200 X71.81 Y-10.715
G1 F1800 X32.07 Y29.024 E9750.36981
G0 F7200 X31.504 Y29.024
G1 F1800 X71.81 Y-11.281 E9754.92986
G0 F7200 X71.81 Y-11.847
G1 F1800 X30.939 Y29.024 E9759.55388
G0 F7200 X30.373 Y29.024
G1 F1800 X71.81 Y-12.413 E9764.24194
G0 F7200 X71.81 Y-12.978
G1 F1800 X29.807 Y29.024 E9768.99398
G0 F7200 X29.242 Y29.024
G1 F1800 X71.81 Y-13.544 E9773.81
G0 F7200 X71.81 Y-14.11
G1 F1800 X28.676 Y29.024 E9778.69006
G0 F7200 X28.11 Y29.024
G1 F1800 X71.81 Y-14.675 E9783.63409
G0 F7200 X71.81 Y-15.241
G1 F1800 X27.545 Y29.024 E9788.6421
G0 F7200 X26.979 Y29.024
G1 F1800 X71.81 Y-15.807 E9793.71415
G0 F7200 X71.81 Y-16.372
G1 F1800 X26.413 Y29.024 E9798.85018
G0 F7200 X25.848 Y29.024
G1 F1800 X71.81 Y-16.938 E9804.05019
G0 F7200 X71.81 Y-17.504
G1 F1800 X25.282 Y29.024 E9809.31423
G0 F7200 X24.716 Y29.024
G1 F1800 X71.81 Y-18.069 E9814.64225
G0 F7200 X71.81 Y-18.636
G1 F1800 X24.151 Y29.024 E9820.03431
G0 F7200 X23.585 Y29.024
G1 F1800 X71.81 Y-19.201 E9825.49034
G0 F7200 X71.81 Y-19.767
G1 F1800 X23.019 Y29.024 E9831.01042
G0 F7200 X22.453 Y29.024
G1 F1800 X71.81 Y-20.333 E9836.59452
G0 F7200 X71.81 Y-20.899
G1 F1800 X21.888 Y29.024 E9842.24261
G0 F7200 X21.322 Y29.024
G1 F1800 X71.81 Y-21.464 E9847.95467
G0 F7200 X71.81 Y-22.03
G1 F1800 X20.756 Y29.024 E9853.73077
G0 F7200 X20.191 Y29.024
G1 F1800 X71.81 Y-22.596 E9859.57085
G0 F7200 X71.81 Y-23.161
G1 F1800 X19.625 Y29.024 E9865.47491
G0 F7200 X19.059 Y29.024
G1 F1800 X71.81 Y-23.727 E9871.44301
G0 F7200 X71.81 Y-24.293
G1 F1800 X18.494 Y29.024 E9877.47508
G0 F7200 X17.928 Y29.024
G1 F1800 X71.81 Y-24.858 E9883.57113
G0 F7200 X71.81 Y-25.424
G1 F1800 X17.362 Y29.024 E9889.73122
G0 F7200 X16.797 Y29.024
G1 F1800 X71.81 Y-25.99 E9895.95529
G0 F7200 X71.81 Y-26.555
G1 F1800 X16.231 Y29.024 E9902.24333
G0 F7200 X15.665 Y29.024
G1 F1800 X71.81 Y-27.121 E9908.59542
G0 F7200 X71.81 Y-27.687
G1 F1800 X15.1 Y29.024 E9915.01148
G0 F7200 X14.534 Y29.024
G1 F1800 X71.81 Y-28.252 E9921.49152
G0 F7200 X71.81 Y-28.818
G1 F1800 X13.968 Y29.024 E9928.03559
G0 F7200 X13.403 Y29.024
G1 F1800 X71.81 Y-29.384 E9934.64365
G0 F7200 X71.81 Y-29.95
G1 F1800 X12.837 Y29.024 E9941.31574
G0 F7200 X12.271 Y29.024
G1 F1800 X71.81 Y-30.515 E9948.0518
G0 F7200 X71.81 Y-31.081
G1 F1800 X11.705 Y29.024 E9954.85191
G0 F7200 X11.14 Y29.024
G1 F1800 X71.81 Y-31.647 E9961.71599
G0 F7200 X71.81 Y-32.212
G1 F1800 X10.574 Y29.024 E9968.64406
G0 F7200 X10.008 Y29.024
G1 F1800 X71.81 Y-32.778 E9975.63615
G0 F7200 X71.81 Y-33.344
G1 F1800 X9.443 Y29.024 E9982.69223
G0 F7200 X8.972 Y28.929
G1 F1800 X71.713 Y-33.812 E9989.79056
G0 F7200 X71.148 Y-33.812
G1 F1800 X8.972 Y28.363 E9996.82492
G0 F7200 X8.972 Y27.798
G1 F1800 X70.582 Y-33.812 E10003.79529
G0 F7200 X70.016 Y-33.812
G92 E0
G1 F1800 X8.972 Y27.232 E6.90634
G0 F7200 X8.972 Y26.666
G1 F1800 X69.451 Y-33.812 E13.7487
G0 F7200 X68.885 Y-33.812
G1 F1800 X8.972 Y26.101 E20.52708
G0 F7200 X8.972 Y25.535
G1 F1800 X68.319 Y-33.812 E27.24143
G0 F7200 X67.754 Y-33.812
G1 F1800 X8.972 Y24.969 E33.8918
G0 F7200 X8.972 Y24.404
G1 F1800 X67.188 Y-33.812 E40.47819
G0 F7200 X66.622 Y-33.812
G1 F1800 X8.972 Y23.838 E47.00054
G0 F7200 X8.972 Y23.272
G1 F1800 X66.057 Y-33.812 E53.45891
G0 F7200 X65.491 Y-33.812
G1 F1800 X8.972 Y22.707 E59.85331
G0 F7200 X8.972 Y22.141
G1 F1800 X64.925 Y-33.812 E66.18367
G0 F7200 X64.359 Y-33.812
G1 F1800 X8.972 Y21.575 E72.44999
G0 F7200 X8.972 Y21.01
G1 F1800 X63.794 Y-33.812 E78.65239
G0 F7200 X63.228 Y-33.812
G1 F1800 X8.972 Y20.444 E84.79076
G0 F7200 X8.972 Y19.878
G1 F1800 X62.662 Y-33.812 E90.86509
G0 F7200 X62.097 Y-33.812
G1 F1800 X8.972 Y19.313 E96.8755
G0 F7200 X8.972 Y18.747
G1 F1800 X61.531 Y-33.812 E102.82187
G0 F7200 X60.965 Y-33.812
G1 F1800 X8.972 Y18.181 E108.7042
G0 F7200 X8.972 Y17.615
G1 F1800 X60.4 Y-33.812 E114.52256
G0 F7200 X59.834 Y-33.812
G1 F1800 X8.972 Y17.05 E120.27694
G0 F7200 X8.972 Y16.484
G1 F1800 X59.268 Y-33.812 E125.96728
G0 F7200 X58.703 Y-33.812
G1 F1800 X8.972 Y15.918 E131.59365
G0 F7200 X8.972 Y15.353
G1 F1800 X58.137 Y-33.812 E137.15603
G0 F7200 X57.571 Y-33.812
G1 F1800 X8.972 Y14.787 E142.65438
G0 F7200 X8.972 Y14.221
G1 F1800 X57.006 Y-33.812 E148.08875
G0 F7200 X56.44 Y-33.812
G1 F1800 X8.972 Y13.656 E153.45914
G0 F7200 X8.972 Y13.09
G1 F1800 X55.874 Y-33.812 E158.7655
G0 F7200 X55.308 Y-33.812
G1 F1800 X8.972 Y12.524 E164.00782
G0 F7200 X8.972 Y11.959
G1 F1800 X54.743 Y-33.812 E169.18622
G0 F7200 X54.177 Y-33.812
G1 F1800 X8.972 Y11.393 E174.30058
G0 F7200 X8.972 Y10.827
G1 F1800 X53.611 Y-33.812 E179.3509
G0 F7200 X53.046 Y-33.812
G1 F1800 X8.972 Y10.262 E184.33731
G0 F7200 X8.972 Y9.696
G1 F1800 X52.48 Y-33.812 E189.25968
G0 F7200 X51.914 Y-33.812
G1 F1800 X8.972 Y9.13 E194.11801
G0 F7200 X8.972 Y8.564
G1 F1800 X51.349 Y-33.812 E198.91236
G0 F7200 X50.783 Y-33.812
G1 F1800 X8.972 Y7.999 E203.64274
G0 F7200 X8.972 Y7.433
G1 F1800 X50.217 Y-33.812 E208.30908
G0 F7200 X49.652 Y-33.812
G1 F1800 X8.972 Y6.867 E212.91144
G0 F7200 X8.972 Y6.302
G1 F1800 X49.086 Y-33.812 E217.44982
G0 F7200 X48.52 Y-33.812
G1 F1800 X8.972 Y5.736 E221.92416
G0 F7200 X8.972 Y5.17
G1 F1800 X47.955 Y-33.812 E226.33453
G0 F7200 X47.389 Y-33.812
G1 F1800 X8.972 Y4.605 E230.68092
G0 F7200 X8.972 Y4.039
G1 F1800 X46.823 Y-33.812 E234.96327
G0 F7200 X46.258 Y-33.812
G1 F1800 X8.972 Y3.473 E239.18164
G0 F7200 X8.972 Y2.908
G1 F1800 X45.692 Y-33.812 E243.33603
G0 F7200 X45.126 Y-33.812
G1 F1800 X8.972 Y2.342 E247.42639
G0 F7200 X8.972 Y1.776
G1 F1800 X44.56 Y-33.812 E251.45272
G0 F7200 X43.995 Y-33.812
G1 F1800 X8.972 Y1.211 E255.41512
G0 F7200 X8.972 Y0.645
G1 F1800 X43.429 Y-33.812 E259.31348
G0 F7200 X42.863 Y-33.812
G1 F1800 X8.972 Y0.079 E263.14781
G0 F7200 X8.972 Y-.486
G1 F1800 X42.298 Y-33.812 E266.91822
G0 F7200 X41.732 Y-33.812
G1 F1800 X8.972 Y-1.052 E270.62459
G0 F7200 X8.972 Y-1.618
G1 F1800 X41.166 Y-33.812 E274.26692
G0 F7200 X40.601 Y-33.812
G1 F1800 X8.972 Y-2.184 E277.84528
G0 F7200 X8.972 Y-2.749
G1 F1800 X40.035 Y-33.812 E281.35965
G0 F7200 X39.469 Y-33.812
G1 F1800 X8.972 Y-3.315 E284.81
G0 F7200 X8.972 Y-3.881
G1 F1800 X38.904 Y-33.812 E288.19636
G0 F7200 X38.338 Y-33.812
G1 F1800 X8.972 Y-4.446 E291.51874
G0 F7200 X8.972 Y-5.012
G1 F1800 X37.772 Y-33.812 E294.77709
G0 F7200 X37.207 Y-33.812
G1 F1800 X8.972 Y-5.578 E297.97146
G0 F7200 X8.972 Y-6.143
G1 F1800 X36.641 Y-33.812 E301.10185
G0 F7200 X36.075 Y-33.812
G1 F1800 X8.972 Y-6.709 E304.1682
G0 F7200 X8.972 Y-7.275
G1 F1800 X35.509 Y-33.812 E307.17052
G0 F7200 X34.944 Y-33.812
G1 F1800 X8.972 Y-7.84 E310.10892
G0 F7200 X8.972 Y-8.406
G1 F1800 X34.378 Y-33.812 E312.98328
G0 F7200 X33.812 Y-33.812
G1 F1800 X8.972 Y-8.972 E315.79361
G0 F7200 X8.972 Y-9.537
G1 F1800 X33.247 Y-33.812 E318.54001
G0 F7200 X32.681 Y-33.812
G1 F1800 X8.972 Y-10.103 E321.22238
G0 F7200 X8.972 Y-10.669
G1 F1800 X32.115 Y-33.812 E323.84071
G0 F7200 X31.55 Y-33.812
G1 F1800 X8.972 Y-11.235 E326.39506
G0 F7200 X8.972 Y-11.8
G1 F1800 X30.984 Y-33.812 E328.88543
G0 F7200 X30.418 Y-33.812
G1 F1800 X8.972 Y-12.366 E331.31177
G0 F7200 X8.972 Y-12.932
G1 F1800 X29.853 Y-33.812 E333.67413
G0 F7200 X29.287 Y-33.812
G1 F1800 X8.972 Y-13.497 E335.97251
G0 F7200 X8.972 Y-14.063
G1 F1800 X28.721 Y-33.812 E338.20685
G0 F7200 X28.156 Y-33.812
G1 F1800 X8.972 Y-14.629 E340.37722
G0 F7200 X8.972 Y-15.194
G1 F1800 X27.59 Y-33.812 E342.48361
G0 F7200 X27.024 Y-33.812
G1 F1800 X8.972 Y-15.76 E344.52596
G0 F7200 X8.972 Y-16.326
G1 F1800 X26.459 Y-33.812 E346.50433
G0 F7200 X25.893 Y-33.812
G1 F1800 X8.972 Y-16.891 E348.41872
G0 F7200 X8.972 Y-17.457
G1 F1800 X25.327 Y-33.812 E350.26908
G0 F7200 X24.761 Y-33.812
G1 F1800 X8.972 Y-18.023 E352.0554
G0 F7200 X8.972 Y-18.588
G1 F1800 X24.196 Y-33.812 E353.7778
G0 F7200 X23.63 Y-33.812
G1 F1800 X8.972 Y-19.154 E355.43616
G0 F7200 X8.972 Y-19.72
G1 F1800 X23.064 Y-33.812 E357.03049
G0 F7200 X22.499 Y-33.812
G1 F1800 X8.972 Y-20.285 E358.56089
G0 F7200 X8.972 Y-20.851
G1 F1800 X21.933 Y-33.812 E360.02726
G0 F7200 X21.367 Y-33.812
G1 F1800 X8.972 Y-21.417 E361.4296
G0 F7200 X8.972 Y-21.983
G1 F1800 X20.802 Y-33.812 E362.76795
G0 F7200 X20.236 Y-33.812
G1 F1800 X8.972 Y-22.548 E364.04233
G0 F7200 X8.972 Y-23.114
G1 F1800 X19.67 Y-33.812 E365.25267
G0 F7200 X19.105 Y-33.812
G1 F1800 X8.972 Y-23.68 E366.39903
G0 F7200 X8.972 Y-24.245
G1 F1800 X18.539 Y-33.812 E367.48141
G0 F7200 X17.973 Y-33.812
G1 F1800 X8.972 Y-24.811 E368.49976
G0 F7200 X8.972 Y-25.377
G1 F1800 X17.408 Y-33.812 E369.45413
G0 F7200 X16.842 Y-33.812
G1 F1800 X8.972 Y-25.942 E370.34452
G0 F7200 X8.972 Y-26.508
G1 F1800 X16.276 Y-33.812 E371.17087
G0 F7200 X15.71 Y-33.812
G1 F1800 X8.972 Y-27.074 E371.93319
G0 F7200 X8.972 Y-27.639
G1 F1800 X15.145 Y-33.812 E372.63158
G0 F7200 X14.579 Y-33.812
G1 F1800 X8.972 Y-28.205 E373.26594
G0 F7200 X8.972 Y-28.771
G1 F1800 X14.013 Y-33.812 E373.83627
G0 F7200 X13.448 Y-33.812
G1 F1800 X8.972 Y-29.336 E374.34267
G0 F7200 X8.972 Y-29.902
G1 F1800 X12.882 Y-33.812 E374.78504
G0 F7200 X12.316 Y-33.812
G1 F1800 X8.972 Y-30.468 E375.16337
G0 F7200 X8.972 Y-31.034
G1 F1800 X11.751 Y-33.812 E375.47772
G0 F7200 X11.185 Y-33.812
G1 F1800 X8.972 Y-31.599 E375.72809
G0 F7200 X8.972 Y-32.165
G1 F1800 X10.619 Y-33.812 E375.91443
G0 F7200 X10.054 Y-33.812
G1 F1800 X8.972 Y-32.731 E376.03678
G0 F7200 X8.972 Y-33.296
G1 F1800 X9.488 Y-33.812 E376.09516
G10
;MESH:NONMESH
G0 F600 Z1.5
G0 F7200 X7.822 Y0.791
G0 X6.727 Y0.791
G0 X-3.942 Y0.791
G0 X-5.037 Y0.791
G0 X-5.364 Y0.791
;TIME_ELAPSED:3765.502208
;LAYER:6
;TYPE:FILL
;MESH:tapacarcvincha prueba 1.stl
G11
G1 F3600 X-35.905 Y31.332 E379.55048
G1 X-35.975 Y31.402
G0 F7200 X-35.975 Y31.182
G0 X-39.308 Y31.182
G0 X-39.308 Y31.332
G1 F3600 X-69.844 Y0.796 E383.00524
G1 X-69.914 Y0.726
G0 F7200 X-69.697 Y0.726
G0 X-69.697 Y-2.612
G0 X-69.844 Y-2.612
G1 F3600 X-39.308 Y-33.148 E386.45999
G1 X-39.238 Y-33.218
G0 F7200 X-39.238 Y-32.998
G0 X-35.905 Y-32.998
G0 X-35.905 Y-33.148
G1 F3600 X-5.364 Y-2.606 E389.91537
G1 X-5.294 Y-2.536
G0 F7200 X-5.517 Y-2.536
G0 X-5.517 Y-10.523
G0 X-5.364 Y-10.523
G1 F3600 X-47.219 Y31.332 E394.65072
G1 X-47.289 Y31.402
G0 F7200 X-47.289 Y31.182
G0 X-50.622 Y31.182
G0 X-50.622 Y31.332
G1 F3600 X-69.844 Y12.11 E396.82544
G1 X-69.914 Y12.04
G0 F7200 X-69.697 Y12.04
G0 X-69.697 Y8.702
G0 X-69.844 Y8.702
G1 F3600 X-27.994 Y-33.148 E401.56023
G1 X-27.924 Y-33.218
G0 F7200 X-27.924 Y-32.998
G0 X-24.592 Y-32.998
G0 X-24.592 Y-33.148
G1 F3600 X-5.364 Y-13.92 E403.73563
G1 X-5.294 Y-13.85
G0 F7200 X-5.517 Y-13.85
G0 X-5.517 Y-21.837
G0 X-5.364 Y-21.837
G1 F3600 X-58.533 Y31.332 E409.75101
G1 X-58.603 Y31.402
G0 F7200 X-58.603 Y31.182
G0 X-61.935 Y31.182
G0 X-61.935 Y31.332
G1 F3600 X-69.844 Y23.424 E410.64576
G1 X-69.914 Y23.354
G0 F7200 X-69.697 Y23.354
G0 X-69.697 Y20.015
G0 X-69.844 Y20.015
G1 F3600 X-16.681 Y-33.148 E416.66046
G1 X-16.611 Y-33.218
G0 F7200 X-16.611 Y-32.998
G0 X-13.278 Y-32.998
G0 X-13.278 Y-33.148
G1 F3600 X-5.364 Y-25.234 E417.55583
G1 X-5.294 Y-25.164
G0 F7200 X-5.517 Y-25.164
G0 X-5.487 Y-33.028
G0 X-5.367 Y-33.148
G1 F3600 X-69.844 Y31.329 E424.85057
G1 X-69.914 Y31.399
G0 F7200 X-69.727 Y31.212
G0 X-69.697 Y-10.518
G0 X-69.844 Y-10.518
G1 F3600 X-27.994 Y31.332 E429.58536
G1 X-27.924 Y31.402
G0 F7200 X-27.924 Y31.182
G0 X-24.592 Y31.182
G0 X-24.592 Y31.332
G1 F3600 X-5.364 Y12.104 E431.76076
G1 X-5.294 Y12.034
G0 F7200 X-5.517 Y12.034
G0 X-5.517 Y8.707
G0 X-5.364 Y8.707
G1 F3600 X-47.219 Y-33.148 E436.49611
G1 X-47.289 Y-33.218
G0 F7200 X-47.289 Y-32.998
G0 X-50.622 Y-32.998
G0 X-50.622 Y-33.148
G1 F3600 X-69.844 Y-13.926 E438.67083
G1 X-69.914 Y-13.856
G0 F7200 X-69.697 Y-13.856
G0 X-69.697 Y-21.831
G0 X-69.844 Y-21.831
G1 F3600 X-16.681 Y31.332 E444.68554
G1 X-16.611 Y31.402
G0 F7200 X-16.611 Y31.182
G0 X-13.278 Y31.182
G0 X-13.278 Y31.332
G1 F3600 X-5.364 Y23.418 E445.58091
G1 X-5.294 Y23.348
G0 F7200 X-5.517 Y23.348
G0 X-5.517 Y20.021
G0 X-5.364 Y20.021
G1 F3600 X-58.533 Y-33.148 E451.59629
G1 X-58.603 Y-33.218
G0 F7200 X-58.603 Y-32.998
G0 X-61.935 Y-32.998
G0 X-61.935 Y-33.148
G1 F3600 X-69.844 Y-25.239 E452.49109
G1 X-69.914 Y-25.169
G0 F7200 X-69.697 Y-25.169
G0 X-69.727 Y-33.028
G0 X-69.844 Y-33.145
G1 F3600 X-5.367 Y31.332 E459.78583
G1 X-5.297 Y31.402
G0 F7200 X-5.204 Y31.492
;TYPE:WALL-INNER
G1 F3600 X-5.204 Y-33.308 E464.96983
G1 X-70.004 Y-33.308 E470.15383
G1 X-70.004 Y31.492 E475.33783
G1 X-5.204 Y31.492 E480.52183
G0 F7200 X-4.804 Y31.892
;TYPE:WALL-OUTER
G1 F1800 X-4.804 Y-33.708 E485.76983
G1 X-70.404 Y-33.708 E491.01783
G1 X-70.404 Y31.892 E496.26583
G1 X-4.804 Y31.892 E501.51383
G0 F7200 X-4.804 Y31.692
G0 X-5.817 Y31
G10
;MESH:base carc vincha prueba 1.stl
G0 X-5.037 Y29.726
G0 X-3.942 Y29.726
G0 X6.727 Y29.726
G0 X7.822 Y29.726
G0 X8.153 Y29.844
;TYPE:FILL
G11
G1 F3600 X8.632 Y29.365 E501.56803
G0 F7200 X8.632 Y22.415
G1 F3600 X8.152 Y21.934 E501.62239
G0 F7200 X8.302 Y21.934
G0 X8.302 Y18.531
G0 X8.152 Y18.531
G1 F3600 X8.632 Y18.052 E501.67664
G0 F7200 X8.632 Y11.102
G1 F3600 X8.152 Y10.621 E501.731
G0 F7200 X8.302 Y10.621
G0 X8.302 Y7.217
G0 X8.152 Y7.217
G1 F3600 X8.632 Y6.738 E501.78525
G0 F7200 X8.632 Y-.212
G1 F3600 X8.152 Y-.693 E501.83961
G0 F7200 X8.302 Y-.693
G0 X8.302 Y-4.096
G0 X8.152 Y-4.096
G1 F3600 X8.632 Y-4.576 E501.89392
G0 F7200 X8.632 Y-11.526
G1 F3600 X8.152 Y-12.007 E501.94828
G0 F7200 X8.302 Y-12.007
G0 X8.302 Y-15.41
G0 X8.152 Y-15.41
G1 F3600 X8.632 Y-15.889 E502.00253
G0 F7200 X8.632 Y-22.84
G1 F3600 X8.152 Y-23.32 E502.05683
G0 F7200 X8.302 Y-23.32
G0 X8.302 Y-26.724
G0 X8.152 Y-26.724
G1 F3600 X8.632 Y-27.203 E502.11108
G0 F7200 X8.632 Y-34.154
G1 F3600 X8.154 Y-34.632 E502.16516
G0 F7200 X8.272 Y-34.514
G0 X15.583 Y-34.154
G1 F3600 X16.061 Y-34.632 E502.21924
G0 F7200 X16.061 Y-34.484
G0 X19.467 Y-34.484
G0 X19.467 Y-34.632
G1 F3600 X19.945 Y-34.154 E502.27332
G0 F7200 X26.896 Y-34.154
G1 F3600 X27.374 Y-34.632 E502.3274
G0 F7200 X27.374 Y-34.484
G0 X30.781 Y-34.484
G0 X30.781 Y-34.632
G1 F3600 X31.259 Y-34.154 E502.38148
G0 F7200 X38.21 Y-34.154
G1 F3600 X38.688 Y-34.632 E502.43556
G0 F7200 X38.688 Y-34.484
G0 X42.095 Y-34.484
G0 X42.095 Y-34.632
G1 F3600 X42.573 Y-34.154 E502.48964
G0 F7200 X49.524 Y-34.154
G1 F3600 X50.002 Y-34.632 E502.54372
G0 F7200 X50.002 Y-34.484
G0 X53.408 Y-34.484
G0 X53.408 Y-34.632
G1 F3600 X53.886 Y-34.154 E502.5978
G0 F7200 X60.837 Y-34.154
G1 F3600 X61.315 Y-34.632 E502.65188
G0 F7200 X61.315 Y-34.484
G0 X64.722 Y-34.484
G0 X64.722 Y-34.632
G1 F3600 X65.2 Y-34.154 E502.70596
G0 F7200 X72.151 Y-34.154
G1 F3600 X72.629 Y-34.632 E502.76004
G0 F7200 X72.512 Y-34.514
G0 X72.152 Y-27.202
G1 F3600 X72.631 Y-26.723 E502.81423
G0 F7200 X72.482 Y-26.723
G0 X72.482 Y-23.32
G0 X72.63 Y-23.32
G1 F3600 X72.152 Y-22.842 E502.86831
G0 F7200 X72.152 Y-15.889
G1 F3600 X72.631 Y-15.409 E502.92256
G0 F7200 X72.482 Y-15.409
G0 X72.482 Y-12.006
G0 X72.63 Y-12.006
G1 F3600 X72.152 Y-11.528 E502.97664
G0 F7200 X72.152 Y-4.575
G1 F3600 X72.631 Y-4.096 E503.03083
G0 F7200 X72.482 Y-4.096
G0 X72.482 Y-.692
G0 X72.63 Y-.692
G1 F3600 X72.152 Y-.214 E503.08491
G0 F7200 X72.152 Y6.739
G1 F3600 X72.631 Y7.218 E503.1391
G0 F7200 X72.482 Y7.218
G0 X72.482 Y10.621
G0 X72.63 Y10.621
G1 F3600 X72.152 Y11.099 E503.19318
G0 F7200 X72.152 Y18.052
G1 F3600 X72.631 Y18.532 E503.24743
G0 F7200 X72.482 Y18.532
G0 X72.482 Y21.935
G0 X72.63 Y21.935
G1 F3600 X72.152 Y22.413 E503.30151
G0 F7200 X72.152 Y29.366
G1 F3600 X72.63 Y29.844 E503.35559
G0 F7200 X72.512 Y29.726
G0 X65.199 Y29.366
G1 F3600 X64.721 Y29.844 E503.40967
G0 F7200 X64.721 Y29.696
G0 X61.316 Y29.696
G0 X61.316 Y29.844
G1 F3600 X60.838 Y29.366 E503.46375
G0 F7200 X53.886 Y29.366
G1 F3600 X53.408 Y29.844 E503.51783
G0 F7200 X53.408 Y29.696
G0 X50.002 Y29.696
G0 X50.002 Y29.844
G1 F3600 X49.524 Y29.366 E503.57191
G0 F7200 X42.572 Y29.366
G1 F3600 X42.094 Y29.844 E503.62599
G0 F7200 X42.094 Y29.696
G0 X38.689 Y29.696
G0 X38.689 Y29.844
G1 F3600 X38.211 Y29.366 E503.68007
G0 F7200 X31.258 Y29.366
G1 F3600 X30.78 Y29.844 E503.73415
G0 F7200 X30.78 Y29.696
G0 X27.375 Y29.696
G0 X27.375 Y29.844
G1 F3600 X26.897 Y29.366 E503.78823
G0 F7200 X19.945 Y29.366
G1 F3600 X19.467 Y29.844 E503.84231
G0 F7200 X19.467 Y29.696
G0 X16.061 Y29.696
G0 X16.061 Y29.844
G1 F3600 X15.583 Y29.366 E503.89639
G0 F7200 X72.512 Y29.726
G0 X72.791 Y30.004
;TYPE:WALL-INNER
G1 F3600 X72.791 Y-34.792 E509.08007
G1 X7.992 Y-34.792 E514.26399
G1 X7.992 Y30.004 E519.44767
G1 X72.791 Y30.004 E524.63159
G0 F7200 X73.191 Y30.404
;TYPE:WALL-OUTER
G1 F1800 X73.191 Y-35.192 E529.87927
G1 X7.592 Y-35.192 E535.12719
G1 X7.592 Y30.404 E540.37487
G1 X73.191 Y30.404 E545.62279
G0 F7200 X73.191 Y30.204
G0 X72.512 Y29.726
G0 X72.011 Y29.224
;TYPE:SKIN
G1 F1800 X8.772 Y29.224 E550.68191
G1 X8.772 Y-34.012 E555.74079
G1 X72.011 Y-34.012 E560.79991
G1 X72.011 Y29.224 E565.85879
G0 F7200 X71.811 Y-33.407
G1 F1800 X71.405 Y-33.812 E565.90466
G0 F7200 X70.839 Y-33.812
G1 F1800 X71.811 Y-32.841 E566.01458
G0 F7200 X71.811 Y-32.275
G1 F1800 X70.274 Y-33.812 E566.18847
G0 F7200 X69.708 Y-33.812
G1 F1800 X71.811 Y-31.709 E566.4264
G0 F7200 X71.811 Y-31.144
G1 F1800 X69.142 Y-33.812 E566.7283
G0 F7200 X68.577 Y-33.812
G1 F1800 X71.811 Y-30.578 E567.09419
G0 F7200 X71.811 Y-30.012
G1 F1800 X68.011 Y-33.812 E567.52411
G0 F7200 X67.445 Y-33.812
G1 F1800 X71.811 Y-29.447 E568.01801
G0 F7200 X71.811 Y-28.881
G1 F1800 X66.88 Y-33.812 E568.57589
G0 F7200 X66.314 Y-33.812
G1 F1800 X71.811 Y-28.315 E569.1978
G0 F7200 X71.811 Y-27.75
G1 F1800 X65.748 Y-33.812 E569.8837
G0 F7200 X65.183 Y-33.812
G1 F1800 X71.811 Y-27.184 E570.63357
G0 F7200 X71.811 Y-26.618
G1 F1800 X64.617 Y-33.812 E571.44748
G0 F7200 X64.051 Y-33.812
G1 F1800 X71.811 Y-26.053 E572.32536
G0 F7200 X71.811 Y-25.487
G1 F1800 X63.485 Y-33.812 E573.26729
G0 F7200 X62.92 Y-33.812
G1 F1800 X71.811 Y-24.921 E574.27319
G0 F7200 X71.811 Y-24.356
G1 F1800 X62.354 Y-33.812 E575.34307
G0 F7200 X61.788 Y-33.812
G1 F1800 X71.811 Y-23.79 E576.47698
G0 F7200 X71.811 Y-23.224
G1 F1800 X61.223 Y-33.812 E577.67488
G0 F7200 X60.657 Y-33.812
G1 F1800 X71.811 Y-22.659 E578.93675
G0 F7200 X71.811 Y-22.093
G1 F1800 X60.091 Y-33.812 E580.26266
G0 F7200 X59.526 Y-33.812
G1 F1800 X71.811 Y-21.527 E581.65255
G0 F7200 X71.811 Y-20.961
G1 F1800 X58.96 Y-33.812 E583.10648
G0 F7200 X58.394 Y-33.812
G1 F1800 X71.811 Y-20.396 E584.62438
G0 F7200 X71.811 Y-19.83
G1 F1800 X57.829 Y-33.812 E586.20627
G0 F7200 X57.263 Y-33.812
G1 F1800 X71.811 Y-19.264 E587.85218
G0 F7200 X71.811 Y-18.699
G1 F1800 X56.697 Y-33.812 E589.56208
G0 F7200 X56.132 Y-33.812
G1 F1800 X71.811 Y-18.133 E591.33596
G0 F7200 X71.811 Y-17.567
G1 F1800 X55.566 Y-33.812 E593.17387
G0 F7200 X55 Y-33.812
G1 F1800 X71.811 Y-17.002 E595.07576
G0 F7200 X71.811 Y-16.436
G1 F1800 X54.434 Y-33.812 E597.04169
G0 F7200 X53.869 Y-33.812
G1 F1800 X71.811 Y-15.87 E599.07159
G0 F7200 X71.811 Y-15.305
G1 F1800 X53.303 Y-33.812 E601.16548
G0 F7200 X52.737 Y-33.812
G1 F1800 X71.811 Y-14.739 E603.3234
G0 F7200 X71.811 Y-14.173
G1 F1800 X52.172 Y-33.812 E605.5453
G0 F7200 X51.606 Y-33.812
G1 F1800 X71.811 Y-13.608 E607.83117
G0 F7200 X71.811 Y-13.042
G1 F1800 X51.04 Y-33.812 E610.18109
G0 F7200 X50.475 Y-33.812
G1 F1800 X71.811 Y-12.476 E612.59498
G0 F7200 X71.811 Y-11.911
G1 F1800 X49.909 Y-33.812 E615.07285
G0 F7200 X49.343 Y-33.812
G1 F1800 X71.811 Y-11.345 E617.61476
G0 F7200 X71.811 Y-10.779
G1 F1800 X48.778 Y-33.812 E620.22065
G0 F7200 X48.212 Y-33.812
G1 F1800 X71.811 Y-10.213 E622.89057
G0 F7200 X71.811 Y-9.648
G1 F1800 X47.646 Y-33.812 E625.62447
G0 F7200 X47.081 Y-33.812
G1 F1800 X71.811 Y-9.082 E628.42235
G0 F7200 X71.811 Y-8.516
G1 F1800 X46.515 Y-33.812 E631.28427
G0 F7200 X45.949 Y-33.812
G1 F1800 X71.811 Y-7.951 E634.21016
G0 F7200 X71.811 Y-7.385
G1 F1800 X45.384 Y-33.812 E637.20003
G0 F7200 X44.818 Y-33.812
G1 F1800 X71.811 Y-6.819 E640.25394
G0 F7200 X71.811 Y-6.254
G1 F1800 X44.252 Y-33.812 E643.37183
G0 F7200 X43.686 Y-33.812
G1 F1800 X71.811 Y-5.688 E646.55376
G0 F7200 X71.811 Y-5.122
G1 F1800 X43.121 Y-33.812 E649.79966
G0 F7200 X42.555 Y-33.812
G1 F1800 X71.811 Y-4.557 E653.10954
G0 F7200 X71.811 Y-3.991
G1 F1800 X41.989 Y-33.812 E656.48346
G0 F7200 X41.424 Y-33.812
G1 F1800 X71.811 Y-3.425 E659.92136
G0 F7200 X71.811 Y-2.86
G1 F1800 X40.858 Y-33.812 E663.42323
G0 F7200 X40.292 Y-33.812
G1 F1800 X71.811 Y-2.294 E666.98914
G0 F7200 X71.811 Y-1.728
G1 F1800 X39.727 Y-33.812 E670.61903
G0 F7200 X39.161 Y-33.812
G1 F1800 X71.811 Y-1.162 E674.31296
G0 F7200 X71.811 Y-.597
G1 F1800 X38.595 Y-33.812 E678.07086
G0 F7200 X38.03 Y-33.812
G1 F1800 X71.811 Y-0.031 E681.89275
G0 F7200 X71.811 Y0.535
G1 F1800 X37.464 Y-33.812 E685.77867
G0 F7200 X36.898 Y-33.812
G1 F1800 X71.811 Y1.1 E689.72856
G0 F7200 X71.811 Y1.666
G1 F1800 X36.333 Y-33.812 E693.74244
G0 F7200 X35.767 Y-33.812
G1 F1800 X71.811 Y2.232 E697.82036
G0 F7200 X71.811 Y2.797
G1 F1800 X35.201 Y-33.812 E701.96225
G0 F7200 X34.636 Y-33.812
G1 F1800 X71.811 Y3.363 E706.16812
G0 F7200 X71.811 Y3.929
G1 F1800 X34.07 Y-33.812 E710.43803
G0 F7200 X33.504 Y-33.812
G1 F1800 X71.811 Y4.494 E714.77191
G0 F7200 X71.811 Y5.06
G1 F1800 X32.938 Y-33.812 E719.16983
G0 F7200 X32.373 Y-33.812
G1 F1800 X71.811 Y5.626 E723.63173
G0 F7200 X71.811 Y6.191
G1 F1800 X31.807 Y-33.812 E728.15761
G0 F7200 X31.241 Y-33.812
G1 F1800 X71.811 Y6.757 E732.74753
G0 F7200 X71.811 Y7.323
G1 F1800 X30.676 Y-33.812 E737.40142
G0 F7200 X30.11 Y-33.812
G1 F1800 X71.811 Y7.888 E742.11929
G0 F7200 X71.811 Y8.454
G1 F1800 X29.544 Y-33.812 E746.9012
G0 F7200 X28.979 Y-33.812
G1 F1800 X71.811 Y9.02 E751.74709
G0 F7200 X71.811 Y9.586
G1 F1800 X28.413 Y-33.812 E756.65701
G0 F7200 X27.847 Y-33.812
G1 F1800 X71.811 Y10.151 E761.63092
G0 F7200 X71.811 Y10.717
G1 F1800 X27.282 Y-33.812 E766.6688
G0 F7200 X26.716 Y-33.812
G1 F1800 X71.811 Y11.283 E771.77071
G0 F7200 X71.811 Y11.848
G1 F1800 X26.15 Y-33.812 E776.93661
G0 F7200 X25.585 Y-33.812
G1 F1800 X71.811 Y12.414 E782.16648
G0 F7200 X71.811 Y12.98
G1 F1800 X25.019 Y-33.812 E787.4604
G0 F7200 X24.453 Y-33.812
G1 F1800 X71.811 Y13.545 E792.81828
G0 F7200 X71.811 Y14.111
G1 F1800 X23.887 Y-33.812 E798.24021
G0 F7200 X23.322 Y-33.812
G1 F1800 X71.811 Y14.677 E803.72611
G0 F7200 X71.811 Y15.242
G1 F1800 X22.756 Y-33.812 E809.276
G0 F7200 X22.19 Y-33.812
G1 F1800 X71.811 Y15.808 E814.88992
G0 F7200 X71.811 Y16.374
G1 F1800 X21.625 Y-33.812 E820.56781
G0 F7200 X21.059 Y-33.812
G1 F1800 X71.811 Y16.939 E826.30969
G0 F7200 X71.811 Y17.505
G1 F1800 X20.493 Y-33.812 E832.1156
G0 F7200 X19.928 Y-33.812
G1 F1800 X71.811 Y18.071 E837.98549
G0 F7200 X71.811 Y18.637
G1 F1800 X19.362 Y-33.812 E843.91942
G0 F7200 X18.796 Y-33.812
G1 F1800 X71.811 Y19.202 E849.91733
G0 F7200 X71.811 Y19.768
G1 F1800 X18.231 Y-33.812 E855.97921
G0 F7200 X17.665 Y-33.812
G1 F1800 X71.811 Y20.334 E862.10513
G0 F7200 X71.811 Y20.899
G1 F1800 X17.099 Y-33.812 E868.29503
G0 F7200 X16.534 Y-33.812
G1 F1800 X71.811 Y21.465 E874.54891
G0 F7200 X71.811 Y22.031
G1 F1800 X15.968 Y-33.812 E880.86682
G0 F7200 X15.402 Y-33.812
G1 F1800 X71.811 Y22.596 E887.24872
G0 F7200 X71.811 Y23.162
G1 F1800 X14.837 Y-33.812 E893.69459
G0 F7200 X14.271 Y-33.812
G1 F1800 X71.811 Y23.728 E900.2045
G0 F7200 X71.811 Y24.293
G1 F1800 X13.705 Y-33.812 E906.77839
G0 F7200 X13.139 Y-33.812
G1 F1800 X71.811 Y24.859 E913.41631
G0 F7200 X71.811 Y25.425
G1 F1800 X12.574 Y-33.812 E920.11821
G0 F7200 X12.008 Y-33.812
G1 F1800 X71.811 Y25.99 E926.88409
G0 F7200 X71.811 Y26.556
G1 F1800 X11.442 Y-33.812 E933.71401
G0 F7200 X10.877 Y-33.812
G1 F1800 X71.811 Y27.122 E940.6079
G0 F7200 X71.811 Y27.687
G1 F1800 X10.311 Y-33.812 E947.56578
G0 F7200 X9.745 Y-33.812
G1 F1800 X71.811 Y28.253 E954.58768
G0 F7200 X71.811 Y28.819
G1 F1800 X9.18 Y-33.812 E961.67357
G0 F7200 X8.972 Y-33.455
G1 F1800 X71.45 Y29.024 E968.74221
G0 F7200 X70.885 Y29.024
G1 F1800 X8.972 Y-32.889 E975.74687
G0 F7200 X8.972 Y-32.323
G1 F1800 X70.319 Y29.024 E982.68749
G0 F7200 X69.753 Y29.024
G1 F1800 X8.972 Y-31.758 E989.56413
G0 F7200 X8.972 Y-31.192
G1 F1800 X69.188 Y29.024 E996.37679
G0 F7200 X68.622 Y29.024
G1 F1800 X8.972 Y-30.626 E1003.12542
G0 F7200 X8.972 Y-30.061
G1 F1800 X68.056 Y29.024 E1009.81007
G0 F7200 X67.491 Y29.024
G1 F1800 X8.972 Y-29.495 E1016.43073
G0 F7200 X8.972 Y-28.929
G1 F1800 X66.925 Y29.024 E1022.98737
G0 F7200 X66.359 Y29.024
G1 F1800 X8.972 Y-28.363 E1029.47997
G0 F7200 X8.972 Y-27.798
G1 F1800 X65.793 Y29.024 E1035.90859
G0 F7200 X65.228 Y29.024
G1 F1800 X8.972 Y-27.232 E1042.27323
G0 F7200 X8.972 Y-26.666
G1 F1800 X64.662 Y29.024 E1048.57383
G0 F7200 X64.096 Y29.024
G1 F1800 X8.972 Y-26.101 E1054.81045
G0 F7200 X8.972 Y-25.535
G1 F1800 X63.531 Y29.024 E1060.9831
G0 F7200 X62.965 Y29.024
G1 F1800 X8.972 Y-24.969 E1067.09171
G0 F7200 X8.972 Y-24.404
G1 F1800 X62.399 Y29.024 E1073.13634
G0 F7200 X61.834 Y29.024
G1 F1800 X8.972 Y-23.838 E1079.117
G0 F7200 X8.972 Y-23.272
G1 F1800 X61.268 Y29.024 E1085.03361
G0 F7200 X60.702 Y29.024
G1 F1800 X8.972 Y-22.707 E1090.88625
G0 F7200 X8.972 Y-22.141
G1 F1800 X60.137 Y29.024 E1096.67491
G0 F7200 X59.571 Y29.024
G1 F1800 X8.972 Y-21.575 E1102.39953
G0 F7200 X8.972 Y-21.01
G1 F1800 X59.005 Y29.024 E1108.06018
G0 F7200 X58.44 Y29.024
G1 F1800 X8.972 Y-20.444 E1113.65684
G0 F7200 X8.972 Y-19.878
G1 F1800 X57.874 Y29.024 E1119.18947
G0 F7200 X57.308 Y29.024
G1 F1800 X8.972 Y-19.313 E1124.65812
G0 F7200 X8.972 Y-18.747
G1 F1800 X56.742 Y29.024 E1130.06274
G0 F7200 X56.177 Y29.024
G1 F1800 X8.972 Y-18.181 E1135.40337
G0 F7200 X8.972 Y-17.615
G1 F1800 X55.611 Y29.024 E1140.67997
G0 F7200 X55.045 Y29.024
G1 F1800 X8.972 Y-17.05 E1145.8926
G0 F7200 X8.972 Y-16.484
G1 F1800 X54.48 Y29.024 E1151.04124
G0 F7200 X53.914 Y29.024
G1 F1800 X8.972 Y-15.918 E1156.12585
G0 F7200 X8.972 Y-15.353
G1 F1800 X53.348 Y29.024 E1161.14647
G0 F7200 X52.783 Y29.024
G1 F1800 X8.972 Y-14.787 E1166.10312
G0 F7200 X8.972 Y-14.221
G1 F1800 X52.217 Y29.024 E1170.99574
G0 F7200 X51.651 Y29.024
G1 F1800 X8.972 Y-13.656 E1175.82437
G0 F7200 X8.972 Y-13.09
G1 F1800 X51.086 Y29.024 E1180.58902
G0 F7200 X50.52 Y29.024
G1 F1800 X8.972 Y-12.524 E1185.28964
G0 F7200 X8.972 Y-11.959
G1 F1800 X49.954 Y29.024 E1189.92629
G0 F7200 X49.389 Y29.024
G1 F1800 X8.972 Y-11.393 E1194.49895
G0 F7200 X8.972 Y-10.827
G1 F1800 X48.823 Y29.024 E1199.00757
G0 F7200 X48.257 Y29.024
G1 F1800 X8.972 Y-10.262 E1203.45222
G0 F7200 X8.972 Y-9.696
G1 F1800 X47.692 Y29.024 E1207.83289
G0 F7200 X47.126 Y29.024
G1 F1800 X8.972 Y-9.13 E1212.14952
G0 F7200 X8.972 Y-8.564
G1 F1800 X46.56 Y29.024 E1216.40212
G0 F7200 X45.994 Y29.024
G1 F1800 X8.972 Y-7.999 E1220.59073
G0 F7200 X8.972 Y-7.433
G1 F1800 X45.429 Y29.024 E1224.71537
G0 F7200 X44.863 Y29.024
G1 F1800 X8.972 Y-6.867 E1228.77598
G0 F7200 X8.972 Y-6.302
G1 F1800 X44.297 Y29.024 E1232.7726
G0 F7200 X43.732 Y29.024
G1 F1800 X8.972 Y-5.736 E1236.70525
G0 F7200 X8.972 Y-5.17
G1 F1800 X43.166 Y29.024 E1240.57385
G0 F7200 X42.6 Y29.024
G1 F1800 X8.972 Y-4.605 E1244.37849
G0 F7200 X8.972 Y-4.039
G1 F1800 X42.035 Y29.024 E1248.11914
G0 F7200 X41.469 Y29.024
G1 F1800 X8.972 Y-3.473 E1251.79575
G0 F7200 X8.972 Y-2.908
G1 F1800 X40.903 Y29.024 E1255.40839
G0 F7200 X40.338 Y29.024
G1 F1800 X8.972 Y-2.342 E1258.95705
G0 F7200 X8.972 Y-1.776
G1 F1800 X39.772 Y29.024 E1262.44167
G0 F7200 X39.206 Y29.024
G1 F1800 X8.972 Y-1.211 E1265.86231
G0 F7200 X8.972 Y-.645
G1 F1800 X38.641 Y29.024 E1269.21898
G0 F7200 X38.075 Y29.024
G1 F1800 X8.972 Y-0.079 E1272.51161
G0 F7200 X8.972 Y0.486
G1 F1800 X37.509 Y29.024 E1275.74025
G0 F7200 X36.944 Y29.024
G1 F1800 X8.972 Y1.052 E1278.90493
G0 F7200 X8.972 Y1.618
G1 F1800 X36.378 Y29.024 E1282.00556
G0 F7200 X35.812 Y29.024
G1 F1800 X8.972 Y2.184 E1285.04216
G0 F7200 X8.972 Y2.749
G1 F1800 X35.246 Y29.024 E1288.01478
G0 F7200 X34.681 Y29.024
G1 F1800 X8.972 Y3.315 E1290.92342
G0 F7200 X8.972 Y3.881
G1 F1800 X34.115 Y29.024 E1293.76803
G0 F7200 X33.549 Y29.024
G1 F1800 X8.972 Y4.446 E1296.54865
G0 F7200 X8.972 Y5.012
G1 F1800 X32.984 Y29.024 E1299.2653
G0 F7200 X32.418 Y29.024
G1 F1800 X8.972 Y5.578 E1301.91791
G0 F7200 X8.972 Y6.143
G1 F1800 X31.852 Y29.024 E1304.50655
G0 F7200 X31.287 Y29.024
G1 F1800 X8.972 Y6.709 E1307.0312
G0 F7200 X8.972 Y7.275
G1 F1800 X30.721 Y29.024 E1309.49182
G0 F7200 X30.155 Y29.024
G1 F1800 X8.972 Y7.84 E1311.88846
G0 F7200 X8.972 Y8.406
G1 F1800 X29.59 Y29.024 E1314.22112
G0 F7200 X29.024 Y29.024
G1 F1800 X8.972 Y8.972 E1316.48974
G0 F7200 X8.972 Y9.537
G1 F1800 X28.458 Y29.024 E1318.69439
G0 F7200 X27.893 Y29.024
G1 F1800 X8.972 Y10.103 E1320.83506
G0 F7200 X8.972 Y10.669
G1 F1800 X27.327 Y29.024 E1322.91169
G0 F7200 X26.761 Y29.024
G1 F1800 X8.972 Y11.235 E1324.92428
G0 F7200 X8.972 Y11.8
G1 F1800 X26.195 Y29.024 E1326.8729
G0 F7200 X25.63 Y29.024
G1 F1800 X8.972 Y12.366 E1328.75754
G0 F7200 X8.972 Y12.932
G1 F1800 X25.064 Y29.024 E1330.57814
G0 F7200 X24.498 Y29.024
G1 F1800 X8.972 Y13.497 E1332.33476
G0 F7200 X8.972 Y14.063
G1 F1800 X23.933 Y29.024 E1334.02741
G0 F7200 X23.367 Y29.024
G1 F1800 X8.972 Y14.629 E1335.65601
G0 F7200 X8.972 Y15.194
G1 F1800 X22.801 Y29.024 E1337.22064
G0 F7200 X22.236 Y29.024
G1 F1800 X8.972 Y15.76 E1338.72129
G0 F7200 X8.972 Y16.326
G1 F1800 X21.67 Y29.024 E1340.15791
G0 F7200 X21.104 Y29.024
G1 F1800 X8.972 Y16.891 E1341.53054
G0 F7200 X8.972 Y17.457
G1 F1800 X20.539 Y29.024 E1342.8392
G0 F7200 X19.973 Y29.024
G1 F1800 X8.972 Y18.023 E1344.08382
G0 F7200 X8.972 Y18.588
G1 F1800 X19.407 Y29.024 E1345.26446
G0 F7200 X18.842 Y29.024
G1 F1800 X8.972 Y19.154 E1346.38113
G0 F7200 X8.972 Y19.72
G1 F1800 X18.276 Y29.024 E1347.43375
G0 F7200 X17.71 Y29.024
G1 F1800 X8.972 Y20.285 E1348.4224
G0 F7200 X8.972 Y20.851
G1 F1800 X17.145 Y29.024 E1349.34707
G0 F7200 X16.579 Y29.024
G1 F1800 X8.972 Y21.417 E1350.20771
G0 F7200 X8.972 Y21.983
G1 F1800 X16.013 Y29.024 E1351.0043
G0 F7200 X15.447 Y29.024
G1 F1800 X8.972 Y22.548 E1351.73692
G0 F7200 X8.972 Y23.114
G1 F1800 X14.882 Y29.024 E1352.40556
G0 F7200 X14.316 Y29.024
G1 F1800 X8.972 Y23.68 E1353.01017
G0 F7200 X8.972 Y24.245
G1 F1800 X13.75 Y29.024 E1353.55079
G0 F7200 X13.185 Y29.024
G1 F1800 X8.972 Y24.811 E1354.02744
G0 F7200 X8.972 Y25.377
G1 F1800 X12.619 Y29.024 E1354.44005
G0 F7200 X12.053 Y29.024
G1 F1800 X8.972 Y25.942 E1354.78868
G0 F7200 X8.972 Y26.508
G1 F1800 X11.488 Y29.024 E1355.07334
G0 F7200 X10.922 Y29.024
G1 F1800 X8.972 Y27.074 E1355.29395
G0 F7200 X8.972 Y27.639
G1 F1800 X10.356 Y29.024 E1355.45059
G0 F7200 X9.791 Y29.024
G1 F1800 X8.972 Y28.205 E1355.54325
G0 F7200 X8.972 Y28.771
G1 F1800 X9.225 Y29.024 E1355.57188
G10
;MESH:NONMESH
G0 F600 Z1.7
G0 F7200 X7.822 Y0.791
G0 X6.727 Y0.791
G0 X-3.942 Y0.791
G0 X-5.037 Y0.791
G0 X-5.364 Y0.791
;TIME_ELAPSED:4160.010048
;LAYER:7
;TYPE:FILL
;MESH:tapacarcvincha prueba 1.stl
G11
G1 F3600 X-35.905 Y31.332 E1359.02719
G1 X-35.975 Y31.402
G0 F7200 X-35.975 Y31.182
G0 X-39.308 Y31.182
G0 X-39.308 Y31.332
G1 F3600 X-69.844 Y0.796 E1362.48195
G1 X-69.914 Y0.726
G0 F7200 X-69.697 Y0.726
G0 X-69.697 Y-2.612
G0 X-69.844 Y-2.612
G1 F3600 X-39.308 Y-33.148 E1365.9367
G1 X-39.238 Y-33.218
G0 F7200 X-39.238 Y-32.998
G0 X-35.905 Y-32.998
G0 X-35.905 Y-33.148
G1 F3600 X-5.364 Y-2.606 E1369.39208
G1 X-5.294 Y-2.536
G0 F7200 X-5.517 Y-2.536
G0 X-5.517 Y-10.523
G0 X-5.364 Y-10.523
G1 F3600 X-47.219 Y31.332 E1374.12743
G1 X-47.289 Y31.402
G0 F7200 X-47.289 Y31.182
G0 X-50.622 Y31.182
G0 X-50.622 Y31.332
G1 F3600 X-69.844 Y12.11 E1376.30215
G1 X-69.914 Y12.04
G0 F7200 X-69.697 Y12.04
G0 X-69.697 Y8.702
G0 X-69.844 Y8.702
G1 F3600 X-27.994 Y-33.148 E1381.03694
G1 X-27.924 Y-33.218
G0 F7200 X-27.924 Y-32.998
G0 X-24.592 Y-32.998
G0 X-24.592 Y-33.148
G1 F3600 X-5.364 Y-13.92 E1383.21234
G1 X-5.294 Y-13.85
G0 F7200 X-5.517 Y-13.85
G0 X-5.517 Y-21.837
G0 X-5.364 Y-21.837
G1 F3600 X-58.533 Y31.332 E1389.22773
G1 X-58.603 Y31.402
G0 F7200 X-58.603 Y31.182
G0 X-61.935 Y31.182
G0 X-61.935 Y31.332
G1 F3600 X-69.844 Y23.424 E1390.12247
G1 X-69.914 Y23.354
G0 F7200 X-69.697 Y23.354
G0 X-69.697 Y20.015
G0 X-69.844 Y20.015
G1 F3600 X-16.681 Y-33.148 E1396.13718
G1 X-16.611 Y-33.218
G0 F7200 X-16.611 Y-32.998
G0 X-13.278 Y-32.998
G0 X-13.278 Y-33.148
G1 F3600 X-5.364 Y-25.234 E1397.03254
G1 X-5.294 Y-25.164
G0 F7200 X-5.517 Y-25.164
G0 X-5.487 Y-33.028
G0 X-5.367 Y-33.148
G1 F3600 X-69.844 Y31.329 E1404.32728
G1 X-69.914 Y31.399
G0 F7200 X-69.727 Y31.212
G0 X-69.697 Y-10.518
G0 X-69.844 Y-10.518
G1 F3600 X-27.994 Y31.332 E1409.06207
G1 X-27.924 Y31.402
G0 F7200 X-27.924 Y31.182
G0 X-24.592 Y31.182
G0 X-24.592 Y31.332
G1 F3600 X-5.364 Y12.104 E1411.23747
G1 X-5.294 Y12.034
G0 F7200 X-5.517 Y12.034
G0 X-5.517 Y8.707
G0 X-5.364 Y8.707
G1 F3600 X-47.219 Y-33.148 E1415.97282
G1 X-47.289 Y-33.218
G0 F7200 X-47.289 Y-32.998
G0 X-50.622 Y-32.998
G0 X-50.622 Y-33.148
G1 F3600 X-69.844 Y-13.926 E1418.14754
G1 X-69.914 Y-13.856
G0 F7200 X-69.697 Y-13.856
G0 X-69.697 Y-21.831
G0 X-69.844 Y-21.831
G1 F3600 X-16.681 Y31.332 E1424.16225
G1 X-16.611 Y31.402
G0 F7200 X-16.611 Y31.182
G0 X-13.278 Y31.182
G0 X-13.278 Y31.332
G1 F3600 X-5.364 Y23.418 E1425.05762
G1 X-5.294 Y23.348
G0 F7200 X-5.517 Y23.348
G0 X-5.517 Y20.021
G0 X-5.364 Y20.021
G1 F3600 X-58.533 Y-33.148 E1431.073
G1 X-58.603 Y-33.218
G0 F7200 X-58.603 Y-32.998
G0 X-61.935 Y-32.998
G0 X-61.935 Y-33.148
G1 F3600 X-69.844 Y-25.239 E1431.9678
G1 X-69.914 Y-25.169
G0 F7200 X-69.697 Y-25.169
G0 X-69.727 Y-33.028
G0 X-69.844 Y-33.145
G1 F3600 X-5.367 Y31.332 E1439.26254
G1 X-5.297 Y31.402
G0 F7200 X-5.204 Y31.492
;TYPE:WALL-INNER
G1 F3600 X-5.204 Y-33.308 E1444.44654
G1 X-70.004 Y-33.308 E1449.63054
G1 X-70.004 Y31.492 E1454.81454
G1 X-5.204 Y31.492 E1459.99854
G0 F7200 X-4.804 Y31.892
;TYPE:WALL-OUTER
G1 F1800 X-4.804 Y-33.708 E1465.24654
G1 X-70.404 Y-33.708 E1470.49454
G1 X-70.404 Y31.892 E1475.74254
G1 X-4.804 Y31.892 E1480.99054
G0 F7200 X-4.804 Y31.692
G0 X-5.817 Y31
G10
;MESH:base carc vincha prueba 1.stl
G0 X-5.037 Y29.726
G0 X-3.942 Y29.726
G0 X6.727 Y29.726
G0 X7.822 Y29.726
G0 X8.153 Y29.844
;TYPE:FILL
G11
G1 F3600 X8.632 Y29.365 E1481.04474
G0 F7200 X8.632 Y22.415
G1 F3600 X8.152 Y21.934 E1481.0991
G0 F7200 X8.302 Y21.934
G0 X8.302 Y18.531
G0 X8.152 Y18.531
G1 F3600 X8.632 Y18.052 E1481.15335
G0 F7200 X8.632 Y11.102
G1 F3600 X8.152 Y10.621 E1481.20771
G0 F7200 X8.302 Y10.621
G0 X8.302 Y7.217
G0 X8.152 Y7.217
G1 F3600 X8.632 Y6.738 E1481.26196
G0 F7200 X8.632 Y-.212
G1 F3600 X8.152 Y-.693 E1481.31632
G0 F7200 X8.302 Y-.693
G0 X8.302 Y-4.096
G0 X8.152 Y-4.096
G1 F3600 X8.632 Y-4.576 E1481.37063
G0 F7200 X8.632 Y-11.526
G1 F3600 X8.152 Y-12.007 E1481.42499
G0 F7200 X8.302 Y-12.007
G0 X8.302 Y-15.41
G0 X8.152 Y-15.41
G1 F3600 X8.632 Y-15.889 E1481.47924
G0 F7200 X8.632 Y-22.84
G1 F3600 X8.152 Y-23.32 E1481.53355
G0 F7200 X8.302 Y-23.32
G0 X8.302 Y-26.724
G0 X8.152 Y-26.724
G1 F3600 X8.632 Y-27.203 E1481.5878
G0 F7200 X8.632 Y-34.154
G1 F3600 X8.154 Y-34.632 E1481.64188
G0 F7200 X8.272 Y-34.514
G0 X15.583 Y-34.154
G1 F3600 X16.061 Y-34.632 E1481.69595
G0 F7200 X16.061 Y-34.484
G0 X19.467 Y-34.484
G0 X19.467 Y-34.632
G1 F3600 X19.945 Y-34.154 E1481.75003
G0 F7200 X26.896 Y-34.154
G1 F3600 X27.374 Y-34.632 E1481.80411
G0 F7200 X27.374 Y-34.484
G0 X30.781 Y-34.484
G0 X30.781 Y-34.632
G1 F3600 X31.259 Y-34.154 E1481.85819
G0 F7200 X38.21 Y-34.154
G1 F3600 X38.688 Y-34.632 E1481.91227
G0 F7200 X38.688 Y-34.484
G0 X42.095 Y-34.484
G0 X42.095 Y-34.632
G1 F3600 X42.573 Y-34.154 E1481.96635
G0 F7200 X49.524 Y-34.154
G1 F3600 X50.002 Y-34.632 E1482.02043
G0 F7200 X50.002 Y-34.484
G0 X53.408 Y-34.484
G0 X53.408 Y-34.632
G1 F3600 X53.886 Y-34.154 E1482.07451
G0 F7200 X60.837 Y-34.154
G1 F3600 X61.315 Y-34.632 E1482.12859
G0 F7200 X61.315 Y-34.484
G0 X64.722 Y-34.484
G0 X64.722 Y-34.632
G1 F3600 X65.2 Y-34.154 E1482.18267
G0 F7200 X72.151 Y-34.154
G1 F3600 X72.629 Y-34.632 E1482.23675
G0 F7200 X72.512 Y-34.514
G0 X72.152 Y-27.202
G1 F3600 X72.631 Y-26.723 E1482.29094
G0 F7200 X72.482 Y-26.723
G0 X72.482 Y-23.32
G0 X72.63 Y-23.32
G1 F3600 X72.152 Y-22.842 E1482.34502
G0 F7200 X72.152 Y-15.889
G1 F3600 X72.631 Y-15.409 E1482.39927
G0 F7200 X72.482 Y-15.409
G0 X72.482 Y-12.006
G0 X72.63 Y-12.006
G1 F3600 X72.152 Y-11.528 E1482.45335
G0 F7200 X72.152 Y-4.575
G1 F3600 X72.631 Y-4.096 E1482.50754
G0 F7200 X72.482 Y-4.096
G0 X72.482 Y-.692
G0 X72.63 Y-.692
G1 F3600 X72.152 Y-.214 E1482.56162
G0 F7200 X72.152 Y6.739
G1 F3600 X72.631 Y7.218 E1482.61582
G0 F7200 X72.482 Y7.218
G0 X72.482 Y10.621
G0 X72.63 Y10.621
G1 F3600 X72.152 Y11.099 E1482.6699
G0 F7200 X72.152 Y18.052
G1 F3600 X72.631 Y18.532 E1482.72414
G0 F7200 X72.482 Y18.532
G0 X72.482 Y21.935
G0 X72.63 Y21.935
G1 F3600 X72.152 Y22.413 E1482.77822
G0 F7200 X72.152 Y29.366
G1 F3600 X72.63 Y29.844 E1482.8323
G0 F7200 X72.512 Y29.726
G0 X65.199 Y29.366
G1 F3600 X64.721 Y29.844 E1482.88638
G0 F7200 X64.721 Y29.696
G0 X61.316 Y29.696
G0 X61.316 Y29.844
G1 F3600 X60.838 Y29.366 E1482.94046
G0 F7200 X53.886 Y29.366
G1 F3600 X53.408 Y29.844 E1482.99454
G0 F7200 X53.408 Y29.696
G0 X50.002 Y29.696
G0 X50.002 Y29.844
G1 F3600 X49.524 Y29.366 E1483.04862
G0 F7200 X42.572 Y29.366
G1 F3600 X42.094 Y29.844 E1483.1027
G0 F7200 X42.094 Y29.696
G0 X38.689 Y29.696
G0 X38.689 Y29.844
G1 F3600 X38.211 Y29.366 E1483.15678
G0 F7200 X31.258 Y29.366
G1 F3600 X30.78 Y29.844 E1483.21086
G0 F7200 X30.78 Y29.696
G0 X27.375 Y29.696
G0 X27.375 Y29.844
G1 F3600 X26.897 Y29.366 E1483.26494
G0 F7200 X19.945 Y29.366
G1 F3600 X19.467 Y29.844 E1483.31902
G0 F7200 X19.467 Y29.696
G0 X16.061 Y29.696
G0 X16.061 Y29.844
G1 F3600 X15.583 Y29.366 E1483.3731
G0 F7200 X72.512 Y29.726
G0 X72.791 Y30.004
;TYPE:WALL-INNER
G1 F3600 X72.791 Y-34.792 E1488.55678
G1 X7.992 Y-34.792 E1493.7407
G1 X7.992 Y30.004 E1498.92438
G1 X72.791 Y30.004 E1504.1083
G0 F7200 X73.191 Y30.404
;TYPE:WALL-OUTER
G1 F1800 X73.191 Y-35.192 E1509.35598
G1 X7.592 Y-35.192 E1514.6039
G1 X7.592 Y30.404 E1519.85158
G1 X73.191 Y30.404 E1525.0995
G0 F7200 X73.191 Y30.204
G0 X72.512 Y29.726
G0 X72.011 Y29.224
;TYPE:SKIN
G1 F1800 X8.772 Y29.224 E1530.15862
G1 X8.772 Y-34.012 E1535.2175
G1 X72.011 Y-34.012 E1540.27662
G1 X72.011 Y29.224 E1545.3355
G0 F7200 X71.668 Y29.024
G1 F1800 X71.811 Y28.881 E1545.35168
G0 F7200 X71.811 Y28.315
G1 F1800 X71.102 Y29.024 E1545.43189
G0 F7200 X70.537 Y29.024
G1 F1800 X71.811 Y27.75 E1545.57603
G0 F7200 X71.811 Y27.184
G1 F1800 X69.971 Y29.024 E1545.7842
G0 F7200 X69.405 Y29.024
G1 F1800 X71.811 Y26.618 E1546.05641
G0 F7200 X71.811 Y26.053
G1 F1800 X68.84 Y29.024 E1546.39254
G0 F7200 X68.274 Y29.024
G1 F1800 X71.811 Y25.487 E1546.7927
G0 F7200 X71.811 Y24.921
G1 F1800 X67.708 Y29.024 E1547.25691
G0 F7200 X67.143 Y29.024
G1 F1800 X71.811 Y24.356 E1547.78503
G0 F7200 X71.811 Y23.79
G1 F1800 X66.577 Y29.024 E1548.37719
G0 F7200 X66.011 Y29.024
G1 F1800 X71.811 Y23.224 E1549.03338
G0 F7200 X71.811 Y22.659
G1 F1800 X65.446 Y29.024 E1549.7535
G0 F7200 X64.88 Y29.024
G1 F1800 X71.811 Y22.093 E1550.53766
G0 F7200 X71.811 Y21.527
G1 F1800 X64.314 Y29.024 E1551.38584
G0 F7200 X63.749 Y29.024
G1 F1800 X71.811 Y20.961 E1552.29801
G0 F7200 X71.811 Y20.396
G1 F1800 X63.183 Y29.024 E1553.27416
G0 F7200 X62.617 Y29.024
G1 F1800 X71.811 Y19.83 E1554.31434
G0 F7200 X71.811 Y19.264
G1 F1800 X62.051 Y29.024 E1555.41856
G0 F7200 X61.486 Y29.024
G1 F1800 X71.811 Y18.699 E1556.5867
G0 F7200 X71.811 Y18.133
G1 F1800 X60.92 Y29.024 E1557.81888
G0 F7200 X60.354 Y29.024
G1 F1800 X71.811 Y17.567 E1559.11509
G0 F7200 X71.811 Y17.002
G1 F1800 X59.789 Y29.024 E1560.47522
G0 F7200 X59.223 Y29.024
G1 F1800 X71.811 Y16.436 E1561.89939
G0 F7200 X71.811 Y15.87
G1 F1800 X58.657 Y29.024 E1563.3876
G0 F7200 X58.092 Y29.024
G1 F1800 X71.811 Y15.305 E1564.93972
G0 F7200 X71.811 Y14.739
G1 F1800 X57.526 Y29.024 E1566.55589
G0 F7200 X56.96 Y29.024
G1 F1800 X71.811 Y14.173 E1568.23609
G0 F7200 X71.811 Y13.608
G1 F1800 X56.395 Y29.024 E1569.98021
G0 F7200 X55.829 Y29.024
G1 F1800 X71.811 Y13.042 E1571.78836
G0 F7200 X71.811 Y12.476
G1 F1800 X55.263 Y29.024 E1573.66056
G0 F7200 X54.698 Y29.024
G1 F1800 X71.811 Y11.911 E1575.59667
G0 F7200 X71.811 Y11.345
G1 F1800 X54.132 Y29.024 E1577.59682
G0 F7200 X53.566 Y29.024
G1 F1800 X71.811 Y10.779 E1579.66101
G0 F7200 X71.811 Y10.213
G1 F1800 X53 Y29.024 E1581.78923
G0 F7200 X52.435 Y29.024
G1 F1800 X71.811 Y9.648 E1583.98137
G0 F7200 X71.811 Y9.082
G1 F1800 X51.869 Y29.024 E1586.23755
G0 F7200 X51.303 Y29.024
G1 F1800 X71.811 Y8.516 E1588.55777
G0 F7200 X71.811 Y7.951
G1 F1800 X50.738 Y29.024 E1590.94191
G0 F7200 X50.172 Y29.024
G1 F1800 X71.811 Y7.385 E1593.39008
G0 F7200 X71.811 Y6.819
G1 F1800 X49.606 Y29.024 E1595.90229
G0 F7200 X49.041 Y29.024
G1 F1800 X71.811 Y6.254 E1598.47842
G0 F7200 X71.811 Y5.688
G1 F1800 X48.475 Y29.024 E1601.11859
G0 F7200 X47.909 Y29.024
G1 F1800 X71.811 Y5.122 E1603.82279
G0 F7200 X71.811 Y4.557
G1 F1800 X47.344 Y29.024 E1606.59091
G0 F7200 X46.778 Y29.024
G1 F1800 X71.811 Y3.991 E1609.42308
G0 F7200 X71.811 Y3.425
G1 F1800 X46.212 Y29.024 E1612.31927
G0 F7200 X45.647 Y29.024
G1 F1800 X71.811 Y2.86 E1615.27939
G0 F7200 X71.811 Y2.294
G1 F1800 X45.081 Y29.024 E1618.30354
G0 F7200 X44.515 Y29.024
G1 F1800 X71.811 Y1.728 E1621.39173
G0 F7200 X71.811 Y1.162
G1 F1800 X43.95 Y29.024 E1624.5439
G0 F7200 X43.384 Y29.024
G1 F1800 X71.811 Y0.597 E1627.76005
G0 F7200 X71.811 Y0.031
G1 F1800 X42.818 Y29.024 E1631.04023
G0 F7200 X42.252 Y29.024
G1 F1800 X71.811 Y-.535 E1634.38445
G0 F7200 X71.811 Y-1.1
G1 F1800 X41.687 Y29.024 E1637.7926
G0 F7200 X41.121 Y29.024
G1 F1800 X71.811 Y-1.666 E1641.26477
G0 F7200 X71.811 Y-2.232
G1 F1800 X40.555 Y29.024 E1644.80099
G0 F7200 X39.99 Y29.024
G1 F1800 X71.811 Y-2.797 E1648.40112
G0 F7200 X71.811 Y-3.363
G1 F1800 X39.424 Y29.024 E1652.06529
G0 F7200 X38.858 Y29.024
G1 F1800 X71.811 Y-3.929 E1655.7935
G0 F7200 X71.811 Y-4.494
G1 F1800 X38.293 Y29.024 E1659.58563
G0 F7200 X37.727 Y29.024
G1 F1800 X71.811 Y-5.06 E1663.44179
G0 F7200 X71.811 Y-5.626
G1 F1800 X37.161 Y29.024 E1667.36199
G0 F7200 X36.596 Y29.024
G1 F1800 X71.811 Y-6.191 E1671.34611
G0 F7200 X71.811 Y-6.757
G1 F1800 X36.03 Y29.024 E1675.39427
G0 F7200 X35.464 Y29.024
G1 F1800 X71.811 Y-7.323 E1679.50647
G0 F7200 X71.811 Y-7.888
G1 F1800 X34.899 Y29.024 E1683.68258
G0 F7200 X34.333 Y29.024
G1 F1800 X71.811 Y-8.454 E1687.92273
G0 F7200 X71.811 Y-9.02
G1 F1800 X33.767 Y29.024 E1692.22692
G0 F7200 X33.201 Y29.024
G1 F1800 X71.811 Y-9.586 E1696.59514
G0 F7200 X71.811 Y-10.151
G1 F1800 X32.636 Y29.024 E1701.02729
G0 F7200 X32.07 Y29.024
G1 F1800 X71.811 Y-10.717 E1705.52347
G0 F7200 X71.811 Y-11.283
G1 F1800 X31.504 Y29.024 E1710.08369
G0 F7200 X30.939 Y29.024
G1 F1800 X71.811 Y-11.848 E1714.70782
G0 F7200 X71.811 Y-12.414
G1 F1800 X30.373 Y29.024 E1719.396
G0 F7200 X29.807 Y29.024
G1 F1800 X71.811 Y-12.98 E1724.14821
G0 F7200 X71.811 Y-13.545
G1 F1800 X29.242 Y29.024 E1728.96434
G0 F7200 X28.676 Y29.024
G1 F1800 X71.811 Y-14.111 E1733.84451
G0 F7200 X71.811 Y-14.677
G1 F1800 X28.11 Y29.024 E1738.78871
G0 F7200 X27.545 Y29.024
G1 F1800 X71.811 Y-15.242 E1743.79684
G0 F7200 X71.811 Y-15.808
G1 F1800 X26.979 Y29.024 E1748.869
G0 F7200 X26.413 Y29.024
G1 F1800 X71.811 Y-16.374 E1754.0052
G0 F7200 X71.811 Y-16.939
G1 F1800 X25.848 Y29.024 E1759.20532
G0 F7200 X25.282 Y29.024
G1 F1800 X71.811 Y-17.505 E1764.46947
G0 F7200 X71.811 Y-18.071
G1 F1800 X24.716 Y29.024 E1769.79767
G0 F7200 X24.151 Y29.024
G1 F1800 X71.811 Y-18.637 E1775.18984
G0 F7200 X71.811 Y-19.202
G1 F1800 X23.585 Y29.024 E1780.64598
G0 F7200 X23.019 Y29.024
G1 F1800 X71.811 Y-19.768 E1786.16617
G0 F7200 X71.811 Y-20.334
G1 F1800 X22.453 Y29.024 E1791.75039
G0 F7200 X21.888 Y29.024
G1 F1800 X71.811 Y-20.899 E1797.39853
G0 F7200 X71.811 Y-21.465
G1 F1800 X21.322 Y29.024 E1803.11071
G0 F7200 X20.756 Y29.024
G1 F1800 X71.811 Y-22.031 E1808.88692
G0 F7200 X71.811 Y-22.596
G1 F1800 X20.191 Y29.024 E1814.72706
G0 F7200 X19.625 Y29.024
G1 F1800 X71.811 Y-23.162 E1820.63123
G0 F7200 X71.811 Y-23.728
G1 F1800 X19.059 Y29.024 E1826.59944
G0 F7200 X18.494 Y29.024
G1 F1800 X71.811 Y-24.293 E1832.63157
G0 F7200 X71.811 Y-24.859
G1 F1800 X17.928 Y29.024 E1838.72774
G0 F7200 X17.362 Y29.024
G1 F1800 X71.811 Y-25.425 E1844.88794
G0 F7200 X71.811 Y-25.99
G1 F1800 X16.797 Y29.024 E1851.11206
G0 F7200 X16.231 Y29.024
G1 F1800 X71.811 Y-26.556 E1857.40022
G0 F7200 X71.811 Y-27.122
G1 F1800 X15.665 Y29.024 E1863.75241
G0 F7200 X15.1 Y29.024
G1 F1800 X71.811 Y-27.687 E1870.16853
G0 F7200 X71.811 Y-28.253
G1 F1800 X14.534 Y29.024 E1876.64868
G0 F7200 X13.968 Y29.024
G1 F1800 X71.811 Y-28.819 E1883.19287
G0 F7200 X71.811 Y-29.385
G1 F1800 X13.403 Y29.024 E1889.80104
G0 F7200 X12.837 Y29.024
G1 F1800 X71.811 Y-29.95 E1896.47319
G0 F7200 X71.811 Y-30.516
G1 F1800 X12.271 Y29.024 E1903.20937
G0 F7200 X11.705 Y29.024
G1 F1800 X71.811 Y-31.082 E1910.00959
G0 F7200 X71.811 Y-31.647
G1 F1800 X11.14 Y29.024 E1916.87373
G0 F7200 X10.574 Y29.024
G1 F1800 X71.811 Y-32.213 E1923.8019
G0 F7200 X71.811 Y-32.779
G1 F1800 X10.008 Y29.024 E1930.79411
G0 F7200 X9.443 Y29.024
G1 F1800 X71.811 Y-33.344 E1937.85025
G0 F7200 X71.713 Y-33.812
G1 F1800 X8.972 Y28.929 E1944.94858
G0 F7200 X8.972 Y28.363
G1 F1800 X71.148 Y-33.812 E1951.98294
G0 F7200 X70.582 Y-33.812
G1 F1800 X8.972 Y27.798 E1958.95331
G0 F7200 X8.972 Y27.232
G1 F1800 X70.016 Y-33.812 E1965.85965
G0 F7200 X69.451 Y-33.812
G1 F1800 X8.972 Y26.666 E1972.70201
G0 F7200 X8.972 Y26.101
G1 F1800 X68.885 Y-33.812 E1979.48039
G0 F7200 X68.319 Y-33.812
G1 F1800 X8.972 Y25.535 E1986.19474
G0 F7200 X8.972 Y24.969
G1 F1800 X67.754 Y-33.812 E1992.84511
G0 F7200 X67.188 Y-33.812
G1 F1800 X8.972 Y24.404 E1999.4315
G0 F7200 X8.972 Y23.838
G1 F1800 X66.622 Y-33.812 E2005.95385
G0 F7200 X66.057 Y-33.812
G1 F1800 X8.972 Y23.272 E2012.41222
G0 F7200 X8.972 Y22.707
G1 F1800 X65.491 Y-33.812 E2018.80662
G0 F7200 X64.925 Y-33.812
G1 F1800 X8.972 Y22.141 E2025.13698
G0 F7200 X8.972 Y21.575
G1 F1800 X64.359 Y-33.812 E2031.4033
G0 F7200 X63.794 Y-33.812
G1 F1800 X8.972 Y21.01 E2037.6057
G0 F7200 X8.972 Y20.444
G1 F1800 X63.228 Y-33.812 E2043.74407
G0 F7200 X62.662 Y-33.812
G1 F1800 X8.972 Y19.878 E2049.8184
G0 F7200 X8.972 Y19.313
G1 F1800 X62.097 Y-33.812 E2055.82881
G0 F7200 X61.531 Y-33.812
G1 F1800 X8.972 Y18.747 E2061.77518
G0 F7200 X8.972 Y18.181
G1 F1800 X60.965 Y-33.812 E2067.65752
G0 F7200 X60.4 Y-33.812
G1 F1800 X8.972 Y17.615 E2073.47587
G0 F7200 X8.972 Y17.05
G1 F1800 X59.834 Y-33.812 E2079.23025
G0 F7200 X59.268 Y-33.812
G1 F1800 X8.972 Y16.484 E2084.92059
G0 F7200 X8.972 Y15.918
G1 F1800 X58.703 Y-33.812 E2090.54696
G0 F7200 X58.137 Y-33.812
G1 F1800 X8.972 Y15.353 E2096.10934
G0 F7200 X8.972 Y14.787
G1 F1800 X57.571 Y-33.812 E2101.60769
G0 F7200 X57.006 Y-33.812
G1 F1800 X8.972 Y14.221 E2107.04206
G0 F7200 X8.972 Y13.656
G1 F1800 X56.44 Y-33.812 E2112.41245
G0 F7200 X55.874 Y-33.812
G1 F1800 X8.972 Y13.09 E2117.71881
G0 F7200 X8.972 Y12.524
G1 F1800 X55.308 Y-33.812 E2122.96113
G0 F7200 X54.743 Y-33.812
G1 F1800 X8.972 Y11.959 E2128.13953
G0 F7200 X8.972 Y11.393
G1 F1800 X54.177 Y-33.812 E2133.25389
G0 F7200 X53.611 Y-33.812
G1 F1800 X8.972 Y10.827 E2138.30421
G0 F7200 X8.972 Y10.262
G1 F1800 X53.046 Y-33.812 E2143.29062
G0 F7200 X52.48 Y-33.812
G1 F1800 X8.972 Y9.696 E2148.21299
G0 F7200 X8.972 Y9.13
G1 F1800 X51.914 Y-33.812 E2153.07132
G0 F7200 X51.349 Y-33.812
G1 F1800 X8.972 Y8.564 E2157.86567
G0 F7200 X8.972 Y7.999
G1 F1800 X50.783 Y-33.812 E2162.59605
G0 F7200 X50.217 Y-33.812
G1 F1800 X8.972 Y7.433 E2167.26239
G0 F7200 X8.972 Y6.867
G1 F1800 X49.652 Y-33.812 E2171.86475
G0 F7200 X49.086 Y-33.812
G1 F1800 X8.972 Y6.302 E2176.40313
G0 F7200 X8.972 Y5.736
G1 F1800 X48.52 Y-33.812 E2180.87747
G0 F7200 X47.955 Y-33.812
G1 F1800 X8.972 Y5.17 E2185.28784
G0 F7200 X8.972 Y4.605
G1 F1800 X47.389 Y-33.812 E2189.63423
G0 F7200 X46.823 Y-33.812
G1 F1800 X8.972 Y4.039 E2193.91658
G0 F7200 X8.972 Y3.473
G1 F1800 X46.258 Y-33.812 E2198.13495
G0 F7200 X45.692 Y-33.812
G1 F1800 X8.972 Y2.908 E2202.28935
G0 F7200 X8.972 Y2.342
G1 F1800 X45.126 Y-33.812 E2206.3797
G0 F7200 X44.56 Y-33.812
G1 F1800 X8.972 Y1.776 E2210.40603
G0 F7200 X8.972 Y1.211
G1 F1800 X43.995 Y-33.812 E2214.36843
G0 F7200 X43.429 Y-33.812
G1 F1800 X8.972 Y0.645 E2218.26679
G0 F7200 X8.972 Y0.079
G1 F1800 X42.863 Y-33.812 E2222.10112
G0 F7200 X42.298 Y-33.812
G1 F1800 X8.972 Y-.486 E2225.87153
G0 F7200 X8.972 Y-1.052
G1 F1800 X41.732 Y-33.812 E2229.5779
G0 F7200 X41.166 Y-33.812
G1 F1800 X8.972 Y-1.618 E2233.22023
G0 F7200 X8.972 Y-2.184
G1 F1800 X40.601 Y-33.812 E2236.79859
G0 F7200 X40.035 Y-33.812
G1 F1800 X8.972 Y-2.749 E2240.31297
G0 F7200 X8.972 Y-3.315
G1 F1800 X39.469 Y-33.812 E2243.76331
G0 F7200 X38.904 Y-33.812
G1 F1800 X8.972 Y-3.881 E2247.14967
G0 F7200 X8.972 Y-4.446
G1 F1800 X38.338 Y-33.812 E2250.47205
G0 F7200 X37.772 Y-33.812
G1 F1800 X8.972 Y-5.012 E2253.7304
G0 F7200 X8.972 Y-5.578
G1 F1800 X37.207 Y-33.812 E2256.92477
G0 F7200 X36.641 Y-33.812
G1 F1800 X8.972 Y-6.143 E2260.05516
G0 F7200 X8.972 Y-6.709
G1 F1800 X36.075 Y-33.812 E2263.12152
G0 F7200 X35.509 Y-33.812
G1 F1800 X8.972 Y-7.275 E2266.12383
G0 F7200 X8.972 Y-7.84
G1 F1800 X34.944 Y-33.812 E2269.06223
G0 F7200 X34.378 Y-33.812
G1 F1800 X8.972 Y-8.406 E2271.93659
G0 F7200 X8.972 Y-8.972
G1 F1800 X33.812 Y-33.812 E2274.74692
G0 F7200 X33.247 Y-33.812
G1 F1800 X8.972 Y-9.537 E2277.49332
G0 F7200 X8.972 Y-10.103
G1 F1800 X32.681 Y-33.812 E2280.17569
G0 F7200 X32.115 Y-33.812
G1 F1800 X8.972 Y-10.669 E2282.79402
G0 F7200 X8.972 Y-11.235
G1 F1800 X31.55 Y-33.812 E2285.34837
G0 F7200 X30.984 Y-33.812
G1 F1800 X8.972 Y-11.8 E2287.83874
G0 F7200 X8.972 Y-12.366
G1 F1800 X30.418 Y-33.812 E2290.26508
G0 F7200 X29.853 Y-33.812
G1 F1800 X8.972 Y-12.932 E2292.62744
G0 F7200 X8.972 Y-13.497
G1 F1800 X29.287 Y-33.812 E2294.92582
G0 F7200 X28.721 Y-33.812
G1 F1800 X8.972 Y-14.063 E2297.16017
G0 F7200 X8.972 Y-14.629
G1 F1800 X28.156 Y-33.812 E2299.33053
G0 F7200 X27.59 Y-33.812
G1 F1800 X8.972 Y-15.194 E2301.43692
G0 F7200 X8.972 Y-15.76
G1 F1800 X27.024 Y-33.812 E2303.47927
G0 F7200 X26.459 Y-33.812
G1 F1800 X8.972 Y-16.326 E2305.45764
G0 F7200 X8.972 Y-16.891
G1 F1800 X25.893 Y-33.812 E2307.37203
G0 F7200 X25.327 Y-33.812
G1 F1800 X8.972 Y-17.457 E2309.22239
G0 F7200 X8.972 Y-18.023
G1 F1800 X24.761 Y-33.812 E2311.00871
G0 F7200 X24.196 Y-33.812
G1 F1800 X8.972 Y-18.588 E2312.73111
G0 F7200 X8.972 Y-19.154
G1 F1800 X23.63 Y-33.812 E2314.38947
G0 F7200 X23.064 Y-33.812
G1 F1800 X8.972 Y-19.72 E2315.9838
G0 F7200 X8.972 Y-20.285
G1 F1800 X22.499 Y-33.812 E2317.51421
G0 F7200 X21.933 Y-33.812
G1 F1800 X8.972 Y-20.851 E2318.98058
G0 F7200 X8.972 Y-21.417
G1 F1800 X21.367 Y-33.812 E2320.38291
G0 F7200 X20.802 Y-33.812
G1 F1800 X8.972 Y-21.983 E2321.72126
G0 F7200 X8.972 Y-22.548
G1 F1800 X20.236 Y-33.812 E2322.99564
G0 F7200 X19.67 Y-33.812
G1 F1800 X8.972 Y-23.114 E2324.20598
G0 F7200 X8.972 Y-23.68
G1 F1800 X19.105 Y-33.812 E2325.35234
G0 F7200 X18.539 Y-33.812
G1 F1800 X8.972 Y-24.245 E2326.43473
G0 F7200 X8.972 Y-24.811
G1 F1800 X17.973 Y-33.812 E2327.45307
G0 F7200 X17.408 Y-33.812
G1 F1800 X8.972 Y-25.377 E2328.40744
G0 F7200 X8.972 Y-25.942
G1 F1800 X16.842 Y-33.812 E2329.29783
G0 F7200 X16.276 Y-33.812
G1 F1800 X8.972 Y-26.508 E2330.12418
G0 F7200 X8.972 Y-27.074
G1 F1800 X15.71 Y-33.812 E2330.8865
G0 F7200 X15.145 Y-33.812
G1 F1800 X8.972 Y-27.639 E2331.5849
G0 F7200 X8.972 Y-28.205
G1 F1800 X14.579 Y-33.812 E2332.21926
G0 F7200 X14.013 Y-33.812
G1 F1800 X8.972 Y-28.771 E2332.78958
G0 F7200 X8.972 Y-29.336
G1 F1800 X13.448 Y-33.812 E2333.29598
G0 F7200 X12.882 Y-33.812
G1 F1800 X8.972 Y-29.902 E2333.73835
G0 F7200 X8.972 Y-30.468
G1 F1800 X12.316 Y-33.812 E2334.11668
G0 F7200 X11.751 Y-33.812
G1 F1800 X8.972 Y-31.034 E2334.43103
G0 F7200 X8.972 Y-31.599
G1 F1800 X11.185 Y-33.812 E2334.6814
G0 F7200 X10.619 Y-33.812
G1 F1800 X8.972 Y-32.165 E2334.86774
G0 F7200 X8.972 Y-32.731
G1 F1800 X10.054 Y-33.812 E2334.9901
G0 F7200 X9.488 Y-33.812
G1 F1800 X8.972 Y-33.296 E2335.04847
G10
;MESH:NONMESH
G0 F600 Z1.9
G0 F7200 X7.822 Y0.791
G0 X6.727 Y0.791
G0 X-3.942 Y0.791
G0 X-5.037 Y0.791
G0 X-5.364 Y0.791
;TIME_ELAPSED:4554.036256
;LAYER:8
;TYPE:FILL
;MESH:tapacarcvincha prueba 1.stl
G11
G1 F3600 X-35.905 Y31.332 E2338.50379
G1 X-35.975 Y31.402
G0 F7200 X-35.975 Y31.182
G0 X-39.308 Y31.182
G0 X-39.308 Y31.332
G1 F3600 X-69.844 Y0.796 E2341.95855
G1 X-69.914 Y0.726
G0 F7200 X-69.697 Y0.726
G0 X-69.697 Y-2.612
G0 X-69.844 Y-2.612
G1 F3600 X-39.308 Y-33.148 E2345.4133
G1 X-39.238 Y-33.218
G0 F7200 X-39.238 Y-32.998
G0 X-35.905 Y-32.998
G0 X-35.905 Y-33.148
G1 F3600 X-5.364 Y-2.606 E2348.86868
G1 X-5.294 Y-2.536
G0 F7200 X-5.517 Y-2.536
G0 X-5.517 Y-10.523
G0 X-5.364 Y-10.523
G1 F3600 X-47.219 Y31.332 E2353.60403
G1 X-47.289 Y31.402
G0 F7200 X-47.289 Y31.182
G0 X-50.622 Y31.182
G0 X-50.622 Y31.332
G1 F3600 X-69.844 Y12.11 E2355.77875
G1 X-69.914 Y12.04
G0 F7200 X-69.697 Y12.04
G0 X-69.697 Y8.702
G0 X-69.844 Y8.702
G1 F3600 X-27.994 Y-33.148 E2360.51354
G1 X-27.924 Y-33.218
G0 F7200 X-27.924 Y-32.998
G0 X-24.592 Y-32.998
G0 X-24.592 Y-33.148
G1 F3600 X-5.364 Y-13.92 E2362.68894
G1 X-5.294 Y-13.85
G0 F7200 X-5.517 Y-13.85
G0 X-5.517 Y-21.837
G0 X-5.364 Y-21.837
G1 F3600 X-58.533 Y31.332 E2368.70432
G1 X-58.603 Y31.402
G0 F7200 X-58.603 Y31.182
G0 X-61.935 Y31.182
G0 X-61.935 Y31.332
G1 F3600 X-69.844 Y23.424 E2369.59907
G1 X-69.914 Y23.354
G0 F7200 X-69.697 Y23.354
G0 X-69.697 Y20.015
G0 X-69.844 Y20.015
G1 F3600 X-16.681 Y-33.148 E2375.61378
G1 X-16.611 Y-33.218
G0 F7200 X-16.611 Y-32.998
G0 X-13.278 Y-32.998
G0 X-13.278 Y-33.148
G1 F3600 X-5.364 Y-25.234 E2376.50914
G1 X-5.294 Y-25.164
G0 F7200 X-5.517 Y-25.164
G0 X-5.487 Y-33.028
G0 X-5.367 Y-33.148
G1 F3600 X-69.844 Y31.329 E2383.80388
G1 X-69.914 Y31.399
G0 F7200 X-69.727 Y31.212
G0 X-69.697 Y-10.518
G0 X-69.844 Y-10.518
G1 F3600 X-27.994 Y31.332 E2388.53867
G1 X-27.924 Y31.402
G0 F7200 X-27.924 Y31.182
G0 X-24.592 Y31.182
G0 X-24.592 Y31.332
G1 F3600 X-5.364 Y12.104 E2390.71407
G1 X-5.294 Y12.034
G0 F7200 X-5.517 Y12.034
G0 X-5.517 Y8.707
G0 X-5.364 Y8.707
G1 F3600 X-47.219 Y-33.148 E2395.44942
G1 X-47.289 Y-33.218
G0 F7200 X-47.289 Y-32.998
G0 X-50.622 Y-32.998
G0 X-50.622 Y-33.148
G1 F3600 X-69.844 Y-13.926 E2397.62414
G1 X-69.914 Y-13.856
G0 F7200 X-69.697 Y-13.856
G0 X-69.697 Y-21.831
G0 X-69.844 Y-21.831
G1 F3600 X-16.681 Y31.332 E2403.63885
G1 X-16.611 Y31.402
G0 F7200 X-16.611 Y31.182
G0 X-13.278 Y31.182
G0 X-13.278 Y31.332
G1 F3600 X-5.364 Y23.418 E2404.53422
G1 X-5.294 Y23.348
G0 F7200 X-5.517 Y23.348
G0 X-5.517 Y20.021
G0 X-5.364 Y20.021
G1 F3600 X-58.533 Y-33.148 E2410.5496
G1 X-58.603 Y-33.218
G0 F7200 X-58.603 Y-32.998
G0 X-61.935 Y-32.998
G0 X-61.935 Y-33.148
G1 F3600 X-69.844 Y-25.239 E2411.4444
G1 X-69.914 Y-25.169
G0 F7200 X-69.697 Y-25.169
G0 X-69.727 Y-33.028
G0 X-69.844 Y-33.145
G1 F3600 X-5.367 Y31.332 E2418.73914
G1 X-5.297 Y31.402
G0 F7200 X-5.204 Y31.492
;TYPE:WALL-INNER
G1 F3600 X-5.204 Y-33.308 E2423.92314
G1 X-70.004 Y-33.308 E2429.10714
G1 X-70.004 Y31.492 E2434.29114
G1 X-5.204 Y31.492 E2439.47514
G0 F7200 X-4.804 Y31.892
;TYPE:WALL-OUTER
G1 F1800 X-4.804 Y-33.708 E2444.72314
G1 X-70.404 Y-33.708 E2449.97114
G1 X-70.404 Y31.892 E2455.21914
G1 X-4.804 Y31.892 E2460.46714
G0 F7200 X-4.804 Y31.692
G0 X-5.817 Y31
G10
;MESH:base carc vincha prueba 1.stl
G0 X-5.037 Y29.726
G0 X-3.942 Y29.726
G0 X6.727 Y29.726
G0 X7.822 Y29.726
G0 X8.153 Y29.844
;TYPE:FILL
G11
G1 F3600 X8.632 Y29.365 E2460.52134
G0 F7200 X8.632 Y22.415
G1 F3600 X8.152 Y21.934 E2460.5757
G0 F7200 X8.302 Y21.934
G0 X8.302 Y18.531
G0 X8.152 Y18.531
G1 F3600 X8.632 Y18.052 E2460.62995
G0 F7200 X8.632 Y11.102
G1 F3600 X8.152 Y10.621 E2460.68431
G0 F7200 X8.302 Y10.621
G0 X8.302 Y7.217
G0 X8.152 Y7.217
G1 F3600 X8.632 Y6.738 E2460.73856
G0 F7200 X8.632 Y-.212
G1 F3600 X8.152 Y-.693 E2460.79292
G0 F7200 X8.302 Y-.693
G0 X8.302 Y-4.096
G0 X8.152 Y-4.096
G1 F3600 X8.632 Y-4.576 E2460.84723
G0 F7200 X8.632 Y-11.526
G1 F3600 X8.152 Y-12.007 E2460.90159
G0 F7200 X8.302 Y-12.007
G0 X8.302 Y-15.41
G0 X8.152 Y-15.41
G1 F3600 X8.632 Y-15.889 E2460.95584
G0 F7200 X8.632 Y-22.84
G1 F3600 X8.152 Y-23.32 E2461.01015
G0 F7200 X8.302 Y-23.32
G0 X8.302 Y-26.724
G0 X8.152 Y-26.724
G1 F3600 X8.632 Y-27.203 E2461.06439
G0 F7200 X8.632 Y-34.154
G1 F3600 X8.154 Y-34.632 E2461.11847
G0 F7200 X8.272 Y-34.514
G0 X15.583 Y-34.154
G1 F3600 X16.061 Y-34.632 E2461.17255
G0 F7200 X16.061 Y-34.484
G0 X19.467 Y-34.484
G0 X19.467 Y-34.632
G1 F3600 X19.945 Y-34.154 E2461.22663
G0 F7200 X26.896 Y-34.154
G1 F3600 X27.374 Y-34.632 E2461.28071
G0 F7200 X27.374 Y-34.484
G0 X30.781 Y-34.484
G0 X30.781 Y-34.632
G1 F3600 X31.259 Y-34.154 E2461.33479
G0 F7200 X38.21 Y-34.154
G1 F3600 X38.688 Y-34.632 E2461.38887
G0 F7200 X38.688 Y-34.484
G0 X42.095 Y-34.484
G0 X42.095 Y-34.632
G1 F3600 X42.573 Y-34.154 E2461.44295
G0 F7200 X49.524 Y-34.154
G1 F3600 X50.002 Y-34.632 E2461.49703
G0 F7200 X50.002 Y-34.484
G0 X53.408 Y-34.484
G0 X53.408 Y-34.632
G1 F3600 X53.886 Y-34.154 E2461.55111
G0 F7200 X60.837 Y-34.154
G1 F3600 X61.315 Y-34.632 E2461.60519
G0 F7200 X61.315 Y-34.484
G0 X64.722 Y-34.484
G0 X64.722 Y-34.632
G1 F3600 X65.2 Y-34.154 E2461.65927
G0 F7200 X72.151 Y-34.154
G1 F3600 X72.629 Y-34.632 E2461.71335
G0 F7200 X72.512 Y-34.514
G0 X72.152 Y-27.202
G1 F3600 X72.631 Y-26.723 E2461.76754
G0 F7200 X72.482 Y-26.723
G0 X72.482 Y-23.32
G0 X72.63 Y-23.32
G1 F3600 X72.152 Y-22.842 E2461.82162
G0 F7200 X72.152 Y-15.889
G1 F3600 X72.631 Y-15.409 E2461.87587
G0 F7200 X72.482 Y-15.409
G0 X72.482 Y-12.006
G0 X72.63 Y-12.006
G1 F3600 X72.152 Y-11.528 E2461.92995
G0 F7200 X72.152 Y-4.575
G1 F3600 X72.631 Y-4.096 E2461.98414
G0 F7200 X72.482 Y-4.096
G0 X72.482 Y-.692
G0 X72.63 Y-.692
G1 F3600 X72.152 Y-.214 E2462.03822
G0 F7200 X72.152 Y6.739
G1 F3600 X72.631 Y7.218 E2462.09241
G0 F7200 X72.482 Y7.218
G0 X72.482 Y10.621
G0 X72.63 Y10.621
G1 F3600 X72.152 Y11.099 E2462.14649
G0 F7200 X72.152 Y18.052
G1 F3600 X72.631 Y18.532 E2462.20074
G0 F7200 X72.482 Y18.532
G0 X72.482 Y21.935
G0 X72.63 Y21.935
G1 F3600 X72.152 Y22.413 E2462.25482
G0 F7200 X72.152 Y29.366
G1 F3600 X72.63 Y29.844 E2462.3089
G0 F7200 X72.512 Y29.726
G0 X65.199 Y29.366
G1 F3600 X64.721 Y29.844 E2462.36298
G0 F7200 X64.721 Y29.696
G0 X61.316 Y29.696
G0 X61.316 Y29.844
G1 F3600 X60.838 Y29.366 E2462.41706
G0 F7200 X53.886 Y29.366
G1 F3600 X53.408 Y29.844 E2462.47114
G0 F7200 X53.408 Y29.696
G0 X50.002 Y29.696
G0 X50.002 Y29.844
G1 F3600 X49.524 Y29.366 E2462.52522
G0 F7200 X42.572 Y29.366
G1 F3600 X42.094 Y29.844 E2462.5793
G0 F7200 X42.094 Y29.696
G0 X38.689 Y29.696
G0 X38.689 Y29.844
G1 F3600 X38.211 Y29.366 E2462.63338
G0 F7200 X31.258 Y29.366
G1 F3600 X30.78 Y29.844 E2462.68746
G0 F7200 X30.78 Y29.696
G0 X27.375 Y29.696
G0 X27.375 Y29.844
G1 F3600 X26.897 Y29.366 E2462.74154
G0 F7200 X19.945 Y29.366
G1 F3600 X19.467 Y29.844 E2462.79562
G0 F7200 X19.467 Y29.696
G0 X16.061 Y29.696
G0 X16.061 Y29.844
G1 F3600 X15.583 Y29.366 E2462.8497
G0 F7200 X72.512 Y29.726
G0 X72.791 Y30.004
;TYPE:WALL-INNER
G1 F3600 X72.791 Y-34.792 E2468.03338
G1 X7.992 Y-34.792 E2473.2173
G1 X7.992 Y30.004 E2478.40098
G1 X72.791 Y30.004 E2483.5849
G0 F7200 X73.191 Y30.404
;TYPE:WALL-OUTER
G1 F1800 X73.191 Y-35.192 E2488.83258
G1 X7.592 Y-35.192 E2494.0805
G1 X7.592 Y30.404 E2499.32818
G1 X73.191 Y30.404 E2504.5761
G0 F7200 X73.191 Y30.204
G0 X72.512 Y29.726
G0 X72.011 Y29.224
;TYPE:SKIN
G1 F1800 X8.772 Y29.224 E2509.63522
G1 X8.772 Y-34.012 E2514.6941
G1 X72.011 Y-34.012 E2519.75322
G1 X72.011 Y29.224 E2524.8121
G0 F7200 X71.811 Y-33.407
G1 F1800 X71.405 Y-33.812 E2524.85798
G0 F7200 X70.839 Y-33.812
G1 F1800 X71.811 Y-32.841 E2524.96789
G0 F7200 X71.811 Y-32.275
G1 F1800 X70.274 Y-33.812 E2525.14178
G0 F7200 X69.708 Y-33.812
G1 F1800 X71.811 Y-31.709 E2525.37971
G0 F7200 X71.811 Y-31.144
G1 F1800 X69.142 Y-33.812 E2525.68161
G0 F7200 X68.577 Y-33.812
G1 F1800 X71.811 Y-30.578 E2526.0475
G0 F7200 X71.811 Y-30.012
G1 F1800 X68.011 Y-33.812 E2526.47742
G0 F7200 X67.445 Y-33.812
G1 F1800 X71.811 Y-29.447 E2526.97132
G0 F7200 X71.811 Y-28.881
G1 F1800 X66.88 Y-33.812 E2527.5292
G0 F7200 X66.314 Y-33.812
G1 F1800 X71.811 Y-28.315 E2528.15111
G0 F7200 X71.811 Y-27.75
G1 F1800 X65.748 Y-33.812 E2528.83701
G0 F7200 X65.183 Y-33.812
G1 F1800 X71.811 Y-27.184 E2529.58688
G0 F7200 X71.811 Y-26.618
G1 F1800 X64.617 Y-33.812 E2530.40079
G0 F7200 X64.051 Y-33.812
G1 F1800 X71.811 Y-26.053 E2531.27867
G0 F7200 X71.811 Y-25.487
G1 F1800 X63.485 Y-33.812 E2532.2206
G0 F7200 X62.92 Y-33.812
G1 F1800 X71.811 Y-24.921 E2533.2265
G0 F7200 X71.811 Y-24.356
G1 F1800 X62.354 Y-33.812 E2534.29638
G0 F7200 X61.788 Y-33.812
G1 F1800 X71.811 Y-23.79 E2535.4303
G0 F7200 X71.811 Y-23.224
G1 F1800 X61.223 Y-33.812 E2536.62819
G0 F7200 X60.657 Y-33.812
G1 F1800 X71.811 Y-22.659 E2537.89007
G0 F7200 X71.811 Y-22.093
G1 F1800 X60.091 Y-33.812 E2539.21598
G0 F7200 X59.526 Y-33.812
G1 F1800 X71.811 Y-21.527 E2540.60587
G0 F7200 X71.811 Y-20.961
G1 F1800 X58.96 Y-33.812 E2542.05979
G0 F7200 X58.394 Y-33.812
G1 F1800 X71.811 Y-20.396 E2543.57769
G0 F7200 X71.811 Y-19.83
G1 F1800 X57.829 Y-33.812 E2545.15958
G0 F7200 X57.263 Y-33.812
G1 F1800 X71.811 Y-19.264 E2546.80549
G0 F7200 X71.811 Y-18.699
G1 F1800 X56.697 Y-33.812 E2548.51539
G0 F7200 X56.132 Y-33.812
G1 F1800 X71.811 Y-18.133 E2550.28927
G0 F7200 X71.811 Y-17.567
G1 F1800 X55.566 Y-33.812 E2552.12718
G0 F7200 X55 Y-33.812
G1 F1800 X71.811 Y-17.002 E2554.02907
G0 F7200 X71.811 Y-16.436
G1 F1800 X54.434 Y-33.812 E2555.995
G0 F7200 X53.869 Y-33.812
G1 F1800 X71.811 Y-15.87 E2558.0249
G0 F7200 X71.811 Y-15.305
G1 F1800 X53.303 Y-33.812 E2560.11879
G0 F7200 X52.737 Y-33.812
G1 F1800 X71.811 Y-14.739 E2562.27671
G0 F7200 X71.811 Y-14.173
G1 F1800 X52.172 Y-33.812 E2564.49861
G0 F7200 X51.606 Y-33.812
G1 F1800 X71.811 Y-13.608 E2566.78449
G0 F7200 X71.811 Y-13.042
G1 F1800 X51.04 Y-33.812 E2569.1344
G0 F7200 X50.475 Y-33.812
G1 F1800 X71.811 Y-12.476 E2571.54829
G0 F7200 X71.811 Y-11.911
G1 F1800 X49.909 Y-33.812 E2574.02616
G0 F7200 X49.343 Y-33.812
G1 F1800 X71.811 Y-11.345 E2576.56807
G0 F7200 X71.811 Y-10.779
G1 F1800 X48.778 Y-33.812 E2579.17396
G0 F7200 X48.212 Y-33.812
G1 F1800 X71.811 Y-10.213 E2581.84388
G0 F7200 X71.811 Y-9.648
G1 F1800 X47.646 Y-33.812 E2584.57778
G0 F7200 X47.081 Y-33.812
G1 F1800 X71.811 Y-9.082 E2587.37566
G0 F7200 X71.811 Y-8.516
G1 F1800 X46.515 Y-33.812 E2590.23758
G0 F7200 X45.949 Y-33.812
G1 F1800 X71.811 Y-7.951 E2593.16347
G0 F7200 X71.811 Y-7.385
G1 F1800 X45.384 Y-33.812 E2596.15335
G0 F7200 X44.818 Y-33.812
G1 F1800 X71.811 Y-6.819 E2599.20726
G0 F7200 X71.811 Y-6.254
G1 F1800 X44.252 Y-33.812 E2602.32514
G0 F7200 X43.686 Y-33.812
G1 F1800 X71.811 Y-5.688 E2605.50707
G0 F7200 X71.811 Y-5.122
G1 F1800 X43.121 Y-33.812 E2608.75297
G0 F7200 X42.555 Y-33.812
G1 F1800 X71.811 Y-4.557 E2612.06285
G0 F7200 X71.811 Y-3.991
G1 F1800 X41.989 Y-33.812 E2615.43677
G0 F7200 X41.424 Y-33.812
G1 F1800 X71.811 Y-3.425 E2618.87467
G0 F7200 X71.811 Y-2.86
G1 F1800 X40.858 Y-33.812 E2622.37654
G0 F7200 X40.292 Y-33.812
G1 F1800 X71.811 Y-2.294 E2625.94245
G0 F7200 X71.811 Y-1.728
G1 F1800 X39.727 Y-33.812 E2629.57234
G0 F7200 X39.161 Y-33.812
G1 F1800 X71.811 Y-1.162 E2633.26627
G0 F7200 X71.811 Y-.597
G1 F1800 X38.595 Y-33.812 E2637.02417
G0 F7200 X38.03 Y-33.812
G1 F1800 X71.811 Y-0.031 E2640.84606
G0 F7200 X71.811 Y0.535
G1 F1800 X37.464 Y-33.812 E2644.73198
G0 F7200 X36.898 Y-33.812
G1 F1800 X71.811 Y1.1 E2648.68188
G0 F7200 X71.811 Y1.666
G1 F1800 X36.333 Y-33.812 E2652.69575
G0 F7200 X35.767 Y-33.812
G1 F1800 X71.811 Y2.232 E2656.77367
G0 F7200 X71.811 Y2.797
G1 F1800 X35.201 Y-33.812 E2660.91556
G0 F7200 X34.636 Y-33.812
G1 F1800 X71.811 Y3.363 E2665.12143
G0 F7200 X71.811 Y3.929
G1 F1800 X34.07 Y-33.812 E2669.39134
G0 F7200 X33.504 Y-33.812
G1 F1800 X71.811 Y4.494 E2673.72522
G0 F7200 X71.811 Y5.06
G1 F1800 X32.938 Y-33.812 E2678.12314
G0 F7200 X32.373 Y-33.812
G1 F1800 X71.811 Y5.626 E2682.58504
G0 F7200 X71.811 Y6.191
G1 F1800 X31.807 Y-33.812 E2687.11092
G0 F7200 X31.241 Y-33.812
G1 F1800 X71.811 Y6.757 E2691.70084
G0 F7200 X71.811 Y7.323
G1 F1800 X30.676 Y-33.812 E2696.35473
G0 F7200 X30.11 Y-33.812
G1 F1800 X71.811 Y7.888 E2701.07261
G0 F7200 X71.811 Y8.454
G1 F1800 X29.544 Y-33.812 E2705.85451
G0 F7200 X28.979 Y-33.812
G1 F1800 X71.811 Y9.02 E2710.7004
G0 F7200 X71.811 Y9.586
G1 F1800 X28.413 Y-33.812 E2715.61032
G0 F7200 X27.847 Y-33.812
G1 F1800 X71.811 Y10.151 E2720.58423
G0 F7200 X71.811 Y10.717
G1 F1800 X27.282 Y-33.812 E2725.62211
G0 F7200 X26.716 Y-33.812
G1 F1800 X71.811 Y11.283 E2730.72403
G0 F7200 X71.811 Y11.848
G1 F1800 X26.15 Y-33.812 E2735.88992
G0 F7200 X25.585 Y-33.812
G1 F1800 X71.811 Y12.414 E2741.1198
G0 F7200 X71.811 Y12.98
G1 F1800 X25.019 Y-33.812 E2746.41371
G0 F7200 X24.453 Y-33.812
G1 F1800 X71.811 Y13.545 E2751.7716
G0 F7200 X71.811 Y14.111
G1 F1800 X23.887 Y-33.812 E2757.19352
G0 F7200 X23.322 Y-33.812
G1 F1800 X71.811 Y14.677 E2762.67943
G0 F7200 X71.811 Y15.242
G1 F1800 X22.756 Y-33.812 E2768.22931
G0 F7200 X22.19 Y-33.812
G1 F1800 X71.811 Y15.808 E2773.84323
G0 F7200 X71.811 Y16.374
G1 F1800 X21.625 Y-33.812 E2779.52112
G0 F7200 X21.059 Y-33.812
G1 F1800 X71.811 Y16.939 E2785.263
G0 F7200 X71.811 Y17.505
G1 F1800 X20.493 Y-33.812 E2791.06891
G0 F7200 X19.928 Y-33.812
G1 F1800 X71.811 Y18.071 E2796.93881
G0 F7200 X71.811 Y18.637
G1 F1800 X19.362 Y-33.812 E2802.87273
G0 F7200 X18.796 Y-33.812
G1 F1800 X71.811 Y19.202 E2808.87064
G0 F7200 X71.811 Y19.768
G1 F1800 X18.231 Y-33.812 E2814.93252
G0 F7200 X17.665 Y-33.812
G1 F1800 X71.811 Y20.334 E2821.05844
G0 F7200 X71.811 Y20.899
G1 F1800 X17.099 Y-33.812 E2827.24834
G0 F7200 X16.534 Y-33.812
G1 F1800 X71.811 Y21.465 E2833.50222
G0 F7200 X71.811 Y22.031
G1 F1800 X15.968 Y-33.812 E2839.82014
G0 F7200 X15.402 Y-33.812
G1 F1800 X71.811 Y22.596 E2846.20203
G0 F7200 X71.811 Y23.162
G1 F1800 X14.837 Y-33.812 E2852.6479
G0 F7200 X14.271 Y-33.812
G1 F1800 X71.811 Y23.728 E2859.15781
G0 F7200 X71.811 Y24.293
G1 F1800 X13.705 Y-33.812 E2865.7317
G0 F7200 X13.139 Y-33.812
G1 F1800 X71.811 Y24.859 E2872.36962
G0 F7200 X71.811 Y25.425
G1 F1800 X12.574 Y-33.812 E2879.07152
G0 F7200 X12.008 Y-33.812
G1 F1800 X71.811 Y25.99 E2885.8374
G0 F7200 X71.811 Y26.556
G1 F1800 X11.442 Y-33.812 E2892.66732
G0 F7200 X10.877 Y-33.812
G1 F1800 X71.811 Y27.122 E2899.56121
G0 F7200 X71.811 Y27.687
G1 F1800 X10.311 Y-33.812 E2906.51909
G0 F7200 X9.745 Y-33.812
G1 F1800 X71.811 Y28.253 E2913.541
G0 F7200 X71.811 Y28.819
G1 F1800 X9.18 Y-33.812 E2920.62689
G0 F7200 X8.972 Y-33.455
G1 F1800 X71.45 Y29.024 E2927.69552
G0 F7200 X70.885 Y29.024
G1 F1800 X8.972 Y-32.889 E2934.70018
G0 F7200 X8.972 Y-32.323
G1 F1800 X70.319 Y29.024 E2941.6408
G0 F7200 X69.753 Y29.024
G1 F1800 X8.972 Y-31.758 E2948.51744
G0 F7200 X8.972 Y-31.192
G1 F1800 X69.188 Y29.024 E2955.3301
G0 F7200 X68.622 Y29.024
G1 F1800 X8.972 Y-30.626 E2962.07873
G0 F7200 X8.972 Y-30.061
G1 F1800 X68.056 Y29.024 E2968.76338
G0 F7200 X67.491 Y29.024
G1 F1800 X8.972 Y-29.495 E2975.38405
G0 F7200 X8.972 Y-28.929
G1 F1800 X66.925 Y29.024 E2981.94068
G0 F7200 X66.359 Y29.024
G1 F1800 X8.972 Y-28.363 E2988.43328
G0 F7200 X8.972 Y-27.798
G1 F1800 X65.793 Y29.024 E2994.8619
G0 F7200 X65.228 Y29.024
G1 F1800 X8.972 Y-27.232 E3001.22654
G0 F7200 X8.972 Y-26.666
G1 F1800 X64.662 Y29.024 E3007.52714
G0 F7200 X64.096 Y29.024
G1 F1800 X8.972 Y-26.101 E3013.76377
G0 F7200 X8.972 Y-25.535
G1 F1800 X63.531 Y29.024 E3019.93641
G0 F7200 X62.965 Y29.024
G1 F1800 X8.972 Y-24.969 E3026.04502
G0 F7200 X8.972 Y-24.404
G1 F1800 X62.399 Y29.024 E3032.08965
G0 F7200 X61.834 Y29.024
G1 F1800 X8.972 Y-23.838 E3038.07031
G0 F7200 X8.972 Y-23.272
G1 F1800 X61.268 Y29.024 E3043.98692
G0 F7200 X60.702 Y29.024
G1 F1800 X8.972 Y-22.707 E3049.83956
G0 F7200 X8.972 Y-22.141
G1 F1800 X60.137 Y29.024 E3055.62822
G0 F7200 X59.571 Y29.024
G1 F1800 X8.972 Y-21.575 E3061.35284
G0 F7200 X8.972 Y-21.01
G1 F1800 X59.005 Y29.024 E3067.01349
G0 F7200 X58.44 Y29.024
G1 F1800 X8.972 Y-20.444 E3072.61015
G0 F7200 X8.972 Y-19.878
G1 F1800 X57.874 Y29.024 E3078.14278
G0 F7200 X57.308 Y29.024
G1 F1800 X8.972 Y-19.313 E3083.61143
G0 F7200 X8.972 Y-18.747
G1 F1800 X56.742 Y29.024 E3089.01605
G0 F7200 X56.177 Y29.024
G1 F1800 X8.972 Y-18.181 E3094.35669
G0 F7200 X8.972 Y-17.615
G1 F1800 X55.611 Y29.024 E3099.63329
G0 F7200 X55.045 Y29.024
G1 F1800 X8.972 Y-17.05 E3104.84591
G0 F7200 X8.972 Y-16.484
G1 F1800 X54.48 Y29.024 E3109.99455
G0 F7200 X53.914 Y29.024
G1 F1800 X8.972 Y-15.918 E3115.07916
G0 F7200 X8.972 Y-15.353
G1 F1800 X53.348 Y29.024 E3120.09978
G0 F7200 X52.783 Y29.024
G1 F1800 X8.972 Y-14.787 E3125.05643
G0 F7200 X8.972 Y-14.221
G1 F1800 X52.217 Y29.024 E3129.94905
G0 F7200 X51.651 Y29.024
G1 F1800 X8.972 Y-13.656 E3134.77768
G0 F7200 X8.972 Y-13.09
G1 F1800 X51.086 Y29.024 E3139.54234
G0 F7200 X50.52 Y29.024
G1 F1800 X8.972 Y-12.524 E3144.24296
G0 F7200 X8.972 Y-11.959
G1 F1800 X49.954 Y29.024 E3148.8796
G0 F7200 X49.389 Y29.024
G1 F1800 X8.972 Y-11.393 E3153.45226
G0 F7200 X8.972 Y-10.827
G1 F1800 X48.823 Y29.024 E3157.96088
G0 F7200 X48.257 Y29.024
G1 F1800 X8.972 Y-10.262 E3162.40553
G0 F7200 X8.972 Y-9.696
G1 F1800 X47.692 Y29.024 E3166.7862
G0 F7200 X47.126 Y29.024
G1 F1800 X8.972 Y-9.13 E3171.10283
G0 F7200 X8.972 Y-8.564
G1 F1800 X46.56 Y29.024 E3175.35543
G0 F7200 X45.994 Y29.024
G1 F1800 X8.972 Y-7.999 E3179.54405
G0 F7200 X8.972 Y-7.433
G1 F1800 X45.429 Y29.024 E3183.66868
G0 F7200 X44.863 Y29.024
G1 F1800 X8.972 Y-6.867 E3187.72929
G0 F7200 X8.972 Y-6.302
G1 F1800 X44.297 Y29.024 E3191.72591
G0 F7200 X43.732 Y29.024
G1 F1800 X8.972 Y-5.736 E3195.65856
G0 F7200 X8.972 Y-5.17
G1 F1800 X43.166 Y29.024 E3199.52717
G0 F7200 X42.6 Y29.024
G1 F1800 X8.972 Y-4.605 E3203.3318
G0 F7200 X8.972 Y-4.039
G1 F1800 X42.035 Y29.024 E3207.07245
G0 F7200 X41.469 Y29.024
G1 F1800 X8.972 Y-3.473 E3210.74906
G0 F7200 X8.972 Y-2.908
G1 F1800 X40.903 Y29.024 E3214.3617
G0 F7200 X40.338 Y29.024
G1 F1800 X8.972 Y-2.342 E3217.91036
G0 F7200 X8.972 Y-1.776
G1 F1800 X39.772 Y29.024 E3221.39498
G0 F7200 X39.206 Y29.024
G1 F1800 X8.972 Y-1.211 E3224.81562
G0 F7200 X8.972 Y-.645
G1 F1800 X38.641 Y29.024 E3228.17229
G0 F7200 X38.075 Y29.024
G1 F1800 X8.972 Y-0.079 E3231.46492
G0 F7200 X8.972 Y0.486
G1 F1800 X37.509 Y29.024 E3234.69357
G0 F7200 X36.944 Y29.024
G1 F1800 X8.972 Y1.052 E3237.85824
G0 F7200 X8.972 Y1.618
G1 F1800 X36.378 Y29.024 E3240.95887
G0 F7200 X35.812 Y29.024
G1 F1800 X8.972 Y2.184 E3243.99547
G0 F7200 X8.972 Y2.749
G1 F1800 X35.246 Y29.024 E3246.96809
G0 F7200 X34.681 Y29.024
G1 F1800 X8.972 Y3.315 E3249.87673
G0 F7200 X8.972 Y3.881
G1 F1800 X34.115 Y29.024 E3252.72134
G0 F7200 X33.549 Y29.024
G1 F1800 X8.972 Y4.446 E3255.50197
G0 F7200 X8.972 Y5.012
G1 F1800 X32.984 Y29.024 E3258.21861
G0 F7200 X32.418 Y29.024
G1 F1800 X8.972 Y5.578 E3260.87123
G0 F7200 X8.972 Y6.143
G1 F1800 X31.852 Y29.024 E3263.45986
G0 F7200 X31.287 Y29.024
G1 F1800 X8.972 Y6.709 E3265.98451
G0 F7200 X8.972 Y7.275
G1 F1800 X30.721 Y29.024 E3268.44513
G0 F7200 X30.155 Y29.024
G1 F1800 X8.972 Y7.84 E3270.84177
G0 F7200 X8.972 Y8.406
G1 F1800 X29.59 Y29.024 E3273.17443
G0 F7200 X29.024 Y29.024
G1 F1800 X8.972 Y8.972 E3275.44306
G0 F7200 X8.972 Y9.537
G1 F1800 X28.458 Y29.024 E3277.6477
G0 F7200 X27.893 Y29.024
G1 F1800 X8.972 Y10.103 E3279.78837
G0 F7200 X8.972 Y10.669
G1 F1800 X27.327 Y29.024 E3281.865
G0 F7200 X26.761 Y29.024
G1 F1800 X8.972 Y11.235 E3283.87759
G0 F7200 X8.972 Y11.8
G1 F1800 X26.195 Y29.024 E3285.82621
G0 F7200 X25.63 Y29.024
G1 F1800 X8.972 Y12.366 E3287.71085
G0 F7200 X8.972 Y12.932
G1 F1800 X25.064 Y29.024 E3289.53145
G0 F7200 X24.498 Y29.024
G1 F1800 X8.972 Y13.497 E3291.28807
G0 F7200 X8.972 Y14.063
G1 F1800 X23.933 Y29.024 E3292.98072
G0 F7200 X23.367 Y29.024
G1 F1800 X8.972 Y14.629 E3294.60933
G0 F7200 X8.972 Y15.194
G1 F1800 X22.801 Y29.024 E3296.17396
G0 F7200 X22.236 Y29.024
G1 F1800 X8.972 Y15.76 E3297.67461
G0 F7200 X8.972 Y16.326
G1 F1800 X21.67 Y29.024 E3299.11122
G0 F7200 X21.104 Y29.024
G1 F1800 X8.972 Y16.891 E3300.48386
G0 F7200 X8.972 Y17.457
G1 F1800 X20.539 Y29.024 E3301.79251
G0 F7200 X19.973 Y29.024
G1 F1800 X8.972 Y18.023 E3303.03713
G0 F7200 X8.972 Y18.588
G1 F1800 X19.407 Y29.024 E3304.21778
G0 F7200 X18.842 Y29.024
G1 F1800 X8.972 Y19.154 E3305.33444
G0 F7200 X8.972 Y19.72
G1 F1800 X18.276 Y29.024 E3306.38707
G0 F7200 X17.71 Y29.024
G1 F1800 X8.972 Y20.285 E3307.37571
G0 F7200 X8.972 Y20.851
G1 F1800 X17.145 Y29.024 E3308.30038
G0 F7200 X16.579 Y29.024
G1 F1800 X8.972 Y21.417 E3309.16102
G0 F7200 X8.972 Y21.983
G1 F1800 X16.013 Y29.024 E3309.95762
G0 F7200 X15.447 Y29.024
G1 F1800 X8.972 Y22.548 E3310.69024
G0 F7200 X8.972 Y23.114
G1 F1800 X14.882 Y29.024 E3311.35888
G0 F7200 X14.316 Y29.024
G1 F1800 X8.972 Y23.68 E3311.96348
G0 F7200 X8.972 Y24.245
G1 F1800 X13.75 Y29.024 E3312.50411
G0 F7200 X13.185 Y29.024
G1 F1800 X8.972 Y24.811 E3312.98075
G0 F7200 X8.972 Y25.377
G1 F1800 X12.619 Y29.024 E3313.39336
G0 F7200 X12.053 Y29.024
G1 F1800 X8.972 Y25.942 E3313.742
G0 F7200 X8.972 Y26.508
G1 F1800 X11.488 Y29.024 E3314.02665
G0 F7200 X10.922 Y29.024
G1 F1800 X8.972 Y27.074 E3314.24727
G0 F7200 X8.972 Y27.639
G1 F1800 X10.356 Y29.024 E3314.4039
G0 F7200 X9.791 Y29.024
G1 F1800 X8.972 Y28.205 E3314.49656
G0 F7200 X8.972 Y28.771
G1 F1800 X9.225 Y29.024 E3314.52519
G10
;MESH:NONMESH
G0 F600 Z2.1
G0 F7200 X7.822 Y3.005
G0 X6.727 Y3.005
G0 X-3.942 Y3.005
G0 X-5.037 Y3.005
G0 X-7.579 Y3.005
;TIME_ELAPSED:4948.544116
;LAYER:9
;TYPE:FILL
;MESH:tapacarcvincha prueba 1.stl
G11
G1 F3600 X-33.693 Y29.119 E3317.47965
G1 X-33.763 Y29.189
G0 F7200 X-31.922 Y27.404
G1 F3600 X-65.919 Y-6.593 E3321.32597
G1 X-65.989 Y-6.663
G0 F7200 X-67.635 Y-4.821
G1 F3600 X-41.519 Y-30.937 E3324.28066
G1 X-41.449 Y-31.007
G0 F7200 X-43.292 Y-29.22
G1 F3600 X-9.294 Y4.777 E3328.12704
G1 X-9.224 Y4.847
G0 F7200 X-7.579 Y14.319
G1 F3600 X-22.379 Y29.119 E3329.80146
G1 X-22.449 Y29.189
G0 F7200 X-20.609 Y27.404
G1 F3600 X-65.919 Y-17.907 E3334.92776
G1 X-65.989 Y-17.977
G0 F7200 X-67.635 Y-16.134
G1 F3600 X-52.834 Y-30.935 E3336.6023
G1 X-52.764 Y-31.005
G0 F7200 X-54.606 Y-29.22
G1 F3600 X-9.294 Y16.091 E3341.72872
G1 X-9.224 Y16.161
G0 F7200 X-7.579 Y25.633
G1 F3600 X-11.065 Y29.119 E3342.12311
G1 X-11.135 Y29.189
G0 F7200 X-9.295 Y27.404
G1 F3600 X-65.919 Y-29.22 E3348.52939
G1 X-65.989 Y-29.29
G0 F7200 X-67.635 Y-27.448
G1 F3600 X-64.147 Y-30.936 E3348.92401
G1 X-64.077 Y-31.006
G0 F7200 X-31.978 Y-29.22
G1 F3600 X-9.294 Y-6.536 E3351.49041
G1 X-9.224 Y-6.466
G0 F7200 X-7.579 Y-8.308
G1 F3600 X-45.007 Y29.12 E3355.7249
G1 X-45.077 Y29.19
G0 F7200 X-43.235 Y27.405
G1 F3600 X-65.919 Y4.721 E3358.29131
G1 X-65.989 Y4.651
G0 F7200 X-67.635 Y6.493
G1 F3600 X-30.206 Y-30.936 E3362.52591
G1 X-30.136 Y-31.006
G0 F7200 X-20.664 Y-29.22
G1 F3600 X-9.294 Y-17.85 E3363.81228
G1 X-9.224 Y-17.78
G0 F7200 X-7.58 Y-19.621
G1 F3600 X-56.322 Y29.121 E3369.32681
G1 X-56.392 Y29.191
G0 F7200 X-54.549 Y27.405
G1 F3600 X-65.919 Y16.034 E3370.61324
G1 X-65.989 Y15.964
G0 F7200 X-67.635 Y17.807
G1 F3600 X-18.893 Y-30.935 E3376.12776
G1 X-18.823 Y-31.005
G0 F7200 X-13.237 Y-25.278
G1 F3600 X-61.979 Y23.464 E3381.64229
G1 X-62.049 Y23.534
G0 F7200 X-69.644 Y23.624
G1 F900 X-62.136 Y31.132 E3382.15195
G0 F7200 X-62.701 Y31.132
G1 F900 X-69.644 Y24.189 E3382.62326
G0 F7200 X-69.644 Y24.755
G1 F900 X-63.267 Y31.132 E3383.05614
G0 F7200 X-63.833 Y31.132
G1 F900 X-69.644 Y25.321 E3383.45061
G0 F7200 X-69.644 Y25.886
G1 F900 X-64.398 Y31.132 E3383.80672
G0 F7200 X-64.964 Y31.132
G1 F900 X-69.644 Y26.452 E3384.12441
G0 F7200 X-69.644 Y27.018
G1 F900 X-65.53 Y31.132 E3384.40367
G0 F7200 X-66.095 Y31.132
G1 F900 X-69.644 Y27.584 E3384.64455
G0 F7200 X-69.644 Y28.149
G1 F900 X-66.661 Y31.132 E3384.84705
G0 F7200 X-67.227 Y31.132
G1 F900 X-69.644 Y28.715 E3385.01112
G0 F7200 X-69.644 Y29.281
G1 F900 X-67.792 Y31.132 E3385.1368
G0 F7200 X-68.358 Y31.132
G1 F900 X-69.644 Y29.846 E3385.2241
G0 F7200 X-69.644 Y30.412
G1 F900 X-68.924 Y31.132 E3385.27297
G0 F7200 X-69.49 Y31.132
G1 F900 X-69.644 Y30.978 E3385.28343
G0 F7200 X-69.644 Y23.058
G1 F900 X-61.57 Y31.132 E3385.83151
G0 F7200 X-61.004 Y31.132
G1 F900 X-69.644 Y22.492 E3386.41801
G0 F7200 X-69.644 Y21.927
G1 F900 X-60.439 Y31.132 E3387.04287
G0 F7200 X-59.873 Y31.132
G1 F900 X-69.644 Y21.361 E3387.70615
G0 F7200 X-69.644 Y20.795
G1 F900 X-59.307 Y31.132 E3388.40784
G0 F7200 X-58.741 Y31.132
G1 F900 X-69.644 Y20.23 E3389.14793
G0 F7200 X-69.644 Y19.664
G1 F900 X-58.176 Y31.132 E3389.9264
G0 F7200 X-57.61 Y31.132
G1 F900 X-69.644 Y19.098 E3390.7433
G0 F7200 X-69.644 Y18.533
G1 F900 X-57.044 Y31.132 E3391.59858
G0 F7200 X-56.479 Y31.132
G1 F900 X-69.644 Y17.967 E3392.49225
G0 F7200 X-69.644 Y17.401
G1 F900 X-55.913 Y31.132 E3393.42434
G0 F7200 X-55.347 Y31.132
G1 F900 X-69.644 Y16.836 E3394.39482
G0 F7200 X-69.644 Y16.27
G1 F900 X-54.782 Y31.132 E3395.40369
G0 F7200 X-54.216 Y31.132
G1 F900 X-56.274 Y29.073 E3395.54342
G0 F7200 X-55.992 Y28.791
G1 F900 X-53.65 Y31.132 E3395.70237
G0 F7200 X-53.085 Y31.132
G1 F900 X-55.709 Y28.508 E3395.88049
G0 F7200 X-55.426 Y28.225
G1 F900 X-52.519 Y31.132 E3396.07783
G0 F7200 X-51.953 Y31.132
G1 F900 X-55.143 Y27.942 E3396.29437
G0 F7200 X-54.86 Y27.659
G1 F900 X-51.388 Y31.132 E3396.53009
G0 F7200 X-50.822 Y31.132
G1 F900 X-54.577 Y27.376 E3396.78502
G0 F7200 X-54.294 Y27.094
G1 F900 X-50.256 Y31.132 E3397.05913
G0 F7200 X-49.691 Y31.132
G1 F900 X-54.012 Y26.811 E3397.35245
G0 F7200 X-53.729 Y26.528
G1 F900 X-49.125 Y31.132 E3397.66498
G0 F7200 X-48.559 Y31.132
G1 F900 X-53.445 Y26.246 E3397.99665
G0 F7200 X-53.162 Y25.963
G1 F900 X-47.993 Y31.132 E3398.34754
G0 F7200 X-47.428 Y31.132
G1 F900 X-52.88 Y25.68 E3398.71763
G0 F7200 X-52.597 Y25.397
G1 F900 X-46.862 Y31.132 E3399.10694
G0 F7200 X-46.296 Y31.132
G1 F900 X-52.314 Y25.114 E3399.51545
G0 F7200 X-52.031 Y24.831
G1 F900 X-45.731 Y31.132 E3399.94314
G0 F7200 X-45.165 Y31.132
G1 F900 X-51.748 Y24.549 E3400.39001
G0 F7200 X-51.465 Y24.266
G1 F900 X-44.599 Y31.132 E3400.85609
G0 F7200 X-44.034 Y31.132
G1 F900 X-51.183 Y23.983 E3401.34138
G0 F7200 X-50.9 Y23.7
G1 F900 X-43.468 Y31.132 E3401.84588
G0 F7200 X-42.902 Y31.132
G1 F900 X-44.961 Y29.073 E3401.98565
G0 F7200 X-44.678 Y28.791
G1 F900 X-42.337 Y31.132 E3402.14456
G0 F7200 X-41.771 Y31.132
G1 F900 X-44.395 Y28.508 E3402.32269
G0 F7200 X-44.112 Y28.225
G1 F900 X-41.205 Y31.132 E3402.52002
G0 F7200 X-40.64 Y31.132
G1 F900 X-43.829 Y27.942 E3402.73653
G0 F7200 X-43.546 Y27.659
G1 F900 X-40.074 Y31.132 E3402.97225
G0 F7200 X-39.508 Y31.132
G1 F900 X-43.264 Y27.376 E3403.22722
G0 F7200 X-42.981 Y27.094
G1 F900 X-38.942 Y31.132 E3403.50136
G0 F7200 X-38.377 Y31.132
G1 F900 X-42.698 Y26.811 E3403.79468
G0 F7200 X-42.415 Y26.528
G1 F900 X-37.811 Y31.132 E3404.10721
G0 F7200 X-37.245 Y31.132
G1 F900 X-42.132 Y26.245 E3404.43895
G0 F7200 X-41.849 Y25.962
G1 F900 X-36.68 Y31.132 E3404.78987
G0 F7200 X-36.114 Y31.132
G1 F900 X-41.567 Y25.679 E3405.16003
G0 F7200 X-41.284 Y25.396
G1 F900 X-35.548 Y31.132 E3405.5494
G0 F7200 X-34.983 Y31.132
G1 F900 X-41.001 Y25.114 E3405.95792
G0 F7200 X-40.718 Y24.831
G1 F900 X-34.417 Y31.132 E3406.38564
G0 F7200 X-33.851 Y31.132
G1 F900 X-40.435 Y24.548 E3406.83258
G0 F7200 X-40.152 Y24.265
G1 F900 X-33.286 Y31.132 E3407.29869
G0 F7200 X-32.72 Y31.132
G1 F900 X-39.87 Y23.982 E3407.78405
G0 F7200 X-39.587 Y23.699
G1 F900 X-32.154 Y31.132 E3408.28862
G0 F7200 X-31.589 Y31.132
G1 F900 X-33.647 Y29.073 E3408.42836
G0 F7200 X-33.364 Y28.791
G1 F900 X-31.023 Y31.132 E3408.58727
G0 F7200 X-30.457 Y31.132
G1 F900 X-33.081 Y28.508 E3408.76539
G0 F7200 X-32.798 Y28.225
G1 F900 X-29.892 Y31.132 E3408.96269
G0 F7200 X-29.326 Y31.132
G1 F900 X-32.516 Y27.942 E3409.17924
G0 F7200 X-32.233 Y27.659
G1 F900 X-28.76 Y31.132 E3409.41499
G0 F7200 X-28.194 Y31.132
G1 F900 X-31.95 Y27.376 E3409.66996
G0 F7200 X-31.667 Y27.094
G1 F900 X-27.629 Y31.132 E3409.94407
G0 F7200 X-27.063 Y31.132
G1 F900 X-31.384 Y26.811 E3410.23738
G0 F7200 X-31.101 Y26.528
G1 F900 X-26.497 Y31.132 E3410.54991
G0 F7200 X-25.932 Y31.132
G1 F900 X-30.819 Y26.245 E3410.88165
G0 F7200 X-30.536 Y25.962
G1 F900 X-25.366 Y31.132 E3411.23261
G0 F7200 X-24.8 Y31.132
G1 F900 X-30.253 Y25.679 E3411.60277
G0 F7200 X-29.97 Y25.396
G1 F900 X-24.235 Y31.132 E3411.99211
G0 F7200 X-23.669 Y31.132
G1 F900 X-29.687 Y25.114 E3412.40062
G0 F7200 X-29.404 Y24.831
G1 F900 X-23.103 Y31.132 E3412.82835
G0 F7200 X-22.538 Y31.132
G1 F900 X-29.121 Y24.548 E3413.27525
G0 F7200 X-28.839 Y24.265
G1 F900 X-21.972 Y31.132 E3413.7414
G0 F7200 X-21.406 Y31.132
G1 F900 X-28.556 Y23.982 E3414.22676
G0 F7200 X-28.273 Y23.699
G1 F900 X-20.841 Y31.132 E3414.73129
G0 F7200 X-20.275 Y31.132
G1 F900 X-22.333 Y29.073 E3414.87103
G0 F7200 X-22.05 Y28.791
G1 F900 X-19.709 Y31.132 E3415.02994
G0 F7200 X-19.144 Y31.132
G1 F900 X-21.768 Y28.508 E3415.20806
G0 F7200 X-21.485 Y28.225
G1 F900 X-18.578 Y31.132 E3415.4054
G0 F7200 X-18.012 Y31.132
G1 F900 X-21.202 Y27.942 E3415.62194
G0 F7200 X-20.919 Y27.659
G1 F900 X-17.446 Y31.132 E3415.8577
G0 F7200 X-16.881 Y31.132
G1 F900 X-20.636 Y27.376 E3416.11263
G0 F7200 X-20.353 Y27.094
G1 F900 X-16.315 Y31.132 E3416.38674
G0 F7200 X-15.749 Y31.132
G1 F900 X-20.071 Y26.811 E3416.68009
G0 F7200 X-19.788 Y26.528
G1 F900 X-15.184 Y31.132 E3416.99262
G0 F7200 X-14.618 Y31.132
G1 F900 X-19.504 Y26.246 E3417.32429
G0 F7200 X-19.221 Y25.963
G1 F900 X-14.052 Y31.132 E3417.67517
G0 F7200 X-13.487 Y31.132
G1 F900 X-18.938 Y25.68 E3418.04523
G0 F7200 X-18.656 Y25.397
G1 F900 X-12.921 Y31.132 E3418.43454
G0 F7200 X-12.355 Y31.132
G1 F900 X-18.373 Y25.114 E3418.84305
G0 F7200 X-18.09 Y24.831
G1 F900 X-11.79 Y31.132 E3419.27075
G0 F7200 X-11.224 Y31.132
G1 F900 X-17.807 Y24.549 E3419.71762
G0 F7200 X-17.524 Y24.266
G1 F900 X-10.658 Y31.132 E3420.1837
G0 F7200 X-10.093 Y31.132
G1 F900 X-17.241 Y23.983 E3420.66895
G0 F7200 X-16.959 Y23.7
G1 F900 X-9.527 Y31.132 E3421.17345
G0 F7200 X-8.961 Y31.132
G1 F900 X-11.02 Y29.073 E3421.31322
G0 F7200 X-10.737 Y28.79
G1 F900 X-8.395 Y31.132 E3421.4722
G0 F7200 X-7.83 Y31.132
G1 F900 X-10.455 Y28.507 E3421.65039
G0 F7200 X-10.172 Y28.224
G1 F900 X-7.264 Y31.132 E3421.84779
G0 F7200 X-6.698 Y31.132
G1 F900 X-9.889 Y27.941 E3422.06441
G0 F7200 X-9.606 Y27.658
G1 F900 X-6.133 Y31.132 E3422.3002
G0 F7200 X-5.567 Y31.132
G1 F900 X-9.323 Y27.376 E3422.55516
G0 F7200 X-9.04 Y27.093
G1 F900 X-5.564 Y30.569 E3422.79112
G0 F7200 X-5.564 Y30.003
G1 F900 X-8.758 Y26.81 E3423.0079
G0 F7200 X-8.475 Y26.527
G1 F900 X-5.564 Y29.438 E3423.20551
G0 F7200 X-5.564 Y28.872
G1 F900 X-8.192 Y26.244 E3423.3839
G0 F7200 X-7.909 Y25.961
G1 F900 X-5.564 Y28.306 E3423.54309
G0 F7200 X-5.564 Y27.741
G1 F900 X-7.626 Y25.679 E3423.68306
G0 F7200 X-5.564 Y25.478
G1 F900 X-12.151 Y18.891 E3424.1302
G0 F7200 X-12.434 Y19.174
G1 F900 X-5.564 Y26.043 E3424.59652
G0 F7200 X-5.564 Y26.609
G1 F900 X-12.717 Y19.457 E3425.08204
G0 F7200 X-12.999 Y19.74
G1 F900 X-5.564 Y27.175 E3425.58675
G0 F7200 X-5.564 Y24.912
G1 F900 X-11.868 Y18.608 E3426.01468
G0 F7200 X-11.585 Y18.325
G1 F900 X-5.564 Y24.346 E3426.4234
G0 F7200 X-5.564 Y23.781
G1 F900 X-11.302 Y18.043 E3426.81291
G0 F7200 X-11.02 Y17.76
G1 F900 X-5.564 Y23.215 E3427.18324
G0 F7200 X-5.564 Y22.649
G1 F900 X-10.737 Y17.477 E3427.53436
G0 F7200 X-10.454 Y17.194
G1 F900 X-5.564 Y22.084 E3427.8663
G0 F7200 X-5.564 Y21.518
G1 F900 X-10.172 Y16.91 E3428.1791
G0 F7200 X-9.889 Y16.628
G1 F900 X-5.564 Y20.952 E3428.47266
G0 F7200 X-5.564 Y20.387
G1 F900 X-9.606 Y16.345 E3428.74704
G0 F7200 X-9.323 Y16.062
G1 F900 X-5.564 Y19.821 E3429.00221
G0 F7200 X-5.564 Y19.255
G1 F900 X-9.04 Y15.779 E3429.23817
G0 F7200 X-8.758 Y15.496
G1 F900 X-5.564 Y18.69 E3429.45499
G0 F7200 X-5.564 Y18.124
G1 F900 X-8.475 Y15.213 E3429.65259
G0 F7200 X-8.192 Y14.931
G1 F900 X-5.564 Y17.558 E3429.83095
G0 F7200 X-5.564 Y16.992
G1 F900 X-7.909 Y14.648 E3429.9901
G0 F7200 X-7.626 Y14.365
G1 F900 X-5.564 Y16.427 E3430.13007
G0 F7200 X-5.564 Y15.861
G1 F900 X-13 Y8.425 E3430.63485
G0 F7200 X-12.717 Y8.142
G1 F900 X-5.564 Y15.295 E3431.12041
G0 F7200 X-5.564 Y14.73
G1 F900 X-12.434 Y7.859 E3431.58679
G0 F7200 X-12.152 Y7.577
G1 F900 X-5.564 Y14.164 E3432.03397
G0 F7200 X-5.564 Y13.598
G1 F900 X-11.869 Y7.294 E3432.46193
G0 F7200 X-11.586 Y7.011
G1 F900 X-5.564 Y13.033 E3432.87072
G0 F7200 X-5.564 Y12.467
G1 F900 X-11.303 Y6.728 E3433.26029
G0 F7200 X-11.02 Y6.445
G1 F900 X-5.564 Y11.901 E3433.63066
G0 F7200 X-5.564 Y11.336
G1 F900 X-10.737 Y6.162 E3433.98185
G0 F7200 X-10.455 Y5.88
G1 F900 X-5.564 Y10.77 E3434.31383
G0 F7200 X-5.564 Y10.204
G1 F900 X-10.172 Y5.597 E3434.62659
G0 F7200 X-9.889 Y5.314
G1 F900 X-5.564 Y9.639 E3434.92019
G0 F7200 X-5.564 Y9.073
G1 F900 X-9.606 Y5.031 E3435.19457
G0 F7200 X-9.323 Y4.748
G1 F900 X-5.564 Y8.507 E3435.44973
G0 F7200 X-5.564 Y7.942
G1 F900 X-9.04 Y4.465 E3435.68573
G0 F7200 X-8.758 Y4.183
G1 F900 X-5.564 Y7.376 E3435.90251
G0 F7200 X-5.564 Y6.81
G1 F900 X-8.475 Y3.9 E3436.10008
G0 F7200 X-8.192 Y3.617
G1 F900 X-5.564 Y6.244 E3436.27844
G0 F7200 X-5.564 Y5.679
G1 F900 X-7.909 Y3.334 E3436.43763
G0 F7200 X-7.626 Y3.051
G1 F900 X-5.564 Y5.113 E3436.5776
G0 F7200 X-5.564 Y4.547
G1 F900 X-12.999 Y-2.888 E3437.0823
G0 F7200 X-12.717 Y-3.171
G1 F900 X-5.564 Y3.982 E3437.56786
G0 F7200 X-5.564 Y3.416
G1 F900 X-12.434 Y-3.454 E3438.03422
G0 F7200 X-12.151 Y-3.736
G1 F900 X-5.564 Y2.85 E3438.48132
G0 F7200 X-5.564 Y2.285
G1 F900 X-11.868 Y-4.019 E3438.90925
G0 F7200 X-11.585 Y-4.302
G1 F900 X-5.564 Y1.719 E3439.31797
G0 F7200 X-5.564 Y1.153
G1 F900 X-11.302 Y-4.585 E3439.70748
G0 F7200 X-11.02 Y-4.868
G1 F900 X-5.564 Y0.588 E3440.07784
G0 F7200 X-5.564 Y0.022
G1 F900 X-10.737 Y-5.151 E3440.429
G0 F7200 X-10.454 Y-5.433
G1 F900 X-5.564 Y-.544 E3440.76091
G0 F7200 X-5.564 Y-1.109
G1 F900 X-10.172 Y-5.717 E3441.07371
G0 F7200 X-9.889 Y-6
G1 F900 X-5.564 Y-1.675 E3441.3673
G0 F7200 X-5.564 Y-2.241
G1 F900 X-9.606 Y-6.283 E3441.64168
G0 F7200 X-9.323 Y-6.565
G1 F900 X-5.564 Y-2.807 E3441.89682
G0 F7200 X-5.564 Y-3.372
G1 F900 X-9.04 Y-6.848 E3442.13278
G0 F7200 X-8.758 Y-7.131
G1 F900 X-5.564 Y-3.938 E3442.34956
G0 F7200 X-5.564 Y-4.504
G1 F900 X-8.475 Y-7.414 E3442.54713
G0 F7200 X-8.192 Y-7.697
G1 F900 X-5.564 Y-5.069 E3442.72552
G0 F7200 X-5.564 Y-5.635
G1 F900 X-7.909 Y-7.98 E3442.88471
G0 F7200 X-7.626 Y-8.263
G1 F900 X-5.564 Y-6.201 E3443.02468
G0 F7200 X-5.564 Y-6.766
G1 F900 X-12.999 Y-14.202 E3443.52942
G0 F7200 X-12.717 Y-14.484
G1 F900 X-5.564 Y-7.332 E3444.01495
G0 F7200 X-5.564 Y-7.898
G1 F900 X-12.434 Y-14.767 E3444.48126
G0 F7200 X-12.151 Y-15.05
G1 F900 X-5.564 Y-8.463 E3444.92841
G0 F7200 X-5.564 Y-9.029
G1 F900 X-11.868 Y-15.333 E3445.35633
G0 F7200 X-11.585 Y-15.616
G1 F900 X-5.564 Y-9.595 E3445.76505
G0 F7200 X-5.564 Y-10.16
G1 F900 X-11.302 Y-15.899 E3446.1546
G0 F7200 X-11.02 Y-16.181
G1 F900 X-5.564 Y-10.726 E3446.52493
G0 F7200 X-5.564 Y-11.292
G1 F900 X-10.737 Y-16.464 E3446.87605
G0 F7200 X-10.454 Y-16.747
G1 F900 X-5.564 Y-11.857 E3447.20799
G0 F7200 X-5.564 Y-12.423
G1 F900 X-10.172 Y-17.031 E3447.52079
G0 F7200 X-9.889 Y-17.314
G1 F900 X-5.564 Y-12.989 E3447.81438
G0 F7200 X-5.564 Y-13.555
G1 F900 X-9.606 Y-17.596 E3448.08873
G0 F7200 X-9.323 Y-17.879
G1 F900 X-5.564 Y-14.12 E3448.3439
G0 F7200 X-5.564 Y-14.686
G1 F900 X-9.04 Y-18.162 E3448.57986
G0 F7200 X-8.758 Y-18.445
G1 F900 X-5.564 Y-15.252 E3448.79664
G0 F7200 X-5.564 Y-15.817
G1 F900 X-8.475 Y-18.728 E3448.99425
G0 F7200 X-8.192 Y-19.011
G1 F900 X-5.564 Y-16.383 E3449.17264
G0 F7200 X-5.564 Y-16.949
G1 F900 X-7.909 Y-19.293 E3449.33179
G0 F7200 X-7.626 Y-19.576
G1 F900 X-5.564 Y-17.514 E3449.47176
G0 F7200 X-5.564 Y-18.08
G1 F900 X-20.432 Y-32.948 E3450.48104
G0 F7200 X-20.998 Y-32.948
G1 F900 X-18.939 Y-30.889 E3450.62081
G0 F7200 X-19.222 Y-30.606
G1 F900 X-21.563 Y-32.948 E3450.77975
G0 F7200 X-22.129 Y-32.948
G1 F900 X-19.505 Y-30.324 E3450.95788
G0 F7200 X-19.788 Y-30.041
G1 F900 X-22.695 Y-32.948 E3451.15521
G0 F7200 X-23.26 Y-32.948
G1 F900 X-20.071 Y-29.758 E3451.37172
G0 F7200 X-20.353 Y-29.475
G1 F900 X-23.826 Y-32.948 E3451.60748
G0 F7200 X-24.392 Y-32.948
G1 F900 X-20.636 Y-29.192 E3451.86244
G0 F7200 X-20.919 Y-28.909
G1 F900 X-24.957 Y-32.948 E3452.13658
G0 F7200 X-25.523 Y-32.948
G1 F900 X-21.202 Y-28.627 E3452.4299
G0 F7200 X-21.485 Y-28.344
G1 F900 X-26.089 Y-32.948 E3452.74243
G0 F7200 X-26.654 Y-32.948
G1 F900 X-21.768 Y-28.062 E3453.07411
G0 F7200 X-22.051 Y-27.779
G1 F900 X-27.22 Y-32.948 E3453.42499
G0 F7200 X-27.786 Y-32.948
G1 F900 X-22.334 Y-27.496 E3453.79508
G0 F7200 X-22.617 Y-27.213
G1 F900 X-28.351 Y-32.948 E3454.18435
G0 F7200 X-28.917 Y-32.948
G1 F900 X-22.9 Y-26.93 E3454.59284
G0 F7200 X-23.182 Y-26.647
G1 F900 X-29.483 Y-32.948 E3455.02056
G0 F7200 X-30.049 Y-32.948
G1 F900 X-23.465 Y-26.364 E3455.4675
G0 F7200 X-23.748 Y-26.082
G1 F900 X-30.614 Y-32.948 E3455.93358
G0 F7200 X-31.18 Y-32.948
G1 F900 X-24.031 Y-25.799 E3456.41887
G0 F7200 X-24.314 Y-25.516
G1 F900 X-31.746 Y-32.948 E3456.92337
G0 F7200 X-32.311 Y-32.948
G1 F900 X-30.253 Y-30.889 E3457.0631
G0 F7200 X-30.536 Y-30.606
G1 F900 X-32.877 Y-32.948 E3457.22205
G0 F7200 X-33.443 Y-32.948
G1 F900 X-30.819 Y-30.324 E3457.40017
G0 F7200 X-31.101 Y-30.041
G1 F900 X-34.008 Y-32.948 E3457.59751
G0 F7200 X-34.574 Y-32.948
G1 F900 X-31.384 Y-29.758 E3457.81405
G0 F7200 X-31.667 Y-29.475
G1 F900 X-35.14 Y-32.948 E3458.04981
G0 F7200 X-35.705 Y-32.948
G1 F900 X-31.95 Y-29.192 E3458.30474
G0 F7200 X-32.233 Y-28.909
G1 F900 X-36.271 Y-32.948 E3458.57888
G0 F7200 X-36.837 Y-32.948
G1 F900 X-32.516 Y-28.627 E3458.8722
G0 F7200 X-32.798 Y-28.344
G1 F900 X-37.402 Y-32.948 E3459.18473
G0 F7200 X-37.968 Y-32.948
G1 F900 X-33.082 Y-28.062 E3459.5164
G0 F7200 X-33.365 Y-27.779
G1 F900 X-38.534 Y-32.948 E3459.86729
G0 F7200 X-39.099 Y-32.948
G1 F900 X-33.648 Y-27.496 E3460.23735
G0 F7200 X-33.931 Y-27.213
G1 F900 X-39.665 Y-32.948 E3460.62662
G0 F7200 X-40.231 Y-32.948
G1 F900 X-34.213 Y-26.93 E3461.03513
G0 F7200 X-34.496 Y-26.647
G1 F900 X-40.797 Y-32.948 E3461.46286
G0 F7200 X-41.362 Y-32.948
G1 F900 X-34.779 Y-26.364 E3461.90976
G0 F7200 X-35.062 Y-26.082
G1 F900 X-41.928 Y-32.948 E3462.37584
G0 F7200 X-42.494 Y-32.948
G1 F900 X-35.345 Y-25.799 E3462.86113
G0 F7200 X-35.628 Y-25.516
G1 F900 X-43.059 Y-32.948 E3463.3656
G0 F7200 X-43.625 Y-32.948
G1 F900 X-41.567 Y-30.889 E3463.50533
G0 F7200 X-41.849 Y-30.606
G1 F900 X-44.191 Y-32.948 E3463.66431
G0 F7200 X-44.756 Y-32.948
G1 F900 X-42.132 Y-30.324 E3463.84244
G0 F7200 X-42.415 Y-30.041
G1 F900 X-45.322 Y-32.948 E3464.03977
G0 F7200 X-45.888 Y-32.948
G1 F900 X-42.698 Y-29.758 E3464.25631
G0 F7200 X-42.981 Y-29.475
G1 F900 X-46.453 Y-32.948 E3464.49204
G0 F7200 X-47.019 Y-32.948
G1 F900 X-43.264 Y-29.192 E3464.74697
G0 F7200 X-43.546 Y-28.909
G1 F900 X-47.585 Y-32.948 E3465.02114
G0 F7200 X-48.15 Y-32.948
G1 F900 X-43.829 Y-28.627 E3465.31446
G0 F7200 X-44.112 Y-28.344
G1 F900 X-48.716 Y-32.948 E3465.62699
G0 F7200 X-49.282 Y-32.948
G1 F900 X-44.396 Y-28.062 E3465.95867
G0 F7200 X-44.679 Y-27.779
G1 F900 X-49.847 Y-32.948 E3466.30952
G0 F7200 X-50.413 Y-32.948
G1 F900 X-44.961 Y-27.496 E3466.67961
G0 F7200 X-45.244 Y-27.213
G1 F900 X-50.979 Y-32.948 E3467.06891
G0 F7200 X-51.545 Y-32.948
G1 F900 X-45.527 Y-26.93 E3467.47743
G0 F7200 X-45.81 Y-26.647
G1 F900 X-52.11 Y-32.948 E3467.90512
G0 F7200 X-52.676 Y-32.948
G1 F900 X-46.093 Y-26.364 E3468.35202
G0 F7200 X-46.376 Y-26.082
G1 F900 X-53.242 Y-32.948 E3468.8181
G0 F7200 X-53.807 Y-32.948
G1 F900 X-46.658 Y-25.799 E3469.30339
G0 F7200 X-46.941 Y-25.516
G1 F900 X-54.373 Y-32.948 E3469.80789
G0 F7200 X-54.939 Y-32.948
G1 F900 X-52.88 Y-30.889 E3469.94766
G0 F7200 X-53.163 Y-30.606
G1 F900 X-55.504 Y-32.948 E3470.10661
G0 F7200 X-56.07 Y-32.948
G1 F900 X-53.446 Y-30.324 E3470.28473
G0 F7200 X-53.729 Y-30.041
G1 F900 X-56.636 Y-32.948 E3470.48207
G0 F7200 X-57.201 Y-32.948
G1 F900 X-54.012 Y-29.758 E3470.69858
G0 F7200 X-54.294 Y-29.475
G1 F900 X-57.767 Y-32.948 E3470.93433
G0 F7200 X-58.333 Y-32.948
G1 F900 X-54.577 Y-29.192 E3471.1893
G0 F7200 X-54.86 Y-28.909
G1 F900 X-58.898 Y-32.948 E3471.46344
G0 F7200 X-59.464 Y-32.948
G1 F900 X-55.143 Y-28.627 E3471.75676
G0 F7200 X-55.426 Y-28.344
G1 F900 X-60.03 Y-32.948 E3472.06929
G0 F7200 X-60.596 Y-32.948
G1 F900 X-55.709 Y-28.061 E3472.40103
G0 F7200 X-55.992 Y-27.778
G1 F900 X-61.161 Y-32.948 E3472.75195
G0 F7200 X-61.727 Y-32.948
G1 F900 X-56.274 Y-27.495 E3473.12211
G0 F7200 X-56.557 Y-27.212
G1 F900 X-62.293 Y-32.948 E3473.51148
G0 F7200 X-62.858 Y-32.948
G1 F900 X-56.84 Y-26.929 E3473.92003
G0 F7200 X-57.123 Y-26.647
G1 F900 X-63.424 Y-32.948 E3474.34776
G0 F7200 X-63.99 Y-32.948
G1 F900 X-57.406 Y-26.364 E3474.79469
G0 F7200 X-57.689 Y-26.081
G1 F900 X-64.555 Y-32.948 E3475.26081
G0 F7200 X-65.121 Y-32.948
G1 F900 X-57.971 Y-25.798 E3475.74617
G0 F7200 X-58.254 Y-25.515
G1 F900 X-65.687 Y-32.948 E3476.25074
G0 F7200 X-66.252 Y-32.948
G1 F900 X-64.193 Y-30.889 E3476.3905
G0 F7200 X-64.476 Y-30.606
G1 F900 X-66.818 Y-32.948 E3476.54948
G0 F7200 X-67.384 Y-32.948
G1 F900 X-64.759 Y-30.323 E3476.72768
G0 F7200 X-65.042 Y-30.04
G1 F900 X-67.949 Y-32.948 E3476.92504
G0 F7200 X-68.515 Y-32.948
G1 F900 X-65.325 Y-29.757 E3477.14162
G0 F7200 X-65.607 Y-29.474
G1 F900 X-69.081 Y-32.948 E3477.37744
G0 F7200 X-69.644 Y-32.945
G1 F900 X-65.89 Y-29.191 E3477.63227
G0 F7200 X-66.173 Y-28.909
G1 F900 X-69.644 Y-32.379 E3477.86786
G0 F7200 X-69.644 Y-31.813
G1 F900 X-66.456 Y-28.626 E3478.08423
G0 F7200 X-66.739 Y-28.343
G1 F900 X-69.644 Y-31.248 E3478.28143
G0 F7200 X-69.644 Y-30.682
G1 F900 X-67.022 Y-28.06 E3478.45942
G0 F7200 X-67.305 Y-27.777
G1 F900 X-69.644 Y-30.116 E3478.6182
G0 F7200 X-69.644 Y-29.551
G1 F900 X-67.587 Y-27.494 E3478.75783
G0 F7200 X-69.644 Y-27.288
G1 F900 X-63.062 Y-20.706 E3479.20463
G0 F7200 X-63.345 Y-20.423
G1 F900 X-69.644 Y-26.722 E3479.63222
G0 F7200 X-69.644 Y-26.157
G1 F900 X-63.628 Y-20.141 E3480.0406
G0 F7200 X-63.91 Y-19.858
G1 F900 X-69.644 Y-25.591 E3480.4298
G0 F7200 X-69.644 Y-25.025
G1 F900 X-64.193 Y-19.575 E3480.7998
G0 F7200 X-64.476 Y-19.292
G1 F900 X-69.644 Y-24.46 E3481.15061
G0 F7200 X-69.644 Y-23.894
G1 F900 X-64.759 Y-19.009 E3481.48222
G0 F7200 X-65.042 Y-18.726
G1 F900 X-69.644 Y-23.328 E3481.79461
G0 F7200 X-69.644 Y-22.762
G1 F900 X-65.325 Y-18.443 E3482.08779
G0 F7200 X-65.607 Y-18.161
G1 F900 X-69.644 Y-22.197 E3482.3618
G0 F7200 X-69.644 Y-21.631
G1 F900 X-65.89 Y-17.878 E3482.6166
G0 F7200 X-66.173 Y-17.595
G1 F900 X-69.644 Y-21.065 E3482.85218
G0 F7200 X-69.644 Y-20.5
G1 F900 X-66.456 Y-17.312 E3483.06859
G0 F7200 X-66.739 Y-17.029
G1 F900 X-69.644 Y-19.934 E3483.26579
G0 F7200 X-69.644 Y-19.368
G1 F900 X-67.022 Y-16.746 E3483.44378
G0 F7200 X-67.305 Y-16.464
G1 F900 X-69.644 Y-18.803 E3483.60255
G0 F7200 X-69.644 Y-18.237
G1 F900 X-67.587 Y-16.181 E3483.74215
G0 F7200 X-69.644 Y-15.974
G1 F900 X-63.062 Y-9.392 E3484.18895
G0 F7200 X-63.345 Y-9.11
G1 F900 X-69.644 Y-15.409 E3484.61654
G0 F7200 X-69.644 Y-14.843
G1 F900 X-63.628 Y-8.827 E3485.02492
G0 F7200 X-63.91 Y-8.544
G1 F900 X-69.644 Y-14.277 E3485.41413
G0 F7200 X-69.644 Y-13.712
G1 F900 X-64.193 Y-8.261 E3485.78415
G0 F7200 X-64.476 Y-7.978
G1 F900 X-69.644 Y-13.146 E3486.13497
G0 F7200 X-69.644 Y-12.58
G1 F900 X-64.759 Y-7.695 E3486.46657
G0 F7200 X-65.042 Y-7.413
G1 F900 X-69.644 Y-12.014 E3486.77893
G0 F7200 X-69.644 Y-11.449
G1 F900 X-65.325 Y-7.13 E3487.07212
G0 F7200 X-65.607 Y-6.847
G1 F900 X-69.644 Y-10.883 E3487.34612
G0 F7200 X-69.644 Y-10.317
G1 F900 X-65.89 Y-6.564 E3487.60092
G0 F7200 X-66.173 Y-6.281
G1 F900 X-69.644 Y-9.752 E3487.83654
G0 F7200 X-69.644 Y-9.186
G1 F900 X-66.456 Y-5.998 E3488.05295
G0 F7200 X-66.739 Y-5.716
G1 F900 X-69.644 Y-8.62 E3488.25011
G0 F7200 X-69.644 Y-8.055
G1 F900 X-67.022 Y-5.433 E3488.4281
G0 F7200 X-67.305 Y-5.15
G1 F900 X-69.644 Y-7.489 E3488.58687
G0 F7200 X-69.644 Y-6.923
G1 F900 X-67.587 Y-4.867 E3488.72647
G0 F7200 X-69.644 Y-4.661
G1 F900 X-63.063 Y1.921 E3489.17324
G0 F7200 X-63.345 Y2.203
G1 F900 X-69.644 Y-4.095 E3489.6008
G0 F7200 X-69.644 Y-3.529
G1 F900 X-63.628 Y2.486 E3490.00914
G0 F7200 X-63.911 Y2.769
G1 F900 X-69.644 Y-2.963 E3490.39828
G0 F7200 X-69.644 Y-2.398
G1 F900 X-64.194 Y3.052 E3490.76824
G0 F7200 X-64.477 Y3.335
G1 F900 X-69.644 Y-1.832 E3491.11898
G0 F7200 X-69.644 Y-1.266
G1 F900 X-64.76 Y3.618 E3491.45052
G0 F7200 X-65.042 Y3.901
G1 F900 X-69.644 Y-.701 E3491.76292
G0 F7200 X-69.644 Y-.135
G1 F900 X-65.325 Y4.184 E3492.0561
G0 F7200 X-65.607 Y4.467
G1 F900 X-69.644 Y0.431 E3492.33011
G0 F7200 X-69.644 Y0.996
G1 F900 X-65.89 Y4.75 E3492.58494
G0 F7200 X-66.173 Y5.032
G1 F900 X-69.644 Y1.562 E3492.82052
G0 F7200 X-69.644 Y2.128
G1 F900 X-66.456 Y5.315 E3493.0369
G0 F7200 X-66.739 Y5.598
G1 F900 X-69.644 Y2.693 E3493.23409
G0 F7200 X-69.644 Y3.259
G1 F900 X-67.022 Y5.881 E3493.41208
G0 F7200 X-67.305 Y6.164
G1 F900 X-69.644 Y3.825 E3493.57086
G0 F7200 X-69.644 Y4.39
G1 F900 X-67.587 Y6.447 E3493.71049
G0 F7200 X-69.644 Y6.653
G1 F900 X-63.062 Y13.235 E3494.15729
G0 F7200 X-63.345 Y13.518
G1 F900 X-69.644 Y7.219 E3494.58488
G0 F7200 X-69.644 Y7.785
G1 F900 X-63.628 Y13.801 E3494.99326
G0 F7200 X-63.91 Y14.083
G1 F900 X-69.644 Y8.35 E3495.38247
G0 F7200 X-69.644 Y8.916
G1 F900 X-64.193 Y14.366 E3495.75246
G0 F7200 X-64.476 Y14.649
G1 F900 X-69.644 Y9.482 E3496.10324
G0 F7200 X-69.644 Y10.047
G1 F900 X-64.759 Y14.932 E3496.43484
G0 F7200 X-65.042 Y15.215
G1 F900 X-69.644 Y10.613 E3496.74724
G0 F7200 X-69.644 Y11.179
G1 F900 X-65.325 Y15.498 E3497.04042
G0 F7200 X-65.607 Y15.781
G1 F900 X-69.644 Y11.744 E3497.31446
G0 F7200 X-69.644 Y12.31
G1 F900 X-65.89 Y16.063 E3497.56926
G0 F7200 X-66.173 Y16.346
G1 F900 X-69.644 Y12.876 E3497.80484
G0 F7200 X-69.644 Y13.441
G1 F900 X-66.456 Y16.629 E3498.02125
G0 F7200 X-66.739 Y16.912
G1 F900 X-69.644 Y14.007 E3498.21845
G0 F7200 X-69.644 Y14.573
G1 F900 X-67.022 Y17.195 E3498.39644
G0 F7200 X-67.305 Y17.478
G1 F900 X-69.644 Y15.138 E3498.55525
G0 F7200 X-69.644 Y15.704
G1 F900 X-67.587 Y17.76 E3498.69485
G0 F7200 X-62.779 Y12.952
G1 F900 X-69.644 Y6.087 E3499.16086
G0 F7200 X-69.644 Y5.522
G1 F900 X-62.496 Y12.669 E3499.64605
G0 F7200 X-62.213 Y12.386
G1 F900 X-69.644 Y4.956 E3500.15045
G0 F7200 X-62.78 Y1.638
G1 F900 X-69.644 Y-5.226 E3500.61639
G0 F7200 X-69.644 Y-5.792
G1 F900 X-62.497 Y1.355 E3501.10154
G0 F7200 X-62.214 Y1.072
G1 F900 X-69.644 Y-6.358 E3501.60591
G0 F7200 X-62.779 Y-9.675
G1 F900 X-69.644 Y-16.54 E3502.07192
G0 F7200 X-69.644 Y-17.106
G1 F900 X-62.496 Y-9.958 E3502.55714
G0 F7200 X-62.213 Y-10.241
G1 F900 X-69.644 Y-17.671 E3503.06154
G0 F7200 X-62.779 Y-20.989
G1 F900 X-69.644 Y-27.854 E3503.52755
G0 F7200 X-69.644 Y-28.419
G1 F900 X-62.496 Y-21.272 E3504.01274
G0 F7200 X-62.213 Y-21.555
G1 F900 X-69.644 Y-28.985 E3504.51714
G0 F7200 X-19.866 Y-32.948
G1 F900 X-5.564 Y-18.646 E3505.48799
G0 F7200 X-5.564 Y-19.211
G1 F900 X-19.3 Y-32.948 E3506.42046
G0 F7200 X-18.735 Y-32.948
G1 F900 X-5.564 Y-19.777 E3507.31454
G0 F7200 X-5.564 Y-20.343
G1 F900 X-18.169 Y-32.948 E3508.17019
G0 F7200 X-17.603 Y-32.948
G1 F900 X-5.564 Y-20.908 E3508.98746
G0 F7200 X-5.564 Y-21.474
G1 F900 X-17.038 Y-32.948 E3509.76634
G0 F7200 X-16.472 Y-32.948
G1 F900 X-5.564 Y-22.04 E3510.5068
G0 F7200 X-5.564 Y-22.605
G1 F900 X-15.906 Y-32.948 E3511.20887
G0 F7200 X-15.341 Y-32.948
G1 F900 X-5.564 Y-23.171 E3511.87256
G0 F7200 X-5.564 Y-23.737
G1 F900 X-14.775 Y-32.948 E3512.49782
G0 F7200 X-14.209 Y-32.948
G1 F900 X-5.564 Y-24.303 E3513.08466
G0 F7200 X-5.564 Y-24.868
G1 F900 X-13.644 Y-32.948 E3513.63315
G0 F7200 X-13.078 Y-32.948
G1 F900 X-5.564 Y-25.434 E3514.14322
G0 F7200 X-5.564 Y-26
G1 F900 X-12.512 Y-32.948 E3514.61486
G0 F7200 X-11.947 Y-32.948
G1 F900 X-5.564 Y-26.565 E3515.04816
G0 F7200 X-5.564 Y-27.131
G1 F900 X-11.381 Y-32.948 E3515.44303
G0 F7200 X-10.815 Y-32.948
G1 F900 X-5.564 Y-27.697 E3515.79948
G0 F7200 X-5.564 Y-28.262
G1 F900 X-10.25 Y-32.948 E3516.11757
G0 F7200 X-9.684 Y-32.948
G1 F900 X-5.564 Y-28.828 E3516.39725
G0 F7200 X-5.564 Y-29.394
G1 F900 X-9.118 Y-32.948 E3516.6385
G0 F7200 X-8.552 Y-32.948
G1 F900 X-5.564 Y-29.959 E3516.84137
G0 F7200 X-5.564 Y-30.525
G1 F900 X-7.987 Y-32.948 E3517.00585
G0 F7200 X-7.421 Y-32.948
G1 F900 X-5.564 Y-31.091 E3517.1319
G0 F7200 X-5.564 Y-31.656
G1 F900 X-6.855 Y-32.948 E3517.21957
G0 F7200 X-6.29 Y-32.948
G1 F900 X-5.564 Y-32.222 E3517.26886
G0 F7200 X-5.564 Y-32.788
G1 F900 X-5.724 Y-32.948 E3517.27972
G0 F7200 X-5.487 Y31.212
G0 X-5.204 Y31.492
;TYPE:WALL-INNER
G1 F3600 X-5.204 Y-33.308 E3522.46372
G1 X-70.004 Y-33.308 E3527.64772
G1 X-70.004 Y31.492 E3532.83172
G1 X-5.204 Y31.492 E3538.01572
G0 F7200 X-4.804 Y31.892
;TYPE:WALL-OUTER
G1 F1800 X-4.804 Y-33.708 E3543.26372
G1 X-70.404 Y-33.708 E3548.51172
G1 X-70.404 Y31.892 E3553.75972
G1 X-4.804 Y31.892 E3559.00772
G0 F7200 X-4.804 Y31.692
G0 X-5.817 Y31
G10
;MESH:base carc vincha prueba 1.stl
G0 X-5.037 Y29.726
G0 X-3.942 Y29.726
G0 X6.727 Y29.726
G0 X7.822 Y29.726
G0 X8.154 Y29.843
;TYPE:FILL
G11
G1 F3600 X8.857 Y29.14 E3559.08725
G1 X8.927 Y29.07
G0 F7200 X8.483 Y29.069
G0 X15.58 Y29.515
G0 X15.581 Y29.364
G1 F3600 X16.06 Y29.843 E3559.14145
G0 F7200 X16.06 Y29.696
G0 X19.467 Y29.696
G0 X19.467 Y29.843
G1 F3600 X19.947 Y29.363 E3559.19575
G0 F7200 X19.946 Y29.515
G0 X26.894 Y29.515
G0 X26.895 Y29.364
G1 F3600 X27.374 Y29.843 E3559.24994
G0 F7200 X27.374 Y29.696
G0 X30.781 Y29.696
G0 X30.781 Y29.843
G1 F3600 X31.261 Y29.363 E3559.30425
G0 F7200 X31.26 Y29.515
G0 X38.208 Y29.515
G0 X38.209 Y29.364
G1 F3600 X38.687 Y29.843 E3559.35839
G0 F7200 X38.687 Y29.696
G0 X42.095 Y29.696
G0 X42.095 Y29.843
G1 F3600 X42.575 Y29.363 E3559.41269
G0 F7200 X42.574 Y29.515
G0 X49.521 Y29.515
G0 X49.522 Y29.364
G1 F3600 X50.001 Y29.843 E3559.46688
G0 F7200 X50.001 Y29.696
G0 X53.408 Y29.696
G0 X53.408 Y29.843
G1 F3600 X53.889 Y29.363 E3559.52125
G0 F7200 X53.888 Y29.515
G0 X60.835 Y29.515
G0 X60.836 Y29.364
G1 F3600 X61.315 Y29.843 E3559.57544
G0 F7200 X61.315 Y29.696
G0 X64.722 Y29.696
G0 X64.722 Y29.843
G1 F3600 X65.202 Y29.363 E3559.62975
G0 F7200 X65.201 Y29.515
G0 X71.924 Y29.515
G0 X71.925 Y29.14
G1 F3600 X72.628 Y29.843 E3559.70928
G1 X72.698 Y29.913
G0 F7200 X72.512 Y29.726
G0 X72.301 Y22.418
G0 X72.148 Y22.417
G1 F3600 X72.632 Y21.934 E3559.76398
G0 F7200 X72.482 Y21.934
G0 X72.482 Y18.533
G0 X72.632 Y18.533
G1 F3600 X72.148 Y18.049 E3559.81874
G0 F7200 X72.301 Y18.05
G0 X72.301 Y11.104
G0 X72.149 Y11.103
G1 F3600 X72.632 Y10.62 E3559.87339
G0 F7200 X72.482 Y10.62
G0 X72.482 Y7.219
G0 X72.632 Y7.219
G1 F3600 X72.149 Y6.736 E3559.92803
G0 F7200 X72.301 Y6.737
G0 X72.301 Y-.21
G0 X72.15 Y-.211
G1 F3600 X72.632 Y-.694 E3559.98262
G0 F7200 X72.482 Y-.694
G0 X72.482 Y-4.095
G0 X72.632 Y-4.095
G1 F3600 X72.15 Y-4.577 E3560.03715
G0 F7200 X72.301 Y-4.576
G0 X72.301 Y-11.525
G0 X72.15 Y-11.526
G1 F3600 X72.632 Y-12.007 E3560.09163
G0 F7200 X72.482 Y-12.007
G0 X72.482 Y-15.409
G0 X72.632 Y-15.409
G1 F3600 X72.15 Y-15.89 E3560.1461
G0 F7200 X72.301 Y-15.889
G0 X72.301 Y-22.839
G0 X72.151 Y-22.84
G1 F3600 X72.632 Y-23.321 E3560.20052
G0 F7200 X72.482 Y-23.321
G0 X72.482 Y-26.722
G0 X72.632 Y-26.722
G1 F3600 X72.151 Y-27.203 E3560.25494
G0 F7200 X72.301 Y-27.202
G0 X72.23 Y-34.232
G0 X71.925 Y-33.928
G1 F3600 X72.629 Y-34.632 E3560.33459
G1 X72.699 Y-34.702
G0 F7200 X72.512 Y-34.514
G0 X65.202 Y-34.304
G0 X65.202 Y-34.152
G1 F3600 X64.723 Y-34.631 E3560.38878
G0 F7200 X64.723 Y-34.484
G0 X61.315 Y-34.484
G0 X61.315 Y-34.632
G1 F3600 X60.835 Y-34.152 E3560.44309
G0 F7200 X60.835 Y-34.304
G0 X53.889 Y-34.304
G0 X53.889 Y-34.152
G1 F3600 X53.409 Y-34.631 E3560.49734
G0 F7200 X53.409 Y-34.484
G0 X50.002 Y-34.484
G0 X50.002 Y-34.632
G1 F3600 X49.522 Y-34.152 E3560.55164
G0 F7200 X49.522 Y-34.304
G0 X42.575 Y-34.304
G0 X42.575 Y-34.152
G1 F3600 X42.095 Y-34.631 E3560.60589
G0 F7200 X42.095 Y-34.484
G0 X38.688 Y-34.484
G0 X38.688 Y-34.632
G1 F3600 X38.208 Y-34.152 E3560.6602
G0 F7200 X38.208 Y-34.304
G0 X31.261 Y-34.304
G0 X31.261 Y-34.152
G1 F3600 X30.782 Y-34.631 E3560.71439
G0 F7200 X30.782 Y-34.484
G0 X27.374 Y-34.484
G0 X27.374 Y-34.632
G1 F3600 X26.894 Y-34.152 E3560.7687
G0 F7200 X26.894 Y-34.304
G0 X19.947 Y-34.304
G0 X19.947 Y-34.152
G1 F3600 X19.468 Y-34.631 E3560.82289
G0 F7200 X19.468 Y-34.484
G0 X16.061 Y-34.484
G0 X16.061 Y-34.632
G1 F3600 X15.58 Y-34.152 E3560.87725
G0 F7200 X15.58 Y-34.304
G0 X8.555 Y-34.232
G0 X8.857 Y-33.929
G1 F3600 X8.154 Y-34.631 E3560.95673
G1 X8.084 Y-34.701
G0 F7200 X8.272 Y-34.514
G0 X8.483 Y-27.205
G0 X8.632 Y-27.204
G1 F3600 X8.153 Y-26.724 E3561.01098
G0 F7200 X8.302 Y-26.724
G0 X8.302 Y-23.319
G0 X8.153 Y-23.319
G1 F3600 X8.632 Y-22.84 E3561.06517
G0 F7200 X8.483 Y-22.841
G0 X8.483 Y-15.891
G0 X8.632 Y-15.89
G1 F3600 X8.153 Y-15.411 E3561.11937
G0 F7200 X8.302 Y-15.411
G0 X8.302 Y-12.005
G0 X8.153 Y-12.005
G1 F3600 X8.632 Y-11.526 E3561.17356
G0 F7200 X8.483 Y-11.527
G0 X8.483 Y-4.577
G0 X8.632 Y-4.576
G1 F3600 X8.153 Y-4.097 E3561.22775
G0 F7200 X8.302 Y-4.097
G0 X8.302 Y-.692
G0 X8.153 Y-.692
G1 F3600 X8.632 Y-.212 E3561.282
G0 F7200 X8.483 Y-.213
G0 X8.483 Y6.736
G0 X8.632 Y6.737
G1 F3600 X8.153 Y7.217 E3561.33625
G0 F7200 X8.302 Y7.217
G0 X8.302 Y10.622
G0 X8.153 Y10.622
G1 F3600 X8.632 Y11.102 E3561.3905
G0 F7200 X8.483 Y11.101
G0 X8.483 Y18.05
G0 X8.632 Y18.051
G1 F3600 X8.153 Y18.53 E3561.44469
G0 F7200 X8.302 Y18.53
G0 X8.302 Y21.936
G0 X8.153 Y21.936
G1 F3600 X8.632 Y22.415 E3561.49888
G0 F7200 X8.483 Y22.414
G0 X8.554 Y29.443
G0 X72.229 Y29.444
G0 X71.814 Y29.028
;TYPE:WALL-INNER
G1 F3600 X71.477 Y29.204 E3561.5293
G1 X9.392 Y29.204 E3566.4961
G1 X8.967 Y29.029 E3566.53287
G1 X8.792 Y28.693 E3566.56318
G1 X8.792 Y-33.392 E3571.52998
G1 X8.967 Y-33.817 E3571.56675
G1 X9.303 Y-33.992 E3571.59705
G1 X71.392 Y-33.992 E3576.56417
G1 X71.816 Y-33.816 E3576.6009
G1 X71.992 Y-33.392 E3576.63763
G1 X71.988 Y28.693 E3581.60443
G1 X71.814 Y29.028 E3581.63462
G0 F7200 X72.301 Y29.029
G0 X72.792 Y30.004
G1 F3600 X72.792 Y-34.792 E3586.8183
G1 X7.993 Y-34.791 E3592.00222
G1 X7.993 Y30.003 E3597.18574
G1 X72.792 Y30.004 E3602.36966
G0 F7200 X73.192 Y30.404
;TYPE:WALL-OUTER
G1 F1800 X73.192 Y-35.192 E3607.61734
G1 X7.593 Y-35.191 E3612.86526
G1 X7.593 Y30.403 E3618.11278
G1 X73.192 Y30.404 E3623.3607
G0 F7200 X73.192 Y30.204
G0 X72.512 Y29.726
G0 X72.301 Y28.64
G0 X71.586 Y28.639
G1 F1800 X71.53 Y28.746 E3623.37037
G1 X71.423 Y28.802 E3623.38003
G1 X9.392 Y28.804 E3628.34251
G1 X9.25 Y28.746 E3628.35478
G1 X9.194 Y28.639 E3628.36444
G1 X9.192 Y-33.392 E3633.32692
G1 X9.25 Y-33.534 E3633.33919
G1 X9.357 Y-33.59 E3633.34885
G1 X71.392 Y-33.592 E3638.31165
G1 X71.534 Y-33.534 E3638.32392
G1 X71.592 Y-33.392 E3638.3362
G1 X71.586 Y28.639 E3643.29868
G0 F7200 X71.53 Y28.746
G0 X71.461 Y28.782
G10
;MESH:NONMESH
G0 F600 Z2.3
G0 F7200 X72.301 Y28.783
G0 X8.954 Y29.043
G0 X7.822 Y2.994
G0 X6.727 Y2.994
G0 X-3.942 Y2.994
G0 X-5.037 Y2.994
G0 X-7.567 Y2.994
;TIME_ELAPSED:5207.789746
;LAYER:10
;TYPE:FILL
;MESH:tapacarcvincha prueba 1.stl
G11
G1 F3600 X-33.705 Y29.131 E3646.2558
G1 X-33.775 Y29.201
G0 F7200 X-30.196 Y29.131
G1 F3600 X-67.647 Y-8.321 E3650.49295
G1 X-67.717 Y-8.391
G0 F7200 X-67.647 Y-4.809
G1 F3600 X-41.509 Y-30.947 E3653.45013
G1 X-41.439 Y-31.017
G0 F7200 X-45.018 Y-30.947
G1 F3600 X-7.567 Y6.505 E3657.68728
G1 X-7.497 Y6.575
G0 F7200 X-7.567 Y14.308
G1 F3600 X-22.391 Y29.131 E3659.36437
G1 X-22.461 Y29.201
G0 F7200 X-18.882 Y29.131
G1 F3600 X-67.647 Y-19.634 E3664.8815
G1 X-67.717 Y-19.704
G0 F7200 X-67.647 Y-16.123
G1 F3600 X-52.822 Y-30.947 E3666.5587
G1 X-52.752 Y-31.017
G0 F7200 X-56.332 Y-30.947
G1 F3600 X-7.567 Y17.818 E3672.07583
G1 X-7.497 Y17.888
G0 F7200 X-7.567 Y25.621
G1 F3600 X-11.078 Y29.131 E3672.473
G1 X-11.148 Y29.201
G0 F7200 X-7.568 Y29.131
G1 F3600 X-67.645 Y-30.947 E3679.26999
G1 X-67.715 Y-31.017
G0 F7200 X-64.136 Y-30.947
G1 F3600 X-67.647 Y-27.436 E3679.66721
G1 X-67.717 Y-27.366
G0 F7200 X-67.647 Y2.993
G1 F3600 X-41.509 Y29.131 E3682.62439
G1 X-41.439 Y29.201
G0 F7200 X-45.019 Y29.132
G1 F3600 X-7.568 Y-8.319 E3686.86149
G1 X-7.498 Y-8.389
G0 F7200 X-7.567 Y-4.81
G1 F3600 X-33.705 Y-30.947 E3689.81861
G1 X-33.775 Y-31.017
G0 F7200 X-30.194 Y-30.948
G1 F3600 X-67.647 Y6.505 E3694.05593
G1 X-67.717 Y6.575
G0 F7200 X-67.647 Y14.307
G1 F3600 X-52.822 Y29.131 E3695.73313
G1 X-52.752 Y29.201
G0 F7200 X-56.333 Y29.132
G1 F3600 X-7.568 Y-19.633 E3701.25026
G1 X-7.498 Y-19.703
G0 F7200 X-7.567 Y-16.123
G1 F3600 X-22.391 Y-30.947 E3702.92741
G1 X-22.461 Y-31.017
G0 F7200 X-18.88 Y-30.948
G1 F3600 X-67.647 Y17.818 E3708.44471
G1 X-67.717 Y17.888
G0 F7200 X-67.647 Y25.621
G1 F3600 X-64.136 Y29.131 E3708.84187
G1 X-64.066 Y29.201
G0 F7200 X-67.647 Y29.132
G1 F3600 X-7.568 Y-30.947 E3715.63904
G1 X-7.498 Y-31.017
G0 F7200 X-11.078 Y-30.947
G1 F3600 X-7.567 Y-27.437 E3716.0362
G1 X-7.497 Y-27.367
G0 F7200 X-5.487 Y31.212
G0 X-5.204 Y31.492
;TYPE:WALL-INNER
G1 F3600 X-5.204 Y-33.308 E3721.2202
G1 X-70.004 Y-33.308 E3726.4042
G1 X-70.004 Y31.492 E3731.5882
G1 X-5.204 Y31.492 E3736.7722
G0 F7200 X-4.804 Y31.892
;TYPE:WALL-OUTER
G1 F1800 X-4.804 Y-33.708 E3742.0202
G1 X-70.404 Y-33.708 E3747.2682
G1 X-70.404 Y31.892 E3752.5162
G1 X-4.804 Y31.892 E3757.7642
G0 F7200 X-4.804 Y31.692
G0 X-5.487 Y31.212
G0 X-7.426 Y29.103
;TYPE:SKIN
G1 F1800 X-7.428 Y-30.888 E3762.56348
G1 X-7.486 Y-31.03 E3762.57576
G1 X-7.628 Y-31.088 E3762.58803
G1 X-67.619 Y-31.081 E3767.38731
G1 X-67.726 Y-31.026 E3767.39693
G1 X-67.784 Y-30.884 E3767.4092
G1 X-67.781 Y29.107 E3772.20848
G1 X-67.726 Y29.214 E3772.21811
G1 X-67.584 Y29.272 E3772.23038
G1 X-7.589 Y29.265 E3777.02998
G1 X-7.482 Y29.21 E3777.0396
G1 X-7.426 Y29.103 E3777.04926
G0 F7200 X-5.584 Y31.112
G1 F1800 X-69.624 Y31.112 E3782.17246
G1 X-69.624 Y-32.928 E3787.29566
G1 X-5.584 Y-32.928 E3792.41886
G1 X-5.584 Y31.112 E3797.54206
G0 F7200 X-6.141 Y-32.728
G1 F1800 X-5.784 Y-32.371 E3797.58245
G0 F7200 X-5.784 Y-31.806
G1 F1800 X-6.706 Y-32.728 E3797.68677
G0 F7200 X-7.272 Y-32.728
G1 F1800 X-5.784 Y-31.24 E3797.85511
G0 F7200 X-5.784 Y-30.674
G1 F1800 X-7.838 Y-32.728 E3798.0875
G0 F7200 X-8.403 Y-32.728
G1 F1800 X-5.784 Y-30.109 E3798.3838
G0 F7200 X-5.784 Y-29.543
G1 F1800 X-7.297 Y-31.056 E3798.55498
G0 F7200 X-7.46 Y-31.219
G1 F1800 X-8.969 Y-32.728 E3798.7257
G0 F7200 X-9.535 Y-32.728
G1 F1800 X-8.095 Y-31.288 E3798.88862
G0 F7200 X-8.661 Y-31.288
G1 F1800 X-10.1 Y-32.728 E3799.05148
G0 F7200 X-10.666 Y-32.728
G1 F1800 X-9.226 Y-31.288 E3799.2144
G0 F7200 X-9.792 Y-31.288
G1 F1800 X-11.232 Y-32.728 E3799.37732
G0 F7200 X-11.797 Y-32.728
G1 F1800 X-10.358 Y-31.288 E3799.54018
G0 F7200 X-10.923 Y-31.288
G1 F1800 X-12.363 Y-32.728 E3799.7031
G0 F7200 X-12.929 Y-32.728
G1 F1800 X-11.489 Y-31.288 E3799.86601
G0 F7200 X-12.054 Y-31.287
G1 F1800 X-13.494 Y-32.728 E3800.02899
G0 F7200 X-14.06 Y-32.728
G1 F1800 X-12.62 Y-31.287 E3800.19196
G0 F7200 X-13.185 Y-31.287
G1 F1800 X-14.626 Y-32.728 E3800.35499
G0 F7200 X-15.191 Y-32.728
G1 F1800 X-13.751 Y-31.287 E3800.51797
G0 F7200 X-14.317 Y-31.287
G1 F1800 X-15.757 Y-32.728 E3800.68094
G0 F7200 X-16.323 Y-32.728
G1 F1800 X-14.882 Y-31.287 E3800.84397
G0 F7200 X-15.448 Y-31.287
G1 F1800 X-16.889 Y-32.728 E3801.007
G0 F7200 X-17.454 Y-32.728
G1 F1800 X-16.014 Y-31.287 E3801.16997
G0 F7200 X-16.579 Y-31.287
G1 F1800 X-18.02 Y-32.728 E3801.333
G0 F7200 X-18.586 Y-32.728
G1 F1800 X-17.145 Y-31.287 E3801.49604
G0 F7200 X-17.71 Y-31.287
G1 F1800 X-19.151 Y-32.728 E3801.65907
G0 F7200 X-19.717 Y-32.728
G1 F1800 X-18.276 Y-31.287 E3801.8221
G0 F7200 X-18.842 Y-31.287
G1 F1800 X-20.283 Y-32.728 E3801.98513
G0 F7200 X-20.848 Y-32.728
G1 F1800 X-19.407 Y-31.287 E3802.14816
G0 F7200 X-19.973 Y-31.287
G1 F1800 X-21.414 Y-32.728 E3802.31119
G0 F7200 X-21.98 Y-32.728
G1 F1800 X-20.538 Y-31.286 E3802.47433
G0 F7200 X-21.104 Y-31.286
G1 F1800 X-22.545 Y-32.728 E3802.63742
G0 F7200 X-23.111 Y-32.728
G1 F1800 X-21.669 Y-31.286 E3802.80056
G0 F7200 X-22.235 Y-31.286
G1 F1800 X-23.677 Y-32.728 E3802.96371
G0 F7200 X-24.242 Y-32.728
G1 F1800 X-22.801 Y-31.286 E3803.12679
G0 F7200 X-23.366 Y-31.286
G1 F1800 X-24.808 Y-32.728 E3803.28994
G0 F7200 X-25.374 Y-32.728
G1 F1800 X-23.932 Y-31.286 E3803.45308
G0 F7200 X-24.498 Y-31.286
G1 F1800 X-25.94 Y-32.728 E3803.61622
G0 F7200 X-26.505 Y-32.728
G1 F1800 X-25.063 Y-31.285 E3803.77942
G0 F7200 X-25.628 Y-31.285
G1 F1800 X-27.071 Y-32.728 E3803.94268
G0 F7200 X-27.637 Y-32.728
G1 F1800 X-26.194 Y-31.285 E3804.10594
G0 F7200 X-26.76 Y-31.285
G1 F1800 X-28.202 Y-32.728 E3804.26914
G0 F7200 X-28.768 Y-32.728
G1 F1800 X-27.325 Y-31.285 E3804.4324
G0 F7200 X-27.891 Y-31.285
G1 F1800 X-29.334 Y-32.728 E3804.59565
G0 F7200 X-29.899 Y-32.728
G1 F1800 X-28.457 Y-31.285 E3804.75885
G0 F7200 X-29.022 Y-31.285
G1 F1800 X-30.465 Y-32.728 E3804.92211
G0 F7200 X-31.031 Y-32.728
G1 F1800 X-29.587 Y-31.285 E3805.08542
G0 F7200 X-30.153 Y-31.285
G1 F1800 X-31.596 Y-32.728 E3805.24868
G0 F7200 X-32.162 Y-32.728
G1 F1800 X-30.719 Y-31.285 E3805.41194
G0 F7200 X-31.285 Y-31.285
G1 F1800 X-32.728 Y-32.728 E3805.57519
G0 F7200 X-33.293 Y-32.728
G1 F1800 X-31.85 Y-31.285 E3805.73845
G0 F7200 X-32.416 Y-31.285
G1 F1800 X-33.859 Y-32.728 E3805.90171
G0 F7200 X-34.425 Y-32.728
G1 F1800 X-32.982 Y-31.285 E3806.06496
G0 F7200 X-33.547 Y-31.284
G1 F1800 X-34.99 Y-32.728 E3806.22828
G0 F7200 X-35.556 Y-32.728
G1 F1800 X-34.112 Y-31.284 E3806.39165
G0 F7200 X-34.678 Y-31.284
G1 F1800 X-36.122 Y-32.728 E3806.55502
G0 F7200 X-36.688 Y-32.728
G1 F1800 X-35.244 Y-31.284 E3806.71839
G0 F7200 X-35.809 Y-31.284
G1 F1800 X-37.253 Y-32.728 E3806.88176
G0 F7200 X-37.819 Y-32.728
G1 F1800 X-36.375 Y-31.284 E3807.04513
G0 F7200 X-36.941 Y-31.284
G1 F1800 X-38.385 Y-32.728 E3807.2085
G0 F7200 X-38.95 Y-32.728
G1 F1800 X-37.506 Y-31.284 E3807.37187
G0 F7200 X-38.071 Y-31.283
G1 F1800 X-39.516 Y-32.728 E3807.53535
G0 F7200 X-40.082 Y-32.728
G1 F1800 X-38.637 Y-31.283 E3807.69883
G0 F7200 X-39.203 Y-31.283
G1 F1800 X-40.647 Y-32.728 E3807.86226
G0 F7200 X-41.213 Y-32.728
G1 F1800 X-39.768 Y-31.283 E3808.02574
G0 F7200 X-40.334 Y-31.283
G1 F1800 X-41.779 Y-32.728 E3808.18923
G0 F7200 X-42.344 Y-32.728
G1 F1800 X-40.9 Y-31.283 E3808.35265
G0 F7200 X-41.465 Y-31.283
G1 F1800 X-42.91 Y-32.728 E3808.51613
G0 F7200 X-43.476 Y-32.728
G1 F1800 X-42.03 Y-31.282 E3808.67973
G0 F7200 X-42.596 Y-31.282
G1 F1800 X-44.041 Y-32.728 E3808.84327
G0 F7200 X-44.607 Y-32.728
G1 F1800 X-43.162 Y-31.282 E3809.00681
G0 F7200 X-43.727 Y-31.282
G1 F1800 X-45.173 Y-32.728 E3809.17041
G0 F7200 X-45.738 Y-32.728
G1 F1800 X-44.293 Y-31.282 E3809.33395
G0 F7200 X-44.859 Y-31.282
G1 F1800 X-46.304 Y-32.728 E3809.49749
G0 F7200 X-46.87 Y-32.728
G1 F1800 X-45.425 Y-31.282 E3809.66103
G0 F7200 X-45.99 Y-31.282
G1 F1800 X-47.436 Y-32.728 E3809.82462
G0 F7200 X-48.001 Y-32.728
G1 F1800 X-46.555 Y-31.282 E3809.98822
G0 F7200 X-47.121 Y-31.282
G1 F1800 X-48.567 Y-32.728 E3810.15181
G0 F7200 X-49.133 Y-32.728
G1 F1800 X-47.687 Y-31.282 E3810.31541
G0 F7200 X-48.252 Y-31.282
G1 F1800 X-49.698 Y-32.728 E3810.47901
G0 F7200 X-50.264 Y-32.728
G1 F1800 X-48.818 Y-31.282 E3810.6426
G0 F7200 X-49.384 Y-31.282
G1 F1800 X-50.83 Y-32.728 E3810.8062
G0 F7200 X-51.395 Y-32.728
G1 F1800 X-49.949 Y-31.282 E3810.9698
G0 F7200 X-50.514 Y-31.281
G1 F1800 X-51.961 Y-32.728 E3811.1335
G0 F7200 X-52.527 Y-32.728
G1 F1800 X-51.08 Y-31.281 E3811.29721
G0 F7200 X-51.646 Y-31.281
G1 F1800 X-53.092 Y-32.728 E3811.46087
G0 F7200 X-53.658 Y-32.728
G1 F1800 X-52.211 Y-31.281 E3811.62458
G0 F7200 X-52.777 Y-31.281
G1 F1800 X-54.224 Y-32.728 E3811.78829
G0 F7200 X-54.789 Y-32.728
G1 F1800 X-53.343 Y-31.281 E3811.95194
G0 F7200 X-53.908 Y-31.281
G1 F1800 X-55.355 Y-32.728 E3812.11565
G0 F7200 X-55.921 Y-32.728
G1 F1800 X-54.474 Y-31.281 E3812.27936
G0 F7200 X-55.039 Y-31.28
G1 F1800 X-56.487 Y-32.728 E3812.44318
G0 F7200 X-57.052 Y-32.728
G1 F1800 X-55.605 Y-31.28 E3812.60695
G0 F7200 X-56.17 Y-31.28
G1 F1800 X-57.618 Y-32.728 E3812.77077
G0 F7200 X-58.184 Y-32.728
G1 F1800 X-56.736 Y-31.28 E3812.93459
G0 F7200 X-57.302 Y-31.28
G1 F1800 X-58.749 Y-32.728 E3813.09836
G0 F7200 X-59.315 Y-32.728
G1 F1800 X-57.867 Y-31.28 E3813.26218
G0 F7200 X-58.433 Y-31.28
G1 F1800 X-59.881 Y-32.728 E3813.426
G0 F7200 X-60.446 Y-32.728
G1 F1800 X-58.999 Y-31.28 E3813.58977
G0 F7200 X-59.564 Y-31.28
G1 F1800 X-61.012 Y-32.728 E3813.75359
G0 F7200 X-61.578 Y-32.728
G1 F1800 X-60.13 Y-31.28 E3813.91741
G0 F7200 X-60.695 Y-31.28
G1 F1800 X-62.143 Y-32.728 E3814.08124
G0 F7200 X-62.709 Y-32.728
G1 F1800 X-61.261 Y-31.28 E3814.24506
G0 F7200 X-61.827 Y-31.28
G1 F1800 X-63.275 Y-32.728 E3814.40888
G0 F7200 X-63.84 Y-32.728
G1 F1800 X-62.392 Y-31.28 E3814.5727
G0 F7200 X-62.958 Y-31.28
G1 F1800 X-64.406 Y-32.728 E3814.73653
G0 F7200 X-64.972 Y-32.728
G1 F1800 X-63.523 Y-31.279 E3814.90046
G0 F7200 X-64.089 Y-31.279
G1 F1800 X-65.537 Y-32.728 E3815.06434
G0 F7200 X-66.103 Y-32.728
G1 F1800 X-64.654 Y-31.279 E3815.22828
G0 F7200 X-65.22 Y-31.279
G1 F1800 X-66.669 Y-32.728 E3815.39221
G0 F7200 X-67.235 Y-32.728
G1 F1800 X-65.786 Y-31.279 E3815.55615
G0 F7200 X-66.351 Y-31.279
G1 F1800 X-67.8 Y-32.728 E3815.72008
G0 F7200 X-68.366 Y-32.728
G1 F1800 X-66.917 Y-31.279 E3815.88402
G0 F7200 X-67.483 Y-31.279
G1 F1800 X-68.932 Y-32.728 E3816.04795
G0 F7200 X-69.424 Y-32.654
G1 F1800 X-67.887 Y-31.118 E3816.22179
G0 F7200 X-67.983 Y-30.648
G1 F1800 X-69.424 Y-32.089 E3816.38482
G0 F7200 X-69.424 Y-31.523
G1 F1800 X-67.983 Y-30.082 E3816.54785
G0 F7200 X-67.983 Y-29.517
G1 F1800 X-69.424 Y-30.957 E3816.71082
G0 F7200 X-69.424 Y-30.391
G1 F1800 X-67.983 Y-28.951 E3816.8738
G0 F7200 X-67.983 Y-28.385
G1 F1800 X-69.424 Y-29.826 E3817.03683
G0 F7200 X-69.424 Y-29.26
G1 F1800 X-67.983 Y-27.82 E3817.1998
G0 F7200 X-67.983 Y-27.254
G1 F1800 X-69.424 Y-28.694 E3817.36278
G0 F7200 X-69.424 Y-28.129
G1 F1800 X-67.983 Y-26.688 E3817.52581
G0 F7200 X-67.983 Y-26.123
G1 F1800 X-69.424 Y-27.563 E3817.68878
G0 F7200 X-69.424 Y-26.997
G1 F1800 X-67.983 Y-25.557 E3817.85175
G0 F7200 X-67.983 Y-24.991
G1 F1800 X-69.424 Y-26.432 E3818.01479
G0 F7200 X-69.424 Y-25.866
G1 F1800 X-67.983 Y-24.426 E3818.17776
G0 F7200 X-67.983 Y-23.859
G1 F1800 X-69.424 Y-25.3 E3818.34079
G0 F7200 X-69.424 Y-24.735
G1 F1800 X-67.983 Y-23.294 E3818.50382
G0 F7200 X-67.983 Y-22.728
G1 F1800 X-69.424 Y-24.169 E3818.66685
G0 F7200 X-69.424 Y-23.603
G1 F1800 X-67.983 Y-22.162 E3818.82988
G0 F7200 X-67.983 Y-21.596
G1 F1800 X-69.424 Y-23.038 E3818.99297
G0 F7200 X-69.424 Y-22.472
G1 F1800 X-67.983 Y-21.031 E3819.156
G0 F7200 X-67.983 Y-20.465
G1 F1800 X-69.424 Y-21.906 E3819.31903
G0 F7200 X-69.424 Y-21.34
G1 F1800 X-67.983 Y-19.899 E3819.48206
G0 F7200 X-67.983 Y-19.334
G1 F1800 X-69.424 Y-20.775 E3819.64509
G0 F7200 X-69.424 Y-20.209
G1 F1800 X-67.983 Y-18.768 E3819.80812
G0 F7200 X-67.983 Y-18.202
G1 F1800 X-69.424 Y-19.643 E3819.97115
G0 F7200 X-69.424 Y-19.078
G1 F1800 X-67.983 Y-17.637 E3820.13418
G0 F7200 X-67.982 Y-17.07
G1 F1800 X-69.424 Y-18.512 E3820.29733
G0 F7200 X-69.424 Y-17.946
G1 F1800 X-67.982 Y-16.505 E3820.46041
G0 F7200 X-67.982 Y-15.939
G1 F1800 X-69.424 Y-17.381 E3820.62356
G0 F7200 X-69.424 Y-16.815
G1 F1800 X-67.982 Y-15.373 E3820.7867
G0 F7200 X-67.982 Y-14.808
G1 F1800 X-69.424 Y-16.249 E3820.94979
G0 F7200 X-69.424 Y-15.684
G1 F1800 X-67.982 Y-14.242 E3821.11293
G0 F7200 X-67.982 Y-13.676
G1 F1800 X-69.424 Y-15.118 E3821.27607
G0 F7200 X-69.424 Y-14.552
G1 F1800 X-67.982 Y-13.11 E3821.43922
G0 F7200 X-67.982 Y-12.545
G1 F1800 X-69.424 Y-13.987 E3821.60236
G0 F7200 X-69.424 Y-13.421
G1 F1800 X-67.982 Y-11.979 E3821.76551
G0 F7200 X-67.982 Y-11.413
G1 F1800 X-69.424 Y-12.855 E3821.92865
G0 F7200 X-69.424 Y-12.29
G1 F1800 X-67.981 Y-10.847 E3822.09191
G0 F7200 X-67.981 Y-10.281
G1 F1800 X-69.424 Y-11.724 E3822.25516
G0 F7200 X-69.424 Y-11.158
G1 F1800 X-67.981 Y-9.716 E3822.41836
G0 F7200 X-67.981 Y-9.15
G1 F1800 X-69.424 Y-10.592 E3822.58156
G0 F7200 X-69.424 Y-10.027
G1 F1800 X-67.981 Y-8.584 E3822.74482
G0 F7200 X-67.981 Y-8.019
G1 F1800 X-69.424 Y-9.461 E3822.90802
G0 F7200 X-69.424 Y-8.895
G1 F1800 X-67.981 Y-7.453 E3823.07122
G0 F7200 X-67.981 Y-6.887
G1 F1800 X-69.424 Y-8.33 E3823.23448
G0 F7200 X-69.424 Y-7.764
G1 F1800 X-67.981 Y-6.322 E3823.39768
G0 F7200 X-67.981 Y-5.756
G1 F1800 X-69.424 Y-7.198 E3823.56088
G0 F7200 X-69.424 Y-6.633
G1 F1800 X-67.981 Y-5.19 E3823.72414
G0 F7200 X-67.981 Y-4.624
G1 F1800 X-69.424 Y-6.067 E3823.88739
G0 F7200 X-69.424 Y-5.501
G1 F1800 X-67.981 Y-4.058 E3824.05065
G0 F7200 X-67.981 Y-3.492
G1 F1800 X-69.424 Y-4.936 E3824.21396
G0 F7200 X-69.424 Y-4.37
G1 F1800 X-67.981 Y-2.927 E3824.37722
G0 F7200 X-67.981 Y-2.361
G1 F1800 X-69.424 Y-3.804 E3824.54048
G0 F7200 X-69.424 Y-3.239
G1 F1800 X-67.981 Y-1.795 E3824.70379
G0 F7200 X-67.981 Y-1.23
G1 F1800 X-69.424 Y-2.673 E3824.86705
G0 F7200 X-69.424 Y-2.107
G1 F1800 X-67.981 Y-.664 E3825.0303
G0 F7200 X-67.981 Y-0.098
G1 F1800 X-69.424 Y-1.541 E3825.19356
G0 F7200 X-69.424 Y-.976
G1 F1800 X-67.981 Y0.467 E3825.35682
G0 F7200 X-67.981 Y1.033
G1 F1800 X-69.424 Y-.41 E3825.52007
G0 F7200 X-69.424 Y0.156
G1 F1800 X-67.981 Y1.599 E3825.68333
G0 F7200 X-67.981 Y2.164
G1 F1800 X-69.424 Y0.721 E3825.84659
G0 F7200 X-69.424 Y1.287
G1 F1800 X-67.98 Y2.731 E3826.00996
G0 F7200 X-67.98 Y3.297
G1 F1800 X-69.424 Y1.853 E3826.17333
G0 F7200 X-69.424 Y2.418
G1 F1800 X-67.98 Y3.862 E3826.3367
G0 F7200 X-67.98 Y4.428
G1 F1800 X-69.424 Y2.984 E3826.50007
G0 F7200 X-69.424 Y3.55
G1 F1800 X-67.98 Y4.994 E3826.66344
G0 F7200 X-67.98 Y5.559
G1 F1800 X-69.424 Y4.115 E3826.82681
G0 F7200 X-69.424 Y4.681
G1 F1800 X-67.98 Y6.125 E3826.99018
G0 F7200 X-67.98 Y6.691
G1 F1800 X-69.424 Y5.247 E3827.15355
G0 F7200 X-69.424 Y5.812
G1 F1800 X-67.98 Y7.256 E3827.31692
G0 F7200 X-67.98 Y7.822
G1 F1800 X-69.424 Y6.378 E3827.48029
G0 F7200 X-69.424 Y6.944
G1 F1800 X-67.98 Y8.388 E3827.64366
G0 F7200 X-67.98 Y8.953
G1 F1800 X-69.424 Y7.509 E3827.80703
G0 F7200 X-69.424 Y8.075
G1 F1800 X-67.979 Y9.52 E3827.97051
G0 F7200 X-67.979 Y10.085
G1 F1800 X-69.424 Y8.641 E3828.13394
G0 F7200 X-69.424 Y9.207
G1 F1800 X-67.979 Y10.651 E3828.29736
G0 F7200 X-67.979 Y11.217
G1 F1800 X-69.424 Y9.772 E3828.46085
G0 F7200 X-69.424 Y10.338
G1 F1800 X-67.979 Y11.783 E3828.62433
G0 F7200 X-67.979 Y12.348
G1 F1800 X-69.424 Y10.904 E3828.78776
G0 F7200 X-69.424 Y11.469
G1 F1800 X-67.979 Y12.914 E3828.95124
G0 F7200 X-67.979 Y13.48
G1 F1800 X-69.424 Y12.035 E3829.11472
G0 F7200 X-69.424 Y12.601
G1 F1800 X-67.979 Y14.045 E3829.27815
G0 F7200 X-67.979 Y14.611
G1 F1800 X-69.424 Y13.166 E3829.44163
G0 F7200 X-69.424 Y13.732
G1 F1800 X-67.979 Y15.177 E3829.60511
G0 F7200 X-67.979 Y15.742
G1 F1800 X-69.424 Y14.298 E3829.76854
G0 F7200 X-69.424 Y14.863
G1 F1800 X-67.978 Y16.309 E3829.93214
G0 F7200 X-67.978 Y16.874
G1 F1800 X-69.424 Y15.429 E3830.09568
G0 F7200 X-69.424 Y15.995
G1 F1800 X-67.978 Y17.44 E3830.25922
G0 F7200 X-67.978 Y18.006
G1 F1800 X-69.424 Y16.56 E3830.42281
G0 F7200 X-69.424 Y17.126
G1 F1800 X-67.978 Y18.571 E3830.58635
G0 F7200 X-67.978 Y19.137
G1 F1800 X-69.424 Y17.692 E3830.74989
G0 F7200 X-69.424 Y18.257
G1 F1800 X-67.978 Y19.703 E3830.91349
G0 F7200 X-67.978 Y20.269
G1 F1800 X-69.424 Y18.823 E3831.07708
G0 F7200 X-69.424 Y19.389
G1 F1800 X-67.978 Y20.834 E3831.24062
G0 F7200 X-67.978 Y21.4
G1 F1800 X-69.424 Y19.955 E3831.40416
G0 F7200 X-69.424 Y20.52
G1 F1800 X-67.978 Y21.966 E3831.56776
G0 F7200 X-67.978 Y22.532
G1 F1800 X-69.424 Y21.086 E3831.73136
G0 F7200 X-69.424 Y21.652
G1 F1800 X-67.978 Y23.098 E3831.89495
G0 F7200 X-67.978 Y23.663
G1 F1800 X-69.424 Y22.217 E3832.05855
G0 F7200 X-69.424 Y22.783
G1 F1800 X-67.978 Y24.229 E3832.22214
G0 F7200 X-67.978 Y24.795
G1 F1800 X-69.424 Y23.349 E3832.38574
G0 F7200 X-69.424 Y23.914
G1 F1800 X-67.978 Y25.36 E3832.54934
G0 F7200 X-67.978 Y25.926
G1 F1800 X-69.424 Y24.48 E3832.71293
G0 F7200 X-69.424 Y25.046
G1 F1800 X-67.978 Y26.492 E3832.87653
G0 F7200 X-67.978 Y27.057
G1 F1800 X-69.424 Y25.611 E3833.04013
G0 F7200 X-69.424 Y26.177
G1 F1800 X-67.978 Y27.623 E3833.20372
G0 F7200 X-67.978 Y28.189
G1 F1800 X-69.424 Y26.743 E3833.36732
G0 F7200 X-69.424 Y27.308
G1 F1800 X-67.978 Y28.754 E3833.53091
G1 X-67.908 Y28.824
G0 F7200 X-67.261 Y29.472
G1 F1800 X-65.82 Y30.912 E3833.69389
G0 F7200 X-65.255 Y30.912
G1 F1800 X-66.695 Y29.472 E3833.85681
G0 F7200 X-66.129 Y29.472
G1 F1800 X-64.689 Y30.912 E3834.01972
G0 F7200 X-64.123 Y30.912
G1 F1800 X-65.564 Y29.472 E3834.1827
G0 F7200 X-64.998 Y29.472
G1 F1800 X-63.558 Y30.912 E3834.34561
G0 F7200 X-62.992 Y30.912
G1 F1800 X-64.432 Y29.472 E3834.50853
G0 F7200 X-63.867 Y29.472
G1 F1800 X-62.426 Y30.912 E3834.67151
G0 F7200 X-61.861 Y30.912
G1 F1800 X-63.301 Y29.472 E3834.83442
G0 F7200 X-62.736 Y29.471
G1 F1800 X-61.295 Y30.912 E3834.99745
G0 F7200 X-60.729 Y30.912
G1 F1800 X-62.17 Y29.471 E3835.16048
G0 F7200 X-61.605 Y29.471
G1 F1800 X-60.163 Y30.912 E3835.32357
G0 F7200 X-59.598 Y30.912
G1 F1800 X-61.039 Y29.471 E3835.4866
G0 F7200 X-60.473 Y29.471
G1 F1800 X-59.032 Y30.912 E3835.64963
G0 F7200 X-58.466 Y30.912
G1 F1800 X-59.908 Y29.471 E3835.81272
G0 F7200 X-59.342 Y29.471
G1 F1800 X-57.901 Y30.912 E3835.97575
G0 F7200 X-57.335 Y30.912
G1 F1800 X-58.776 Y29.471 E3836.13878
G0 F7200 X-58.211 Y29.47
G1 F1800 X-56.769 Y30.912 E3836.30192
G0 F7200 X-56.204 Y30.912
G1 F1800 X-57.645 Y29.47 E3836.46501
G0 F7200 X-57.08 Y29.47
G1 F1800 X-55.638 Y30.912 E3836.62816
G0 F7200 X-55.072 Y30.912
G1 F1800 X-56.514 Y29.47 E3836.7913
G0 F7200 X-55.948 Y29.47
G1 F1800 X-54.507 Y30.912 E3836.95439
G0 F7200 X-53.941 Y30.912
G1 F1800 X-55.383 Y29.47 E3837.11753
G0 F7200 X-54.817 Y29.47
G1 F1800 X-53.375 Y30.912 E3837.28067
G0 F7200 X-52.81 Y30.912
G1 F1800 X-54.251 Y29.47 E3837.44376
G0 F7200 X-53.686 Y29.469
G1 F1800 X-52.244 Y30.912 E3837.60696
G0 F7200 X-51.678 Y30.912
G1 F1800 X-53.121 Y29.469 E3837.77022
G0 F7200 X-52.555 Y29.469
G1 F1800 X-51.113 Y30.912 E3837.93342
G0 F7200 X-50.547 Y30.912
G1 F1800 X-51.989 Y29.469 E3838.09662
G0 F7200 X-51.424 Y29.469
G1 F1800 X-49.981 Y30.912 E3838.25988
G0 F7200 X-49.415 Y30.912
G1 F1800 X-50.858 Y29.469 E3838.42313
G0 F7200 X-50.292 Y29.469
G1 F1800 X-48.85 Y30.912 E3838.58633
G0 F7200 X-48.284 Y30.912
G1 F1800 X-49.727 Y29.469 E3838.74959
G0 F7200 X-49.161 Y29.469
G1 F1800 X-47.718 Y30.912 E3838.91285
G0 F7200 X-47.153 Y30.912
G1 F1800 X-48.596 Y29.469 E3839.0761
G0 F7200 X-48.03 Y29.469
G1 F1800 X-46.587 Y30.912 E3839.23936
G0 F7200 X-46.021 Y30.912
G1 F1800 X-47.465 Y29.469 E3839.40267
G0 F7200 X-46.899 Y29.469
G1 F1800 X-45.456 Y30.912 E3839.56593
G0 F7200 X-44.89 Y30.912
G1 F1800 X-46.333 Y29.469 E3839.72919
G0 F7200 X-45.767 Y29.469
G1 F1800 X-44.324 Y30.912 E3839.89244
G0 F7200 X-43.759 Y30.912
G1 F1800 X-45.202 Y29.469 E3840.0557
G0 F7200 X-44.636 Y29.469
G1 F1800 X-43.193 Y30.912 E3840.21896
G0 F7200 X-42.627 Y30.912
G1 F1800 X-44.071 Y29.468 E3840.38233
G0 F7200 X-43.505 Y29.468
G1 F1800 X-42.062 Y30.912 E3840.54564
G0 F7200 X-41.496 Y30.912
G1 F1800 X-42.94 Y29.468 E3840.70901
G0 F7200 X-42.374 Y29.468
G1 F1800 X-40.93 Y30.912 E3840.87238
G0 F7200 X-40.364 Y30.912
G1 F1800 X-41.808 Y29.468 E3841.03575
G0 F7200 X-41.243 Y29.468
G1 F1800 X-39.799 Y30.912 E3841.19912
G0 F7200 X-39.233 Y30.912
G1 F1800 X-40.677 Y29.468 E3841.36249
G0 F7200 X-40.111 Y29.468
G1 F1800 X-38.667 Y30.912 E3841.52586
G0 F7200 X-38.102 Y30.912
G1 F1800 X-39.546 Y29.467 E3841.68929
G0 F7200 X-38.981 Y29.467
G1 F1800 X-37.536 Y30.912 E3841.85277
G0 F7200 X-36.97 Y30.912
G1 F1800 X-38.415 Y29.467 E3842.01625
G0 F7200 X-37.849 Y29.467
G1 F1800 X-36.405 Y30.912 E3842.17968
G0 F7200 X-35.839 Y30.912
G1 F1800 X-37.284 Y29.467 E3842.34316
G0 F7200 X-36.718 Y29.467
G1 F1800 X-35.273 Y30.912 E3842.50665
G0 F7200 X-34.708 Y30.912
G1 F1800 X-36.152 Y29.467 E3842.67007
G0 F7200 X-35.587 Y29.467
G1 F1800 X-34.142 Y30.912 E3842.83355
G0 F7200 X-33.576 Y30.912
G1 F1800 X-35.022 Y29.467 E3842.99709
G0 F7200 X-34.456 Y29.467
G1 F1800 X-33.011 Y30.912 E3843.16058
G0 F7200 X-32.445 Y30.912
G1 F1800 X-33.89 Y29.467 E3843.32406
G0 F7200 X-33.325 Y29.467
G1 F1800 X-31.879 Y30.912 E3843.4876
G0 F7200 X-31.314 Y30.912
G1 F1800 X-32.759 Y29.467 E3843.65108
G0 F7200 X-32.193 Y29.467
G1 F1800 X-30.748 Y30.912 E3843.81457
G0 F7200 X-30.182 Y30.912
G1 F1800 X-31.627 Y29.467 E3843.97805
G0 F7200 X-31.062 Y29.467
G1 F1800 X-29.616 Y30.912 E3844.14159
G0 F7200 X-29.051 Y30.912
G1 F1800 X-30.497 Y29.466 E3844.30519
G0 F7200 X-29.931 Y29.466
G1 F1800 X-28.485 Y30.912 E3844.46878
G0 F7200 X-27.919 Y30.912
G1 F1800 X-29.365 Y29.466 E3844.63238
G0 F7200 X-28.8 Y29.466
G1 F1800 X-27.354 Y30.912 E3844.79597
G0 F7200 X-26.788 Y30.912
G1 F1800 X-28.234 Y29.466 E3844.95957
G0 F7200 X-27.668 Y29.466
G1 F1800 X-26.222 Y30.912 E3845.12317
G0 F7200 X-25.657 Y30.912
G1 F1800 X-27.103 Y29.466 E3845.28676
G0 F7200 X-26.537 Y29.466
G1 F1800 X-25.091 Y30.912 E3845.45036
G0 F7200 X-24.525 Y30.912
G1 F1800 X-25.972 Y29.465 E3845.61407
G0 F7200 X-25.406 Y29.465
G1 F1800 X-23.96 Y30.912 E3845.77772
G0 F7200 X-23.394 Y30.912
G1 F1800 X-24.841 Y29.465 E3845.94143
G0 F7200 X-24.275 Y29.465
G1 F1800 X-22.828 Y30.912 E3846.10514
G0 F7200 X-22.263 Y30.912
G1 F1800 X-23.709 Y29.465 E3846.26879
G0 F7200 X-23.144 Y29.465
G1 F1800 X-21.697 Y30.912 E3846.4325
G0 F7200 X-21.131 Y30.912
G1 F1800 X-22.578 Y29.465 E3846.59621
G0 F7200 X-22.012 Y29.465
G1 F1800 X-20.565 Y30.912 E3846.75992
G0 F7200 X-20 Y30.912
G1 F1800 X-21.447 Y29.465 E3846.92363
G0 F7200 X-20.882 Y29.464
G1 F1800 X-19.434 Y30.912 E3847.08745
G0 F7200 X-18.868 Y30.912
G1 F1800 X-20.316 Y29.464 E3847.25128
G0 F7200 X-19.75 Y29.464
G1 F1800 X-18.303 Y30.912 E3847.41504
G0 F7200 X-17.737 Y30.912
G1 F1800 X-19.185 Y29.464 E3847.57886
G0 F7200 X-18.619 Y29.464
G1 F1800 X-17.171 Y30.912 E3847.74269
G0 F7200 X-16.606 Y30.912
G1 F1800 X-18.053 Y29.464 E3847.90645
G0 F7200 X-17.487 Y29.464
G1 F1800 X-16.04 Y30.912 E3848.07022
G0 F7200 X-15.474 Y30.912
G1 F1800 X-16.922 Y29.464 E3848.23404
G0 F7200 X-16.357 Y29.464
G1 F1800 X-14.909 Y30.912 E3848.39786
G0 F7200 X-14.343 Y30.912
G1 F1800 X-15.791 Y29.464 E3848.56169
G0 F7200 X-15.225 Y29.464
G1 F1800 X-13.777 Y30.912 E3848.72551
G0 F7200 X-13.212 Y30.912
G1 F1800 X-14.66 Y29.464 E3848.88933
G0 F7200 X-14.094 Y29.464
G1 F1800 X-12.646 Y30.912 E3849.05315
G0 F7200 X-12.08 Y30.912
G1 F1800 X-13.528 Y29.464 E3849.21698
G0 F7200 X-12.963 Y29.464
G1 F1800 X-11.515 Y30.912 E3849.3808
G0 F7200 X-10.949 Y30.912
G1 F1800 X-12.397 Y29.464 E3849.54462
G0 F7200 X-11.832 Y29.463
G1 F1800 X-10.383 Y30.912 E3849.70856
G0 F7200 X-9.817 Y30.912
G1 F1800 X-11.266 Y29.463 E3849.87249
G0 F7200 X-10.701 Y29.463
G1 F1800 X-9.252 Y30.912 E3850.03643
G0 F7200 X-8.686 Y30.912
G1 F1800 X-10.135 Y29.463 E3850.20036
G0 F7200 X-9.569 Y29.463
G1 F1800 X-8.12 Y30.912 E3850.3643
G0 F7200 X-7.555 Y30.912
G1 F1800 X-9.004 Y29.463 E3850.52823
G0 F7200 X-8.438 Y29.463
G1 F1800 X-6.989 Y30.912 E3850.69217
G0 F7200 X-6.423 Y30.912
G1 F1800 X-7.872 Y29.463 E3850.85611
G0 F7200 X-7.391 Y29.378
G1 F1800 X-5.858 Y30.912 E3851.0296
G0 F7200 X-5.784 Y30.42
G1 F1800 X-7.229 Y28.974 E3851.19314
G0 F7200 X-7.229 Y28.409
G1 F1800 X-5.784 Y29.854 E3851.35662
G0 F7200 X-5.784 Y29.288
G1 F1800 X-7.229 Y27.843 E3851.52011
G0 F7200 X-7.229 Y27.277
G1 F1800 X-5.784 Y28.723 E3851.68365
G0 F7200 X-5.784 Y28.157
G1 F1800 X-7.229 Y26.712 E3851.84713
G0 F7200 X-7.229 Y26.146
G1 F1800 X-5.784 Y27.591 E3852.01061
G0 F7200 X-5.784 Y27.026
G1 F1800 X-7.229 Y25.58 E3852.17415
G0 F7200 X-7.229 Y25.015
G1 F1800 X-5.784 Y26.46 E3852.33764
G0 F7200 X-5.784 Y25.894
G1 F1800 X-7.229 Y24.449 E3852.50112
G0 F7200 X-7.229 Y23.883
G1 F1800 X-5.784 Y25.329 E3852.66466
G0 F7200 X-5.784 Y24.763
G1 F1800 X-7.229 Y23.318 E3852.82814
G0 F7200 X-7.229 Y22.752
G1 F1800 X-5.784 Y24.197 E3852.99162
G0 F7200 X-5.784 Y23.632
G1 F1800 X-7.229 Y22.186 E3853.15516
G0 F7200 X-7.229 Y21.62
G1 F1800 X-5.784 Y23.066 E3853.3187
G0 F7200 X-5.784 Y22.5
G1 F1800 X-7.229 Y21.055 E3853.48219
G0 F7200 X-7.229 Y20.489
G1 F1800 X-5.784 Y21.934 E3853.64567
G0 F7200 X-5.784 Y21.369
G1 F1800 X-7.229 Y19.923 E3853.80921
G0 F7200 X-7.229 Y19.358
G1 F1800 X-5.784 Y20.803 E3853.97269
G0 F7200 X-5.784 Y20.237
G1 F1800 X-7.229 Y18.792 E3854.13618
G0 F7200 X-7.229 Y18.226
G1 F1800 X-5.784 Y19.672 E3854.29972
G0 F7200 X-5.784 Y19.106
G1 F1800 X-7.229 Y17.661 E3854.4632
G0 F7200 X-7.229 Y17.095
G1 F1800 X-5.784 Y18.54 E3854.62668
G0 F7200 X-5.784 Y17.975
G1 F1800 X-7.229 Y16.529 E3854.79022
G0 F7200 X-7.229 Y15.964
G1 F1800 X-5.784 Y17.409 E3854.9537
G0 F7200 X-5.784 Y16.843
G1 F1800 X-7.229 Y15.398 E3855.11719
G0 F7200 X-7.229 Y14.832
G1 F1800 X-5.784 Y16.278 E3855.28073
G0 F7200 X-5.784 Y15.712
G1 F1800 X-7.229 Y14.267 E3855.44421
G0 F7200 X-7.229 Y13.701
G1 F1800 X-5.784 Y15.146 E3855.60769
G0 F7200 X-5.784 Y14.581
G1 F1800 X-7.229 Y13.135 E3855.77123
G0 F7200 X-7.229 Y12.57
G1 F1800 X-5.784 Y14.015 E3855.93472
G0 F7200 X-5.784 Y13.449
G1 F1800 X-7.229 Y12.004 E3856.0982
G0 F7200 X-7.229 Y11.438
G1 F1800 X-5.784 Y12.883 E3856.26168
G0 F7200 X-5.784 Y12.318
G1 F1800 X-7.229 Y10.872 E3856.42522
G0 F7200 X-7.229 Y10.307
G1 F1800 X-5.784 Y11.752 E3856.58871
G0 F7200 X-5.784 Y11.186
G1 F1800 X-7.229 Y9.741 E3856.75219
G0 F7200 X-7.229 Y9.175
G1 F1800 X-5.784 Y10.621 E3856.91573
G0 F7200 X-5.784 Y10.055
G1 F1800 X-7.229 Y8.61 E3857.07921
G0 F7200 X-7.229 Y8.044
G1 F1800 X-5.784 Y9.489 E3857.24269
G0 F7200 X-5.784 Y8.924
G1 F1800 X-7.229 Y7.478 E3857.40623
G0 F7200 X-7.229 Y6.913
G1 F1800 X-5.784 Y8.358 E3857.56972
G0 F7200 X-5.784 Y7.792
G1 F1800 X-7.229 Y6.347 E3857.7332
G0 F7200 X-7.229 Y5.781
G1 F1800 X-5.784 Y7.227 E3857.89674
G0 F7200 X-5.784 Y6.661
G1 F1800 X-7.229 Y5.216 E3858.06022
G0 F7200 X-7.229 Y4.65
G1 F1800 X-5.784 Y6.095 E3858.22371
G0 F7200 X-5.784 Y5.53
G1 F1800 X-7.229 Y4.084 E3858.38725
G0 F7200 X-7.229 Y3.519
G1 F1800 X-5.784 Y4.964 E3858.55073
G0 F7200 X-5.784 Y4.398
G1 F1800 X-7.229 Y2.953 E3858.71421
G0 F7200 X-7.229 Y2.387
G1 F1800 X-5.784 Y3.833 E3858.87775
G0 F7200 X-5.784 Y3.267
G1 F1800 X-7.229 Y1.822 E3859.04123
G0 F7200 X-7.229 Y1.256
G1 F1800 X-5.784 Y2.701 E3859.20472
G0 F7200 X-5.784 Y2.135
G1 F1800 X-7.229 Y0.69 E3859.3682
G0 F7200 X-7.229 Y0.124
G1 F1800 X-5.784 Y1.57 E3859.53174
G0 F7200 X-5.784 Y1.004
G1 F1800 X-7.229 Y-.441 E3859.69522
G0 F7200 X-7.229 Y-1.006
G1 F1800 X-5.784 Y0.438 E3859.85865
G0 F7200 X-5.784 Y-.127
G1 F1800 X-7.229 Y-1.572 E3860.02213
G0 F7200 X-7.229 Y-2.138
G1 F1800 X-5.784 Y-.693 E3860.18562
G0 F7200 X-5.784 Y-1.259
G1 F1800 X-7.229 Y-2.703 E3860.34904
G0 F7200 X-7.229 Y-3.269
G1 F1800 X-5.784 Y-1.824 E3860.51253
G0 F7200 X-5.784 Y-2.39
G1 F1800 X-7.229 Y-3.835 E3860.67601
G0 F7200 X-7.229 Y-4.4
G1 F1800 X-5.784 Y-2.956 E3860.83944
G0 F7200 X-5.784 Y-3.521
G1 F1800 X-7.229 Y-4.966 E3861.00292
G0 F7200 X-7.229 Y-5.532
G1 F1800 X-5.784 Y-4.087 E3861.1664
G0 F7200 X-5.784 Y-4.653
G1 F1800 X-7.229 Y-6.097 E3861.32983
G0 F7200 X-7.229 Y-6.663
G1 F1800 X-5.784 Y-5.218 E3861.49331
G0 F7200 X-5.784 Y-5.784
G1 F1800 X-7.229 Y-7.229 E3861.65679
G0 F7200 X-7.229 Y-7.794
G1 F1800 X-5.784 Y-6.35 E3861.82022
G0 F7200 X-5.784 Y-6.916
G1 F1800 X-7.229 Y-8.36 E3861.98365
G0 F7200 X-7.229 Y-8.926
G1 F1800 X-5.784 Y-7.481 E3862.14713
G0 F7200 X-5.784 Y-8.047
G1 F1800 X-7.229 Y-9.491 E3862.31056
G0 F7200 X-7.229 Y-10.057
G1 F1800 X-5.784 Y-8.613 E3862.47398
G0 F7200 X-5.784 Y-9.178
G1 F1800 X-7.229 Y-10.623 E3862.63747
G0 F7200 X-7.229 Y-11.189
G1 F1800 X-5.784 Y-9.744 E3862.80095
G0 F7200 X-5.784 Y-10.31
G1 F1800 X-7.229 Y-11.754 E3862.96438
G0 F7200 X-7.229 Y-12.32
G1 F1800 X-5.784 Y-10.875 E3863.12786
G0 F7200 X-5.784 Y-11.441
G1 F1800 X-7.229 Y-12.886 E3863.29134
G0 F7200 X-7.229 Y-13.451
G1 F1800 X-5.784 Y-12.007 E3863.45477
G0 F7200 X-5.784 Y-12.572
G1 F1800 X-7.229 Y-14.017 E3863.61825
G0 F7200 X-7.229 Y-14.583
G1 F1800 X-5.784 Y-13.138 E3863.78174
G0 F7200 X-5.784 Y-13.704
G1 F1800 X-7.229 Y-15.148 E3863.94516
G0 F7200 X-7.229 Y-15.714
G1 F1800 X-5.784 Y-14.269 E3864.10864
G0 F7200 X-5.784 Y-14.835
G1 F1800 X-7.229 Y-16.28 E3864.27213
G0 F7200 X-7.229 Y-16.845
G1 F1800 X-5.784 Y-15.401 E3864.43555
G0 F7200 X-5.784 Y-15.966
G1 F1800 X-7.229 Y-17.411 E3864.59904
G0 F7200 X-7.229 Y-17.977
G1 F1800 X-5.784 Y-16.532 E3864.76252
G0 F7200 X-5.784 Y-17.098
G1 F1800 X-7.229 Y-18.542 E3864.92595
G0 F7200 X-7.229 Y-19.108
G1 F1800 X-5.784 Y-17.664 E3865.08937
G0 F7200 X-5.784 Y-18.229
G1 F1800 X-7.229 Y-19.674 E3865.25286
G0 F7200 X-7.229 Y-20.24
G1 F1800 X-5.784 Y-18.795 E3865.41634
G0 F7200 X-5.784 Y-19.361
G1 F1800 X-7.229 Y-20.805 E3865.57977
G0 F7200 X-7.229 Y-21.371
G1 F1800 X-5.784 Y-19.926 E3865.74325
G0 F7200 X-5.784 Y-20.492
G1 F1800 X-7.229 Y-21.937 E3865.90673
G0 F7200 X-7.229 Y-22.502
G1 F1800 X-5.784 Y-21.058 E3866.07016
G0 F7200 X-5.784 Y-21.623
G1 F1800 X-7.229 Y-23.068 E3866.23364
G0 F7200 X-7.229 Y-23.634
G1 F1800 X-5.784 Y-22.189 E3866.39713
G0 F7200 X-5.784 Y-22.755
G1 F1800 X-7.229 Y-24.199 E3866.56055
G0 F7200 X-7.229 Y-24.765
G1 F1800 X-5.784 Y-23.32 E3866.72403
G0 F7200 X-5.784 Y-23.886
G1 F1800 X-7.229 Y-25.331 E3866.88752
G0 F7200 X-7.229 Y-25.896
G1 F1800 X-5.784 Y-24.452 E3867.05094
G0 F7200 X-5.784 Y-25.017
G1 F1800 X-7.229 Y-26.462 E3867.21443
G0 F7200 X-7.229 Y-27.028
G1 F1800 X-5.784 Y-25.583 E3867.37791
G0 F7200 X-5.784 Y-26.149
G1 F1800 X-7.229 Y-27.593 E3867.54134
G0 F7200 X-7.229 Y-28.159
G1 F1800 X-5.784 Y-26.714 E3867.70482
G0 F7200 X-5.784 Y-27.28
G1 F1800 X-7.229 Y-28.725 E3867.8683
G0 F7200 X-7.229 Y-29.29
G1 F1800 X-5.784 Y-27.846 E3868.03173
G0 F7200 X-5.784 Y-28.412
G1 F1800 X-7.229 Y-29.856 E3868.19516
G0 F7200 X-7.229 Y-30.422
G1 F1800 X-5.784 Y-28.977 E3868.35864
G1 X-5.714 Y-28.907
G0 F7200 X-66.386 Y30.912
G1 F1800 X-69.424 Y27.874 E3868.70235
G0 F7200 X-69.424 Y28.44
G1 F1800 X-66.952 Y30.912 E3868.98202
G0 F7200 X-67.517 Y30.912
G1 F1800 X-69.424 Y29.006 E3869.19772
G0 F7200 X-69.424 Y29.571
G1 F1800 X-68.083 Y30.912 E3869.34944
G0 F7200 X-68.649 Y30.912
G1 F1800 X-69.424 Y30.137 E3869.43712
G0 F7200 X-69.424 Y30.703
G1 F1800 X-69.214 Y30.912 E3869.46082
G0 F7200 X-69.214 Y30.882
G10
;MESH:base carc vincha prueba 1.stl
G0 X-5.037 Y29.726
G0 X-3.942 Y29.726
G0 X6.727 Y29.726
G0 X7.822 Y29.726
G0 X8.154 Y29.843
;TYPE:FILL
G11
G1 F3600 X8.857 Y29.14 E3869.54036
G1 X8.927 Y29.07
G0 F7200 X8.482 Y29.07
G0 X15.581 Y29.516
G0 X15.581 Y29.364
G1 F3600 X16.06 Y29.843 E3869.59455
G0 F7200 X16.06 Y29.696
G0 X19.467 Y29.696
G0 X19.467 Y29.843
G1 F3600 X19.947 Y29.364 E3869.6488
G0 F7200 X19.947 Y29.516
G0 X26.895 Y29.516
G0 X26.895 Y29.364
G1 F3600 X27.374 Y29.843 E3869.70299
G0 F7200 X27.374 Y29.696
G0 X30.781 Y29.696
G0 X30.781 Y29.843
G1 F3600 X31.26 Y29.364 E3869.75718
G0 F7200 X31.26 Y29.516
G0 X38.209 Y29.516
G0 X38.209 Y29.364
G1 F3600 X38.687 Y29.843 E3869.81132
G0 F7200 X38.687 Y29.696
G0 X42.095 Y29.696
G0 X42.095 Y29.843
G1 F3600 X42.574 Y29.364 E3869.86551
G0 F7200 X42.574 Y29.516
G0 X49.522 Y29.516
G0 X49.522 Y29.364
G1 F3600 X50.001 Y29.843 E3869.91971
G0 F7200 X50.001 Y29.696
G0 X53.408 Y29.696
G0 X53.408 Y29.843
G1 F3600 X53.888 Y29.364 E3869.97395
G0 F7200 X53.888 Y29.516
G0 X60.836 Y29.516
G0 X60.836 Y29.364
G1 F3600 X61.315 Y29.843 E3870.02815
G0 F7200 X61.315 Y29.696
G0 X64.722 Y29.696
G0 X64.722 Y29.843
G1 F3600 X65.202 Y29.364 E3870.0824
G0 F7200 X65.202 Y29.516
G0 X72.23 Y29.444
G0 X71.927 Y29.141
G1 F3600 X72.628 Y29.843 E3870.16176
G1 X72.698 Y29.913
G0 F7200 X72.512 Y29.726
G0 X72.302 Y22.414
G0 X72.152 Y22.414
G1 F3600 X72.632 Y21.934 E3870.21607
G0 F7200 X72.482 Y21.934
G0 X72.482 Y18.533
G0 X72.632 Y18.533
G1 F3600 X72.152 Y18.052 E3870.27043
G0 F7200 X72.302 Y18.052
G0 X72.302 Y11.1
G0 X72.152 Y11.1
G1 F3600 X72.632 Y10.62 E3870.32474
G0 F7200 X72.482 Y10.62
G0 X72.482 Y7.219
G0 X72.632 Y7.219
G1 F3600 X72.152 Y6.739 E3870.37904
G0 F7200 X72.302 Y6.739
G0 X72.302 Y-.214
G0 X72.152 Y-.214
G1 F3600 X72.632 Y-.694 E3870.43335
G0 F7200 X72.482 Y-.694
G0 X72.482 Y-4.095
G0 X72.632 Y-4.095
G1 F3600 X72.152 Y-4.575 E3870.48765
G0 F7200 X72.302 Y-4.575
G0 X72.302 Y-11.527
G0 X72.152 Y-11.527
G1 F3600 X72.632 Y-12.007 E3870.54196
G0 F7200 X72.482 Y-12.007
G0 X72.482 Y-15.409
G0 X72.632 Y-15.409
G1 F3600 X72.152 Y-15.889 E3870.59626
G0 F7200 X72.302 Y-15.889
G0 X72.302 Y-22.841
G0 X72.152 Y-22.841
G1 F3600 X72.632 Y-23.321 E3870.65057
G0 F7200 X72.482 Y-23.321
G0 X72.482 Y-26.722
G0 X72.632 Y-26.722
G1 F3600 X72.152 Y-27.202 E3870.70488
G0 F7200 X72.302 Y-27.202
G0 X72.23 Y-34.232
G0 X71.925 Y-33.928
G1 F3600 X72.629 Y-34.632 E3870.78453
G1 X72.699 Y-34.702
G0 F7200 X72.512 Y-34.514
G0 X65.202 Y-34.304
G0 X65.202 Y-34.152
G1 F3600 X64.723 Y-34.631 E3870.83872
G0 F7200 X64.723 Y-34.484
G0 X61.315 Y-34.484
G0 X61.315 Y-34.632
G1 F3600 X60.835 Y-34.152 E3870.89302
G0 F7200 X60.835 Y-34.304
G0 X53.889 Y-34.304
G0 X53.889 Y-34.152
G1 F3600 X53.409 Y-34.631 E3870.94727
G0 F7200 X53.409 Y-34.484
G0 X50.002 Y-34.484
G0 X50.002 Y-34.632
G1 F3600 X49.522 Y-34.152 E3871.00158
G0 F7200 X49.522 Y-34.304
G0 X42.575 Y-34.304
G0 X42.575 Y-34.152
G1 F3600 X42.095 Y-34.631 E3871.05583
G0 F7200 X42.095 Y-34.484
G0 X38.688 Y-34.484
G0 X38.688 Y-34.632
G1 F3600 X38.208 Y-34.152 E3871.11013
G0 F7200 X38.208 Y-34.304
G0 X31.261 Y-34.304
G0 X31.261 Y-34.152
G1 F3600 X30.782 Y-34.631 E3871.16433
G0 F7200 X30.782 Y-34.484
G0 X27.374 Y-34.484
G0 X27.374 Y-34.632
G1 F3600 X26.894 Y-34.152 E3871.21863
G0 F7200 X26.894 Y-34.304
G0 X19.947 Y-34.304
G0 X19.947 Y-34.152
G1 F3600 X19.468 Y-34.631 E3871.27282
G0 F7200 X19.468 Y-34.484
G0 X16.061 Y-34.484
G0 X16.061 Y-34.632
G1 F3600 X15.58 Y-34.152 E3871.32719
G0 F7200 X15.58 Y-34.304
G0 X8.554 Y-34.232
G0 X8.857 Y-33.929
G1 F3600 X8.154 Y-34.631 E3871.40667
G1 X8.084 Y-34.701
G0 F7200 X8.272 Y-34.514
G0 X8.482 Y-27.204
G0 X8.632 Y-27.204
G1 F3600 X8.153 Y-26.724 E3871.46092
G0 F7200 X8.302 Y-26.724
G0 X8.302 Y-23.319
G0 X8.153 Y-23.319
G1 F3600 X8.632 Y-22.84 E3871.51511
G0 F7200 X8.482 Y-22.84
G0 X8.482 Y-15.89
G0 X8.632 Y-15.89
G1 F3600 X8.153 Y-15.411 E3871.5693
G0 F7200 X8.302 Y-15.411
G0 X8.302 Y-12.005
G0 X8.153 Y-12.005
G1 F3600 X8.632 Y-11.526 E3871.62349
G0 F7200 X8.482 Y-11.526
G0 X8.482 Y-4.576
G0 X8.632 Y-4.576
G1 F3600 X8.153 Y-4.097 E3871.67769
G0 F7200 X8.302 Y-4.097
G0 X8.302 Y-.692
G0 X8.153 Y-.692
G1 F3600 X8.632 Y-.212 E3871.73194
G0 F7200 X8.482 Y-.212
G0 X8.482 Y6.737
G0 X8.632 Y6.737
G1 F3600 X8.153 Y7.217 E3871.78618
G0 F7200 X8.302 Y7.217
G0 X8.302 Y10.622
G0 X8.153 Y10.622
G1 F3600 X8.632 Y11.102 E3871.84043
G0 F7200 X8.482 Y11.102
G0 X8.482 Y18.051
G0 X8.632 Y18.051
G1 F3600 X8.153 Y18.53 E3871.89463
G0 F7200 X8.302 Y18.53
G0 X8.302 Y21.936
G0 X8.153 Y21.936
G1 F3600 X8.632 Y22.415 E3871.94882
G0 F7200 X8.482 Y22.415
G0 X8.554 Y29.444
G0 X72.23 Y29.444
G0 X71.816 Y29.028
;TYPE:WALL-INNER
G1 F3600 X71.481 Y29.204 E3871.97909
G1 X9.392 Y29.204 E3876.94621
G1 X8.967 Y29.029 E3876.98298
G1 X8.792 Y28.693 E3877.01329
G1 X8.792 Y-33.392 E3881.98009
G1 X8.967 Y-33.817 E3882.01686
G1 X9.303 Y-33.992 E3882.04717
G1 X71.392 Y-33.992 E3887.01429
G1 X71.816 Y-33.816 E3887.05101
G1 X71.992 Y-33.392 E3887.08774
G1 X71.992 Y28.693 E3892.05454
G1 X71.816 Y29.028 E3892.08481
G0 F7200 X72.302 Y29.028
G0 X72.792 Y30.004
G1 F3600 X72.792 Y-34.792 E3897.26849
G1 X7.993 Y-34.791 E3902.45241
G1 X7.993 Y30.003 E3907.63593
G1 X72.792 Y30.004 E3912.81985
G0 F7200 X73.192 Y30.404
;TYPE:WALL-OUTER
G1 F1800 X73.192 Y-35.192 E3918.06753
G1 X7.593 Y-35.191 E3923.31545
G1 X7.593 Y30.403 E3928.56297
G1 X73.192 Y30.404 E3933.81089
G0 F7200 X73.192 Y30.204
G0 X72.512 Y29.726
G0 X72.302 Y28.639
G0 X71.59 Y28.639
G1 F1800 X71.534 Y28.746 E3933.82055
G1 X71.427 Y28.802 E3933.83022
G1 X9.392 Y28.804 E3938.79302
G1 X9.25 Y28.746 E3938.80529
G1 X9.194 Y28.639 E3938.81495
G1 X9.192 Y-33.392 E3943.77743
G1 X9.25 Y-33.534 E3943.7897
G1 X9.357 Y-33.59 E3943.79936
G1 X71.392 Y-33.592 E3948.76216
G1 X71.534 Y-33.534 E3948.77443
G1 X71.592 Y-33.392 E3948.7867
G1 X71.59 Y28.639 E3953.74918
G0 F7200 X71.534 Y28.746
G0 X71.465 Y28.782
G10
;MESH:NONMESH
G0 F600 Z2.5
G0 F7200 X72.302 Y28.782
G0 X8.954 Y29.044
G0 X7.822 Y2.994
G0 X6.727 Y2.994
G0 X-3.942 Y2.994
G0 X-5.037 Y2.994
G0 X-7.567 Y2.994
;TIME_ELAPSED:5329.007583
;LAYER:11
;TYPE:FILL
;MESH:tapacarcvincha prueba 1.stl
G11
G1 F3600 X-33.705 Y29.131 E3956.7063
G1 X-33.775 Y29.201
G0 F7200 X-30.196 Y29.131
G1 F3600 X-67.647 Y-8.321 E3960.94346
G1 X-67.717 Y-8.391
G0 F7200 X-67.647 Y-4.809
G1 F3600 X-41.509 Y-30.947 E3963.90063
G1 X-41.439 Y-31.017
G0 F7200 X-45.018 Y-30.947
G1 F3600 X-7.567 Y6.505 E3968.13779
G1 X-7.497 Y6.575
G0 F7200 X-7.567 Y14.308
G1 F3600 X-22.391 Y29.131 E3969.81487
G1 X-22.461 Y29.201
G0 F7200 X-18.882 Y29.131
G1 F3600 X-67.647 Y-19.634 E3975.332
G1 X-67.717 Y-19.704
G0 F7200 X-67.647 Y-16.123
G1 F3600 X-52.822 Y-30.947 E3977.00921
G1 X-52.752 Y-31.017
G0 F7200 X-56.332 Y-30.947
G1 F3600 X-7.567 Y17.818 E3982.52634
G1 X-7.497 Y17.888
G0 F7200 X-7.567 Y25.621
G1 F3600 X-11.078 Y29.131 E3982.9235
G1 X-11.148 Y29.201
G0 F7200 X-7.568 Y29.131
G1 F3600 X-67.645 Y-30.947 E3989.7205
G1 X-67.715 Y-31.017
G0 F7200 X-64.136 Y-30.947
G1 F3600 X-67.647 Y-27.436 E3990.11772
G1 X-67.717 Y-27.366
G0 F7200 X-67.647 Y2.993
G1 F3600 X-41.509 Y29.131 E3993.0749
G1 X-41.439 Y29.201
G0 F7200 X-45.019 Y29.132
G1 F3600 X-7.568 Y-8.319 E3997.31199
G1 X-7.498 Y-8.389
G0 F7200 X-7.567 Y-4.81
G1 F3600 X-33.705 Y-30.947 E4000.26912
G1 X-33.775 Y-31.017
G0 F7200 X-30.194 Y-30.948
G1 F3600 X-67.647 Y6.505 E4004.50644
G1 X-67.717 Y6.575
G0 F7200 X-67.647 Y14.307
G1 F3600 X-52.822 Y29.131 E4006.18364
G1 X-52.752 Y29.201
G0 F7200 X-56.333 Y29.132
G1 F3600 X-7.568 Y-19.633 E4011.70077
G1 X-7.498 Y-19.703
G0 F7200 X-7.567 Y-16.123
G1 F3600 X-22.391 Y-30.947 E4013.37791
G1 X-22.461 Y-31.017
G0 F7200 X-18.88 Y-30.948
G1 F3600 X-67.647 Y17.818 E4018.89521
G1 X-67.717 Y17.888
G0 F7200 X-67.647 Y25.621
G1 F3600 X-64.136 Y29.131 E4019.29238
G1 X-64.066 Y29.201
G0 F7200 X-67.647 Y29.132
G1 F3600 X-7.568 Y-30.947 E4026.08954
G1 X-7.498 Y-31.017
G0 F7200 X-11.078 Y-30.947
G1 F3600 X-7.567 Y-27.437 E4026.48671
G1 X-7.497 Y-27.367
G0 F7200 X-5.487 Y31.212
G0 X-5.204 Y31.492
;TYPE:WALL-INNER
G1 F3600 X-5.204 Y-33.308 E4031.67071
G1 X-70.004 Y-33.308 E4036.85471
G1 X-70.004 Y31.492 E4042.03871
G1 X-5.204 Y31.492 E4047.22271
G0 F7200 X-4.804 Y31.892
;TYPE:WALL-OUTER
G1 F1800 X-4.804 Y-33.708 E4052.47071
G1 X-70.404 Y-33.708 E4057.71871
G1 X-70.404 Y31.892 E4062.96671
G1 X-4.804 Y31.892 E4068.21471
G0 F7200 X-4.804 Y31.692
G0 X-5.487 Y31.212
G0 X-7.426 Y29.103
;TYPE:SKIN
G1 F1800 X-7.428 Y-30.888 E4073.01399
G1 X-7.486 Y-31.03 E4073.02626
G1 X-7.628 Y-31.088 E4073.03853
G1 X-67.619 Y-31.081 E4077.83781
G1 X-67.726 Y-31.026 E4077.84744
G1 X-67.784 Y-30.884 E4077.85971
G1 X-67.781 Y29.107 E4082.65899
G1 X-67.726 Y29.214 E4082.66861
G1 X-67.584 Y29.272 E4082.68088
G1 X-7.589 Y29.265 E4087.48049
G1 X-7.482 Y29.21 E4087.49011
G1 X-7.426 Y29.103 E4087.49977
G0 F7200 X-5.584 Y31.112
G1 F1800 X-69.624 Y31.112 E4092.62297
G1 X-69.624 Y-32.928 E4097.74617
G1 X-5.584 Y-32.928 E4102.86937
G1 X-5.584 Y31.112 E4107.99257
G0 F7200 X-6.022 Y30.912
G1 F1800 X-5.784 Y30.674 E4108.0195
G0 F7200 X-5.784 Y30.109
G1 F1800 X-6.587 Y30.912 E4108.11035
G0 F7200 X-7.153 Y30.912
G1 F1800 X-5.784 Y29.543 E4108.26523
G0 F7200 X-5.784 Y28.977
G1 F1800 X-7.719 Y30.912 E4108.48415
G0 F7200 X-8.284 Y30.912
G1 F1800 X-5.784 Y28.412 E4108.76699
G0 F7200 X-5.784 Y27.846
G1 F1800 X-8.85 Y30.912 E4109.11387
G0 F7200 X-9.416 Y30.912
G1 F1800 X-7.966 Y29.462 E4109.27792
G0 F7200 X-8.532 Y29.462
G1 F1800 X-9.982 Y30.912 E4109.44197
G0 F7200 X-10.547 Y30.912
G1 F1800 X-9.098 Y29.462 E4109.60596
G0 F7200 X-9.663 Y29.462
G1 F1800 X-11.113 Y30.912 E4109.77001
G0 F7200 X-11.679 Y30.912
G1 F1800 X-10.229 Y29.462 E4109.93406
G0 F7200 X-10.795 Y29.462
G1 F1800 X-12.244 Y30.912 E4110.09805
G0 F7200 X-12.81 Y30.912
G1 F1800 X-11.36 Y29.462 E4110.2621
G0 F7200 X-11.926 Y29.462
G1 F1800 X-13.376 Y30.912 E4110.42615
G0 F7200 X-13.941 Y30.912
G1 F1800 X-12.492 Y29.463 E4110.59009
G0 F7200 X-13.058 Y29.463
G1 F1800 X-14.507 Y30.912 E4110.75402
G0 F7200 X-15.073 Y30.912
G1 F1800 X-13.624 Y29.463 E4110.91796
G0 F7200 X-14.19 Y29.463
G1 F1800 X-15.638 Y30.912 E4111.08184
G0 F7200 X-16.204 Y30.912
G1 F1800 X-14.755 Y29.463 E4111.24577
G0 F7200 X-15.321 Y29.463
G1 F1800 X-16.77 Y30.912 E4111.40971
G0 F7200 X-17.335 Y30.912
G1 F1800 X-15.887 Y29.463 E4111.57359
G0 F7200 X-16.452 Y29.463
G1 F1800 X-17.901 Y30.912 E4111.73752
G0 F7200 X-18.467 Y30.912
G1 F1800 X-17.019 Y29.464 E4111.90134
G0 F7200 X-17.584 Y29.464
G1 F1800 X-19.032 Y30.912 E4112.06517
G0 F7200 X-19.598 Y30.912
G1 F1800 X-18.15 Y29.464 E4112.22899
G0 F7200 X-18.716 Y29.464
G1 F1800 X-20.164 Y30.912 E4112.39281
G0 F7200 X-20.73 Y30.912
G1 F1800 X-19.281 Y29.464 E4112.55669
G0 F7200 X-19.847 Y29.464
G1 F1800 X-21.295 Y30.912 E4112.72051
G0 F7200 X-21.861 Y30.912
G1 F1800 X-20.413 Y29.464 E4112.88434
G0 F7200 X-20.978 Y29.464
G1 F1800 X-22.427 Y30.912 E4113.04821
G0 F7200 X-22.992 Y30.912
G1 F1800 X-21.545 Y29.464 E4113.21198
G0 F7200 X-22.111 Y29.464
G1 F1800 X-23.558 Y30.912 E4113.37575
G0 F7200 X-24.124 Y30.912
G1 F1800 X-22.676 Y29.464 E4113.53957
G0 F7200 X-23.242 Y29.464
G1 F1800 X-24.689 Y30.912 E4113.70334
G0 F7200 X-25.255 Y30.912
G1 F1800 X-23.808 Y29.464 E4113.8671
G0 F7200 X-24.373 Y29.464
G1 F1800 X-25.821 Y30.912 E4114.03092
G0 F7200 X-26.386 Y30.912
G1 F1800 X-24.939 Y29.464 E4114.19469
G0 F7200 X-25.505 Y29.464
G1 F1800 X-26.952 Y30.912 E4114.35846
G0 F7200 X-27.518 Y30.912
G1 F1800 X-26.071 Y29.465 E4114.52216
G0 F7200 X-26.637 Y29.465
G1 F1800 X-28.083 Y30.912 E4114.68582
G0 F7200 X-28.649 Y30.912
G1 F1800 X-27.202 Y29.465 E4114.84953
G0 F7200 X-27.768 Y29.465
G1 F1800 X-29.215 Y30.912 E4115.01324
G0 F7200 X-29.781 Y30.912
G1 F1800 X-28.334 Y29.465 E4115.17695
G0 F7200 X-28.899 Y29.465
G1 F1800 X-30.346 Y30.912 E4115.34066
G0 F7200 X-30.912 Y30.912
G1 F1800 X-29.465 Y29.465 E4115.50436
G0 F7200 X-30.031 Y29.465
G1 F1800 X-31.478 Y30.912 E4115.66807
G0 F7200 X-32.043 Y30.912
G1 F1800 X-30.597 Y29.465 E4115.83173
G0 F7200 X-31.163 Y29.466
G1 F1800 X-32.609 Y30.912 E4115.99532
G0 F7200 X-33.175 Y30.912
G1 F1800 X-31.729 Y29.466 E4116.15892
G0 F7200 X-32.294 Y29.466
G1 F1800 X-33.74 Y30.912 E4116.32252
G0 F7200 X-34.306 Y30.912
G1 F1800 X-32.86 Y29.466 E4116.48611
G0 F7200 X-33.426 Y29.466
G1 F1800 X-34.872 Y30.912 E4116.64971
G0 F7200 X-35.437 Y30.912
G1 F1800 X-33.991 Y29.466 E4116.8133
G0 F7200 X-34.557 Y29.466
G1 F1800 X-36.003 Y30.912 E4116.9769
G0 F7200 X-36.569 Y30.912
G1 F1800 X-35.123 Y29.466 E4117.1405
G0 F7200 X-35.689 Y29.467
G1 F1800 X-37.134 Y30.912 E4117.30398
G0 F7200 X-37.7 Y30.912
G1 F1800 X-36.255 Y29.467 E4117.46746
G0 F7200 X-36.82 Y29.467
G1 F1800 X-38.266 Y30.912 E4117.631
G0 F7200 X-38.831 Y30.912
G1 F1800 X-37.386 Y29.467 E4117.79449
G0 F7200 X-37.952 Y29.467
G1 F1800 X-39.397 Y30.912 E4117.95797
G0 F7200 X-39.963 Y30.912
G1 F1800 X-38.518 Y29.467 E4118.12145
G0 F7200 X-39.083 Y29.467
G1 F1800 X-40.529 Y30.912 E4118.28499
G0 F7200 X-41.094 Y30.912
G1 F1800 X-39.649 Y29.467 E4118.44847
G0 F7200 X-40.215 Y29.467
G1 F1800 X-41.66 Y30.912 E4118.61196
G0 F7200 X-42.226 Y30.912
G1 F1800 X-40.781 Y29.467 E4118.77544
G0 F7200 X-41.347 Y29.467
G1 F1800 X-42.791 Y30.912 E4118.93887
G0 F7200 X-43.357 Y30.912
G1 F1800 X-41.912 Y29.467 E4119.10235
G0 F7200 X-42.478 Y29.467
G1 F1800 X-43.923 Y30.912 E4119.26583
G0 F7200 X-44.488 Y30.912
G1 F1800 X-43.044 Y29.467 E4119.42926
G0 F7200 X-43.609 Y29.467
G1 F1800 X-45.054 Y30.912 E4119.59274
G0 F7200 X-45.62 Y30.912
G1 F1800 X-44.175 Y29.467 E4119.75623
G0 F7200 X-44.741 Y29.468
G1 F1800 X-46.185 Y30.912 E4119.9196
G0 F7200 X-46.751 Y30.912
G1 F1800 X-45.307 Y29.468 E4120.08297
G0 F7200 X-45.873 Y29.468
G1 F1800 X-47.317 Y30.912 E4120.24634
G0 F7200 X-47.882 Y30.912
G1 F1800 X-46.439 Y29.468 E4120.40965
G0 F7200 X-47.004 Y29.468
G1 F1800 X-48.448 Y30.912 E4120.57302
G0 F7200 X-49.014 Y30.912
G1 F1800 X-47.57 Y29.468 E4120.73639
G0 F7200 X-48.136 Y29.468
G1 F1800 X-49.579 Y30.912 E4120.8997
G0 F7200 X-50.145 Y30.912
G1 F1800 X-48.701 Y29.468 E4121.06307
G0 F7200 X-49.268 Y29.469
G1 F1800 X-50.711 Y30.912 E4121.22633
G0 F7200 X-51.277 Y30.912
G1 F1800 X-49.833 Y29.469 E4121.38964
G0 F7200 X-50.399 Y29.469
G1 F1800 X-51.842 Y30.912 E4121.5529
G0 F7200 X-52.408 Y30.912
G1 F1800 X-50.965 Y29.469 E4121.71616
G0 F7200 X-51.53 Y29.469
G1 F1800 X-52.974 Y30.912 E4121.87947
G0 F7200 X-53.539 Y30.912
G1 F1800 X-52.096 Y29.469 E4122.04273
G0 F7200 X-52.662 Y29.469
G1 F1800 X-54.105 Y30.912 E4122.20598
G0 F7200 X-54.671 Y30.912
G1 F1800 X-53.227 Y29.469 E4122.3693
G0 F7200 X-53.794 Y29.469
G1 F1800 X-55.236 Y30.912 E4122.5325
G0 F7200 X-55.802 Y30.912
G1 F1800 X-54.36 Y29.469 E4122.6957
G0 F7200 X-54.925 Y29.469
G1 F1800 X-56.368 Y30.912 E4122.85895
G0 F7200 X-56.933 Y30.912
G1 F1800 X-55.491 Y29.469 E4123.02215
G0 F7200 X-56.057 Y29.469
G1 F1800 X-57.499 Y30.912 E4123.18535
G0 F7200 X-58.065 Y30.912
G1 F1800 X-56.622 Y29.469 E4123.34861
G0 F7200 X-57.188 Y29.469
G1 F1800 X-58.63 Y30.912 E4123.51181
G0 F7200 X-59.196 Y30.912
G1 F1800 X-57.754 Y29.469 E4123.67501
G0 F7200 X-58.319 Y29.469
G1 F1800 X-59.762 Y30.912 E4123.83827
G0 F7200 X-60.328 Y30.912
G1 F1800 X-58.886 Y29.47 E4124.00141
G0 F7200 X-59.451 Y29.47
G1 F1800 X-60.893 Y30.912 E4124.16456
G0 F7200 X-61.459 Y30.912
G1 F1800 X-60.017 Y29.47 E4124.3277
G0 F7200 X-60.583 Y29.47
G1 F1800 X-62.025 Y30.912 E4124.49084
G0 F7200 X-62.59 Y30.912
G1 F1800 X-61.148 Y29.47 E4124.65399
G0 F7200 X-61.714 Y29.47
G1 F1800 X-63.156 Y30.912 E4124.81713
G0 F7200 X-63.722 Y30.912
G1 F1800 X-62.28 Y29.47 E4124.98027
G0 F7200 X-62.846 Y29.47
G1 F1800 X-64.287 Y30.912 E4125.14336
G0 F7200 X-64.853 Y30.912
G1 F1800 X-63.412 Y29.471 E4125.30639
G0 F7200 X-63.978 Y29.471
G1 F1800 X-65.419 Y30.912 E4125.46942
G0 F7200 X-65.984 Y30.912
G1 F1800 X-64.543 Y29.471 E4125.63245
G0 F7200 X-65.109 Y29.471
G1 F1800 X-66.55 Y30.912 E4125.79548
G0 F7200 X-67.116 Y30.912
G1 F1800 X-65.675 Y29.471 E4125.95851
G0 F7200 X-66.24 Y29.471
G1 F1800 X-67.681 Y30.912 E4126.12154
G0 F7200 X-68.247 Y30.912
G1 F1800 X-66.806 Y29.471 E4126.28458
G0 F7200 X-67.372 Y29.471
G1 F1800 X-68.813 Y30.912 E4126.44761
G0 F7200 X-69.378 Y30.912
G1 F1800 X-67.834 Y29.368 E4126.62229
G0 F7200 X-67.978 Y28.946
G1 F1800 X-69.424 Y30.391 E4126.78583
G0 F7200 X-69.424 Y29.826
G1 F1800 X-67.978 Y28.38 E4126.94943
G0 F7200 X-67.978 Y27.815
G1 F1800 X-69.424 Y29.26 E4127.11297
G0 F7200 X-69.424 Y28.694
G1 F1800 X-67.978 Y27.249 E4127.2765
G0 F7200 X-67.978 Y26.683
G1 F1800 X-69.424 Y28.129 E4127.4401
G0 F7200 X-69.424 Y27.563
G1 F1800 X-67.978 Y26.118 E4127.60364
G0 F7200 X-67.978 Y25.552
G1 F1800 X-69.424 Y26.997 E4127.76718
G0 F7200 X-69.424 Y26.432
G1 F1800 X-67.978 Y24.986 E4127.93078
G0 F7200 X-67.978 Y24.421
G1 F1800 X-69.424 Y25.866 E4128.09432
G0 F7200 X-69.424 Y25.3
G1 F1800 X-67.978 Y23.855 E4128.25786
G0 F7200 X-67.978 Y23.289
G1 F1800 X-69.424 Y24.735 E4128.42145
G0 F7200 X-69.424 Y24.169
G1 F1800 X-67.978 Y22.724 E4128.58499
G0 F7200 X-67.979 Y22.159
G1 F1800 X-69.424 Y23.603 E4128.74842
G0 F7200 X-69.424 Y23.038
G1 F1800 X-67.979 Y21.593 E4128.9119
G0 F7200 X-67.979 Y21.027
G1 F1800 X-69.424 Y22.472 E4129.07538
G0 F7200 X-69.424 Y21.906
G1 F1800 X-67.979 Y20.462 E4129.23881
G0 F7200 X-67.979 Y19.896
G1 F1800 X-69.424 Y21.34 E4129.40224
G0 F7200 X-69.424 Y20.775
G1 F1800 X-67.979 Y19.33 E4129.56572
G0 F7200 X-67.979 Y18.764
G1 F1800 X-69.424 Y20.209 E4129.7292
G0 F7200 X-69.424 Y19.643
G1 F1800 X-67.979 Y18.199 E4129.89263
G0 F7200 X-67.979 Y17.633
G1 F1800 X-69.424 Y19.078 E4130.05611
G0 F7200 X-69.424 Y18.512
G1 F1800 X-67.979 Y17.067 E4130.2196
G0 F7200 X-67.979 Y16.502
G1 F1800 X-69.424 Y17.946 E4130.38302
G0 F7200 X-69.424 Y17.381
G1 F1800 X-67.979 Y15.936 E4130.54651
G0 F7200 X-67.98 Y15.371
G1 F1800 X-69.424 Y16.815 E4130.70988
G0 F7200 X-69.424 Y16.249
G1 F1800 X-67.98 Y14.805 E4130.87325
G0 F7200 X-67.98 Y14.24
G1 F1800 X-69.424 Y15.684 E4131.03662
G0 F7200 X-69.424 Y15.118
G1 F1800 X-67.98 Y13.674 E4131.19999
G0 F7200 X-67.98 Y13.108
G1 F1800 X-69.424 Y14.552 E4131.36336
G0 F7200 X-69.424 Y13.987
G1 F1800 X-67.98 Y12.543 E4131.52673
G0 F7200 X-67.98 Y11.977
G1 F1800 X-69.424 Y13.421 E4131.6901
G0 F7200 X-69.424 Y12.855
G1 F1800 X-67.98 Y11.411 E4131.85347
G0 F7200 X-67.98 Y10.846
G1 F1800 X-69.424 Y12.29 E4132.01684
G0 F7200 X-69.424 Y11.724
G1 F1800 X-67.98 Y10.28 E4132.18021
G0 F7200 X-67.98 Y9.714
G1 F1800 X-69.424 Y11.158 E4132.34358
G0 F7200 X-69.424 Y10.592
G1 F1800 X-67.98 Y9.149 E4132.50689
G0 F7200 X-67.981 Y8.584
G1 F1800 X-69.424 Y10.027 E4132.67015
G0 F7200 X-69.424 Y9.461
G1 F1800 X-67.981 Y8.018 E4132.8334
G0 F7200 X-67.981 Y7.452
G1 F1800 X-69.424 Y8.895 E4132.99666
G0 F7200 X-69.424 Y8.33
G1 F1800 X-67.981 Y6.887 E4133.15992
G0 F7200 X-67.981 Y6.321
G1 F1800 X-69.424 Y7.764 E4133.32317
G0 F7200 X-69.424 Y7.198
G1 F1800 X-67.981 Y5.755 E4133.48643
G0 F7200 X-67.981 Y5.189
G1 F1800 X-69.424 Y6.633 E4133.64974
G0 F7200 X-69.424 Y6.067
G1 F1800 X-67.981 Y4.624 E4133.813
G0 F7200 X-67.981 Y4.058
G1 F1800 X-69.424 Y5.501 E4133.97626
G0 F7200 X-69.424 Y4.936
G1 F1800 X-67.981 Y3.492 E4134.13957
G0 F7200 X-67.981 Y2.927
G1 F1800 X-69.424 Y4.37 E4134.30283
G0 F7200 X-69.424 Y3.804
G1 F1800 X-67.981 Y2.362 E4134.46603
G0 F7200 X-67.981 Y1.796
G1 F1800 X-69.424 Y3.239 E4134.62928
G0 F7200 X-69.424 Y2.673
G1 F1800 X-67.981 Y1.23 E4134.79254
G0 F7200 X-67.981 Y0.665
G1 F1800 X-69.424 Y2.107 E4134.95574
G0 F7200 X-69.424 Y1.541
G1 F1800 X-67.981 Y0.099 E4135.11894
G0 F7200 X-67.981 Y-.467
G1 F1800 X-69.424 Y0.976 E4135.2822
G0 F7200 X-69.424 Y0.41
G1 F1800 X-67.981 Y-1.032 E4135.4454
G0 F7200 X-67.981 Y-1.598
G1 F1800 X-69.424 Y-.156 E4135.6086
G0 F7200 X-69.424 Y-.721
G1 F1800 X-67.981 Y-2.164 E4135.77186
G0 F7200 X-67.981 Y-2.729
G1 F1800 X-69.424 Y-1.287 E4135.93506
G0 F7200 X-69.424 Y-1.853
G1 F1800 X-67.981 Y-3.295 E4136.09826
G0 F7200 X-67.981 Y-3.861
G1 F1800 X-69.424 Y-2.418 E4136.26151
G0 F7200 X-69.424 Y-2.984
G1 F1800 X-67.982 Y-4.426 E4136.42466
G0 F7200 X-67.982 Y-4.991
G1 F1800 X-69.424 Y-3.55 E4136.58774
G0 F7200 X-69.424 Y-4.115
G1 F1800 X-67.982 Y-5.557 E4136.75089
G0 F7200 X-67.982 Y-6.123
G1 F1800 X-69.424 Y-4.681 E4136.91403
G0 F7200 X-69.424 Y-5.247
G1 F1800 X-67.982 Y-6.689 E4137.07717
G0 F7200 X-67.982 Y-7.254
G1 F1800 X-69.424 Y-5.812 E4137.24032
G0 F7200 X-69.424 Y-6.378
G1 F1800 X-67.982 Y-7.82 E4137.40346
G0 F7200 X-67.982 Y-8.386
G1 F1800 X-69.424 Y-6.944 E4137.56661
G0 F7200 X-69.424 Y-7.509
G1 F1800 X-67.982 Y-8.951 E4137.72975
G0 F7200 X-67.982 Y-9.517
G1 F1800 X-69.424 Y-8.075 E4137.89289
G0 F7200 X-69.424 Y-8.641
G1 F1800 X-67.982 Y-10.083 E4138.05604
G0 F7200 X-67.982 Y-10.648
G1 F1800 X-69.424 Y-9.207 E4138.21912
G0 F7200 X-69.424 Y-9.772
G1 F1800 X-67.983 Y-11.213 E4138.38215
G0 F7200 X-67.983 Y-11.779
G1 F1800 X-69.424 Y-10.338 E4138.54518
G0 F7200 X-69.424 Y-10.904
G1 F1800 X-67.983 Y-12.345 E4138.70822
G0 F7200 X-67.983 Y-12.91
G1 F1800 X-69.424 Y-11.469 E4138.87125
G0 F7200 X-69.424 Y-12.035
G1 F1800 X-67.983 Y-13.476 E4139.03428
G0 F7200 X-67.983 Y-14.042
G1 F1800 X-69.424 Y-12.601 E4139.19731
G0 F7200 X-69.424 Y-13.166
G1 F1800 X-67.983 Y-14.607 E4139.36034
G0 F7200 X-67.983 Y-15.173
G1 F1800 X-69.424 Y-13.732 E4139.52337
G0 F7200 X-69.424 Y-14.298
G1 F1800 X-67.983 Y-15.739 E4139.6864
G0 F7200 X-67.983 Y-16.304
G1 F1800 X-69.424 Y-14.863 E4139.84943
G0 F7200 X-69.424 Y-15.429
G1 F1800 X-67.983 Y-16.87 E4140.01246
G0 F7200 X-67.983 Y-17.436
G1 F1800 X-69.424 Y-15.995 E4140.17549
G0 F7200 X-69.424 Y-16.56
G1 F1800 X-67.983 Y-18.001 E4140.33852
G0 F7200 X-67.983 Y-18.567
G1 F1800 X-69.424 Y-17.126 E4140.50155
G0 F7200 X-69.424 Y-17.692
G1 F1800 X-67.983 Y-19.132 E4140.66453
G0 F7200 X-67.983 Y-19.698
G1 F1800 X-69.424 Y-18.257 E4140.82756
G0 F7200 X-69.424 Y-18.823
G1 F1800 X-67.983 Y-20.264 E4140.99059
G0 F7200 X-67.983 Y-20.829
G1 F1800 X-69.424 Y-19.389 E4141.15356
G0 F7200 X-69.424 Y-19.955
G1 F1800 X-67.983 Y-21.395 E4141.31653
G0 F7200 X-67.983 Y-21.961
G1 F1800 X-69.424 Y-20.52 E4141.47956
G0 F7200 X-69.424 Y-21.086
G1 F1800 X-67.983 Y-22.526 E4141.64254
G0 F7200 X-67.983 Y-23.092
G1 F1800 X-69.424 Y-21.652 E4141.80551
G0 F7200 X-69.424 Y-22.217
G1 F1800 X-67.983 Y-23.658 E4141.96854
G0 F7200 X-67.984 Y-24.223
G1 F1800 X-69.424 Y-22.783 E4142.13146
G0 F7200 X-69.424 Y-23.349
G1 F1800 X-67.984 Y-24.788 E4142.29432
G0 F7200 X-67.984 Y-25.354
G1 F1800 X-69.424 Y-23.914 E4142.45724
G0 F7200 X-69.424 Y-24.48
G1 F1800 X-67.984 Y-25.92 E4142.62016
G0 F7200 X-67.984 Y-26.485
G1 F1800 X-69.424 Y-25.046 E4142.78302
G0 F7200 X-69.424 Y-25.611
G1 F1800 X-67.984 Y-27.051 E4142.94593
G0 F7200 X-67.984 Y-27.617
G1 F1800 X-69.424 Y-26.177 E4143.10885
G0 F7200 X-69.424 Y-26.743
G1 F1800 X-67.984 Y-28.182 E4143.27171
G0 F7200 X-67.984 Y-28.748
G1 F1800 X-69.424 Y-27.308 E4143.43463
G0 F7200 X-69.424 Y-27.874
G1 F1800 X-67.984 Y-29.314 E4143.59755
G0 F7200 X-67.984 Y-29.88
G1 F1800 X-69.424 Y-28.44 E4143.76047
G0 F7200 X-69.424 Y-29.006
G1 F1800 X-67.984 Y-30.445 E4143.92333
G0 F7200 X-67.896 Y-31.099
G1 F1800 X-69.424 Y-29.571 E4144.0962
G0 F7200 X-69.424 Y-30.137
G1 F1800 X-66.833 Y-32.728 E4144.38934
G0 F7200 X-66.267 Y-32.728
G1 F1800 X-67.786 Y-31.209 E4144.56119
G0 F7200 X-67.151 Y-31.278
G1 F1800 X-65.702 Y-32.728 E4144.72519
G0 F7200 X-65.136 Y-32.728
G1 F1800 X-66.585 Y-31.278 E4144.88918
G0 F7200 X-66.02 Y-31.278
G1 F1800 X-64.57 Y-32.728 E4145.05323
G0 F7200 X-64.004 Y-32.728
G1 F1800 X-65.454 Y-31.278 E4145.21727
G0 F7200 X-64.888 Y-31.278
G1 F1800 X-63.439 Y-32.728 E4145.38127
G0 F7200 X-62.873 Y-32.728
G1 F1800 X-64.323 Y-31.278 E4145.54532
G0 F7200 X-63.757 Y-31.278
G1 F1800 X-62.307 Y-32.728 E4145.70936
G0 F7200 X-61.742 Y-32.728
G1 F1800 X-63.191 Y-31.279 E4145.8733
G0 F7200 X-62.625 Y-31.279
G1 F1800 X-61.176 Y-32.728 E4146.03724
G0 F7200 X-60.61 Y-32.728
G1 F1800 X-62.059 Y-31.279 E4146.20117
G0 F7200 X-61.494 Y-31.279
G1 F1800 X-60.045 Y-32.728 E4146.36511
G0 F7200 X-59.479 Y-32.728
G1 F1800 X-60.928 Y-31.279 E4146.52904
G0 F7200 X-60.362 Y-31.279
G1 F1800 X-58.913 Y-32.728 E4146.69298
G0 F7200 X-58.348 Y-32.728
G1 F1800 X-59.796 Y-31.279 E4146.85686
G0 F7200 X-59.231 Y-31.279
G1 F1800 X-57.782 Y-32.728 E4147.02079
G0 F7200 X-57.216 Y-32.728
G1 F1800 X-58.664 Y-31.28 E4147.18462
G0 F7200 X-58.099 Y-31.28
G1 F1800 X-56.651 Y-32.728 E4147.34844
G0 F7200 X-56.085 Y-32.728
G1 F1800 X-57.533 Y-31.28 E4147.51226
G0 F7200 X-56.967 Y-31.28
G1 F1800 X-55.519 Y-32.728 E4147.67608
G0 F7200 X-54.954 Y-32.728
G1 F1800 X-56.402 Y-31.28 E4147.83991
G0 F7200 X-55.836 Y-31.28
G1 F1800 X-54.388 Y-32.728 E4148.00373
G0 F7200 X-53.822 Y-32.728
G1 F1800 X-55.27 Y-31.28 E4148.16755
G0 F7200 X-54.704 Y-31.28
G1 F1800 X-53.256 Y-32.728 E4148.33137
G0 F7200 X-52.691 Y-32.728
G1 F1800 X-54.138 Y-31.28 E4148.49514
G0 F7200 X-53.573 Y-31.28
G1 F1800 X-52.125 Y-32.728 E4148.65896
G0 F7200 X-51.559 Y-32.728
G1 F1800 X-53.007 Y-31.28 E4148.82278
G0 F7200 X-52.441 Y-31.28
G1 F1800 X-50.994 Y-32.728 E4148.98655
G0 F7200 X-50.428 Y-32.728
G1 F1800 X-51.875 Y-31.28 E4149.15032
G0 F7200 X-51.31 Y-31.28
G1 F1800 X-49.862 Y-32.728 E4149.31414
G0 F7200 X-49.297 Y-32.728
G1 F1800 X-50.744 Y-31.28 E4149.4779
G0 F7200 X-50.178 Y-31.281
G1 F1800 X-48.731 Y-32.728 E4149.64161
G0 F7200 X-48.165 Y-32.728
G1 F1800 X-49.612 Y-31.281 E4149.80532
G0 F7200 X-49.046 Y-31.281
G1 F1800 X-47.6 Y-32.728 E4149.96898
G0 F7200 X-47.034 Y-32.728
G1 F1800 X-48.481 Y-31.281 E4150.13269
G0 F7200 X-47.915 Y-31.281
G1 F1800 X-46.468 Y-32.728 E4150.29639
G0 F7200 X-45.903 Y-32.728
G1 F1800 X-47.349 Y-31.281 E4150.46005
G0 F7200 X-46.784 Y-31.281
G1 F1800 X-45.337 Y-32.728 E4150.62376
G0 F7200 X-44.771 Y-32.728
G1 F1800 X-46.218 Y-31.281 E4150.78747
G0 F7200 X-45.652 Y-31.282
G1 F1800 X-44.205 Y-32.728 E4150.95112
G0 F7200 X-43.64 Y-32.728
G1 F1800 X-45.086 Y-31.282 E4151.11472
G0 F7200 X-44.52 Y-31.282
G1 F1800 X-43.074 Y-32.728 E4151.27831
G0 F7200 X-42.508 Y-32.728
G1 F1800 X-43.954 Y-31.282 E4151.44191
G0 F7200 X-43.389 Y-31.282
G1 F1800 X-41.943 Y-32.728 E4151.6055
G0 F7200 X-41.377 Y-32.728
G1 F1800 X-42.823 Y-31.282 E4151.7691
G0 F7200 X-42.257 Y-31.282
G1 F1800 X-40.811 Y-32.728 E4151.9327
G0 F7200 X-40.246 Y-32.728
G1 F1800 X-41.691 Y-31.282 E4152.09624
G0 F7200 X-41.125 Y-31.282
G1 F1800 X-39.68 Y-32.728 E4152.25978
G0 F7200 X-39.114 Y-32.728
G1 F1800 X-40.56 Y-31.282 E4152.42337
G0 F7200 X-39.994 Y-31.282
G1 F1800 X-38.549 Y-32.728 E4152.58691
G0 F7200 X-37.983 Y-32.728
G1 F1800 X-39.428 Y-31.282 E4152.75045
G0 F7200 X-38.863 Y-31.282
G1 F1800 X-37.417 Y-32.728 E4152.91405
G0 F7200 X-36.852 Y-32.728
G1 F1800 X-38.297 Y-31.282 E4153.07759
G0 F7200 X-37.731 Y-31.282
G1 F1800 X-36.286 Y-32.728 E4153.24113
G0 F7200 X-35.72 Y-32.728
G1 F1800 X-37.165 Y-31.283 E4153.40461
G0 F7200 X-36.599 Y-31.283
G1 F1800 X-35.155 Y-32.728 E4153.56804
G0 F7200 X-34.589 Y-32.728
G1 F1800 X-36.033 Y-31.283 E4153.73146
G0 F7200 X-35.468 Y-31.283
G1 F1800 X-34.023 Y-32.728 E4153.89495
G0 F7200 X-33.457 Y-32.728
G1 F1800 X-34.902 Y-31.283 E4154.05843
G0 F7200 X-34.336 Y-31.283
G1 F1800 X-32.892 Y-32.728 E4154.22186
G0 F7200 X-32.326 Y-32.728
G1 F1800 X-33.771 Y-31.283 E4154.38534
G0 F7200 X-33.204 Y-31.284
G1 F1800 X-31.76 Y-32.728 E4154.54871
G0 F7200 X-31.195 Y-32.728
G1 F1800 X-32.639 Y-31.284 E4154.71208
G0 F7200 X-32.073 Y-31.284
G1 F1800 X-30.629 Y-32.728 E4154.87545
G0 F7200 X-30.063 Y-32.728
G1 F1800 X-31.507 Y-31.284 E4155.03882
G0 F7200 X-30.942 Y-31.284
G1 F1800 X-29.498 Y-32.728 E4155.20219
G0 F7200 X-28.932 Y-32.728
G1 F1800 X-30.376 Y-31.284 E4155.36556
G0 F7200 X-29.81 Y-31.284
G1 F1800 X-28.366 Y-32.728 E4155.52893
G0 F7200 X-27.801 Y-32.728
G1 F1800 X-29.245 Y-31.284 E4155.6923
G0 F7200 X-28.678 Y-31.285
G1 F1800 X-27.235 Y-32.728 E4155.85556
G0 F7200 X-26.669 Y-32.728
G1 F1800 X-28.112 Y-31.285 E4156.01881
G0 F7200 X-27.547 Y-31.285
G1 F1800 X-26.104 Y-32.728 E4156.18207
G0 F7200 X-25.538 Y-32.728
G1 F1800 X-26.981 Y-31.285 E4156.34533
G0 F7200 X-26.415 Y-31.285
G1 F1800 X-24.972 Y-32.728 E4156.50858
G0 F7200 X-24.406 Y-32.728
G1 F1800 X-25.85 Y-31.285 E4156.6719
G0 F7200 X-25.284 Y-31.285
G1 F1800 X-23.841 Y-32.728 E4156.83515
G0 F7200 X-23.275 Y-32.728
G1 F1800 X-24.718 Y-31.285 E4156.99841
G0 F7200 X-24.152 Y-31.285
G1 F1800 X-22.709 Y-32.728 E4157.16167
G0 F7200 X-22.144 Y-32.728
G1 F1800 X-23.586 Y-31.285 E4157.32487
G0 F7200 X-23.021 Y-31.285
G1 F1800 X-21.578 Y-32.728 E4157.48812
G0 F7200 X-21.012 Y-32.728
G1 F1800 X-22.455 Y-31.285 E4157.65138
G0 F7200 X-21.889 Y-31.285
G1 F1800 X-20.447 Y-32.728 E4157.81458
G0 F7200 X-19.881 Y-32.728
G1 F1800 X-21.324 Y-31.285 E4157.97784
G0 F7200 X-20.758 Y-31.285
G1 F1800 X-19.315 Y-32.728 E4158.14109
G0 F7200 X-18.75 Y-32.728
G1 F1800 X-20.191 Y-31.286 E4158.30418
G0 F7200 X-19.626 Y-31.286
G1 F1800 X-18.184 Y-32.728 E4158.46732
G0 F7200 X-17.618 Y-32.728
G1 F1800 X-19.06 Y-31.286 E4158.63047
G0 F7200 X-18.494 Y-31.286
G1 F1800 X-17.053 Y-32.728 E4158.79356
G0 F7200 X-16.487 Y-32.728
G1 F1800 X-17.929 Y-31.286 E4158.9567
G0 F7200 X-17.363 Y-31.286
G1 F1800 X-15.921 Y-32.728 E4159.11984
G0 F7200 X-15.356 Y-32.728
G1 F1800 X-16.797 Y-31.286 E4159.28293
G0 F7200 X-16.232 Y-31.286
G1 F1800 X-14.79 Y-32.728 E4159.44607
G0 F7200 X-14.224 Y-32.728
G1 F1800 X-15.665 Y-31.287 E4159.6091
G0 F7200 X-15.1 Y-31.287
G1 F1800 X-13.658 Y-32.728 E4159.77219
G0 F7200 X-13.093 Y-32.728
G1 F1800 X-14.534 Y-31.287 E4159.93522
G0 F7200 X-13.968 Y-31.287
G1 F1800 X-12.527 Y-32.728 E4160.09825
G0 F7200 X-11.961 Y-32.728
G1 F1800 X-13.403 Y-31.287 E4160.26134
G0 F7200 X-12.837 Y-31.287
G1 F1800 X-11.396 Y-32.728 E4160.42437
G0 F7200 X-10.83 Y-32.728
G1 F1800 X-12.271 Y-31.287 E4160.5874
G0 F7200 X-11.705 Y-31.287
G1 F1800 X-10.264 Y-32.728 E4160.75043
G0 F7200 X-9.699 Y-32.728
G1 F1800 X-11.139 Y-31.287 E4160.91341
G0 F7200 X-10.573 Y-31.287
G1 F1800 X-9.133 Y-32.728 E4161.07638
G0 F7200 X-8.567 Y-32.728
G1 F1800 X-10.008 Y-31.287 E4161.23941
G0 F7200 X-9.442 Y-31.287
G1 F1800 X-8.002 Y-32.728 E4161.40238
G0 F7200 X-7.436 Y-32.728
G1 F1800 X-8.876 Y-31.287 E4161.56536
G0 F7200 X-8.311 Y-31.287
G1 F1800 X-6.87 Y-32.728 E4161.72839
G0 F7200 X-6.305 Y-32.728
G1 F1800 X-7.745 Y-31.287 E4161.89136
G0 F7200 X-7.33 Y-31.137
G1 F1800 X-5.784 Y-32.682 E4162.06622
G0 F7200 X-5.784 Y-32.117
G1 F1800 X-7.228 Y-30.673 E4162.22959
G0 F7200 X-7.228 Y-30.107
G1 F1800 X-5.784 Y-31.551 E4162.39296
G0 F7200 X-5.784 Y-30.985
G1 F1800 X-7.228 Y-29.542 E4162.55627
G0 F7200 X-7.228 Y-28.976
G1 F1800 X-5.784 Y-30.42 E4162.71964
G0 F7200 X-5.784 Y-29.854
G1 F1800 X-7.228 Y-28.41 E4162.88301
G0 F7200 X-7.228 Y-27.844
G1 F1800 X-5.784 Y-29.288 E4163.04638
G0 F7200 X-5.784 Y-28.723
G1 F1800 X-7.228 Y-27.279 E4163.20975
G0 F7200 X-7.228 Y-26.713
G1 F1800 X-5.784 Y-28.157 E4163.37312
G0 F7200 X-5.784 Y-27.591
G1 F1800 X-7.228 Y-26.147 E4163.53649
G0 F7200 X-7.228 Y-25.582
G1 F1800 X-5.784 Y-27.026 E4163.69986
G0 F7200 X-5.784 Y-26.46
G1 F1800 X-7.228 Y-25.016 E4163.86323
G0 F7200 X-7.228 Y-24.45
G1 F1800 X-5.784 Y-25.894 E4164.0266
G0 F7200 X-5.784 Y-25.329
G1 F1800 X-7.228 Y-23.885 E4164.18997
G0 F7200 X-7.228 Y-23.319
G1 F1800 X-5.784 Y-24.763 E4164.35334
G0 F7200 X-5.784 Y-24.197
G1 F1800 X-7.228 Y-22.753 E4164.51671
G0 F7200 X-7.228 Y-22.188
G1 F1800 X-5.784 Y-23.632 E4164.68008
G0 F7200 X-5.784 Y-23.066
G1 F1800 X-7.228 Y-21.622 E4164.84345
G0 F7200 X-7.228 Y-21.056
G1 F1800 X-5.784 Y-22.5 E4165.00682
G0 F7200 X-5.784 Y-21.934
G1 F1800 X-7.228 Y-20.491 E4165.17013
G0 F7200 X-7.228 Y-19.925
G1 F1800 X-5.784 Y-21.369 E4165.3335
G0 F7200 X-5.784 Y-20.803
G1 F1800 X-7.228 Y-19.359 E4165.49687
G0 F7200 X-7.228 Y-18.793
G1 F1800 X-5.784 Y-20.237 E4165.66024
G0 F7200 X-5.784 Y-19.672
G1 F1800 X-7.228 Y-18.228 E4165.82361
G0 F7200 X-7.228 Y-17.662
G1 F1800 X-5.784 Y-19.106 E4165.98698
G0 F7200 X-5.784 Y-18.54
G1 F1800 X-7.228 Y-17.096 E4166.15035
G0 F7200 X-7.228 Y-16.531
G1 F1800 X-5.784 Y-17.975 E4166.31372
G0 F7200 X-5.784 Y-17.409
G1 F1800 X-7.228 Y-15.965 E4166.47709
G0 F7200 X-7.228 Y-15.399
G1 F1800 X-5.784 Y-16.843 E4166.64046
G0 F7200 X-5.784 Y-16.278
G1 F1800 X-7.228 Y-14.834 E4166.80383
G0 F7200 X-7.228 Y-14.268
G1 F1800 X-5.784 Y-15.712 E4166.9672
G0 F7200 X-5.784 Y-15.146
G1 F1800 X-7.228 Y-13.702 E4167.13057
G0 F7200 X-7.228 Y-13.137
G1 F1800 X-5.784 Y-14.581 E4167.29394
G0 F7200 X-5.784 Y-14.015
G1 F1800 X-7.228 Y-12.571 E4167.45731
G0 F7200 X-7.228 Y-12.005
G1 F1800 X-5.784 Y-13.449 E4167.62068
G0 F7200 X-5.784 Y-12.883
G1 F1800 X-7.228 Y-11.44 E4167.78399
G0 F7200 X-7.228 Y-10.874
G1 F1800 X-5.784 Y-12.318 E4167.94736
G0 F7200 X-5.784 Y-11.752
G1 F1800 X-7.228 Y-10.308 E4168.11073
G0 F7200 X-7.228 Y-9.743
G1 F1800 X-5.784 Y-11.186 E4168.27405
G0 F7200 X-5.784 Y-10.621
G1 F1800 X-7.228 Y-9.177 E4168.43742
G0 F7200 X-7.228 Y-8.611
G1 F1800 X-5.784 Y-10.055 E4168.60079
G0 F7200 X-5.784 Y-9.489
G1 F1800 X-7.228 Y-8.045 E4168.76416
G0 F7200 X-7.228 Y-7.48
G1 F1800 X-5.784 Y-8.924 E4168.92753
G0 F7200 X-5.784 Y-8.358
G1 F1800 X-7.228 Y-6.914 E4169.0909
G0 F7200 X-7.228 Y-6.348
G1 F1800 X-5.784 Y-7.792 E4169.25427
G0 F7200 X-5.784 Y-7.227
G1 F1800 X-7.228 Y-5.783 E4169.41764
G0 F7200 X-7.228 Y-5.217
G1 F1800 X-5.784 Y-6.661 E4169.58101
G0 F7200 X-5.784 Y-6.095
G1 F1800 X-7.228 Y-4.651 E4169.74438
G0 F7200 X-7.228 Y-4.086
G1 F1800 X-5.784 Y-5.53 E4169.90775
G0 F7200 X-5.784 Y-4.964
G1 F1800 X-7.228 Y-3.52 E4170.07112
G0 F7200 X-7.228 Y-2.954
G1 F1800 X-5.784 Y-4.398 E4170.23449
G0 F7200 X-5.784 Y-3.833
G1 F1800 X-7.228 Y-2.389 E4170.39786
G0 F7200 X-7.228 Y-1.823
G1 F1800 X-5.784 Y-3.267 E4170.56123
G0 F7200 X-5.784 Y-2.701
G1 F1800 X-7.228 Y-1.257 E4170.7246
G0 F7200 X-7.229 Y-.691
G1 F1800 X-5.784 Y-2.135 E4170.88802
G0 F7200 X-5.784 Y-1.57
G1 F1800 X-7.229 Y-.125 E4171.05151
G0 F7200 X-7.229 Y0.441
G1 F1800 X-5.784 Y-1.004 E4171.21499
G0 F7200 X-5.784 Y-.438
G1 F1800 X-7.229 Y1.006 E4171.37842
G0 F7200 X-7.229 Y1.572
G1 F1800 X-5.784 Y0.127 E4171.5419
G0 F7200 X-5.784 Y0.693
G1 F1800 X-7.229 Y2.138 E4171.70538
G0 F7200 X-7.229 Y2.703
G1 F1800 X-5.784 Y1.259 E4171.86881
G0 F7200 X-5.784 Y1.824
G1 F1800 X-7.229 Y3.269 E4172.03229
G0 F7200 X-7.229 Y3.835
G1 F1800 X-5.784 Y2.39 E4172.19577
G0 F7200 X-5.784 Y2.956
G1 F1800 X-7.229 Y4.4 E4172.3592
G0 F7200 X-7.229 Y4.966
G1 F1800 X-5.784 Y3.521 E4172.52268
G0 F7200 X-5.784 Y4.087
G1 F1800 X-7.229 Y5.532 E4172.68617
G0 F7200 X-7.229 Y6.097
G1 F1800 X-5.784 Y4.653 E4172.84959
G0 F7200 X-5.784 Y5.218
G1 F1800 X-7.229 Y6.663 E4173.01308
G0 F7200 X-7.229 Y7.229
G1 F1800 X-5.784 Y5.784 E4173.17656
G0 F7200 X-5.784 Y6.35
G1 F1800 X-7.229 Y7.794 E4173.33999
G0 F7200 X-7.229 Y8.36
G1 F1800 X-5.784 Y6.916 E4173.50341
G0 F7200 X-5.784 Y7.481
G1 F1800 X-7.229 Y8.926 E4173.6669
G0 F7200 X-7.229 Y9.491
G1 F1800 X-5.784 Y8.047 E4173.83032
G0 F7200 X-5.784 Y8.613
G1 F1800 X-7.229 Y10.057 E4173.99375
G0 F7200 X-7.229 Y10.623
G1 F1800 X-5.784 Y9.178 E4174.15723
G0 F7200 X-5.784 Y9.744
G1 F1800 X-7.229 Y11.189 E4174.32072
G0 F7200 X-7.229 Y11.754
G1 F1800 X-5.784 Y10.31 E4174.48414
G0 F7200 X-5.784 Y10.875
G1 F1800 X-7.229 Y12.32 E4174.64763
G0 F7200 X-7.229 Y12.886
G1 F1800 X-5.784 Y11.441 E4174.81111
G0 F7200 X-5.784 Y12.007
G1 F1800 X-7.229 Y13.451 E4174.97453
G0 F7200 X-7.229 Y14.017
G1 F1800 X-5.784 Y12.572 E4175.13802
G0 F7200 X-5.784 Y13.138
G1 F1800 X-7.229 Y14.583 E4175.3015
G0 F7200 X-7.229 Y15.148
G1 F1800 X-5.784 Y13.704 E4175.46493
G0 F7200 X-5.784 Y14.269
G1 F1800 X-7.229 Y15.714 E4175.62841
G0 F7200 X-7.229 Y16.28
G1 F1800 X-5.784 Y14.835 E4175.79189
G0 F7200 X-5.784 Y15.401
G1 F1800 X-7.229 Y16.845 E4175.95532
G0 F7200 X-7.229 Y17.411
G1 F1800 X-5.784 Y15.966 E4176.1188
G0 F7200 X-5.784 Y16.532
G1 F1800 X-7.229 Y17.977 E4176.28229
G0 F7200 X-7.229 Y18.542
G1 F1800 X-5.784 Y17.098 E4176.44571
G0 F7200 X-5.784 Y17.664
G1 F1800 X-7.229 Y19.108 E4176.60914
G0 F7200 X-7.229 Y19.674
G1 F1800 X-5.784 Y18.229 E4176.77262
G0 F7200 X-5.784 Y18.795
G1 F1800 X-7.229 Y20.24 E4176.93611
G0 F7200 X-7.229 Y20.805
G1 F1800 X-5.784 Y19.361 E4177.09953
G0 F7200 X-5.784 Y19.926
G1 F1800 X-7.229 Y21.371 E4177.26302
G0 F7200 X-7.229 Y21.937
G1 F1800 X-5.784 Y20.492 E4177.4265
G0 F7200 X-5.784 Y21.058
G1 F1800 X-7.229 Y22.502 E4177.58992
G0 F7200 X-7.229 Y23.068
G1 F1800 X-5.784 Y21.623 E4177.75341
G0 F7200 X-5.784 Y22.189
G1 F1800 X-7.229 Y23.634 E4177.91689
G0 F7200 X-7.229 Y24.199
G1 F1800 X-5.784 Y22.755 E4178.08032
G0 F7200 X-5.784 Y23.32
G1 F1800 X-7.229 Y24.765 E4178.2438
G0 F7200 X-7.229 Y25.331
G1 F1800 X-5.784 Y23.886 E4178.40728
G0 F7200 X-5.784 Y24.452
G1 F1800 X-7.229 Y25.896 E4178.57071
G0 F7200 X-7.229 Y26.462
G1 F1800 X-5.784 Y25.017 E4178.73419
G0 F7200 X-5.784 Y25.583
G1 F1800 X-7.229 Y27.028 E4178.89768
G0 F7200 X-7.229 Y27.593
G1 F1800 X-5.784 Y26.149 E4179.0611
G0 F7200 X-5.784 Y26.714
G1 F1800 X-7.229 Y28.159 E4179.22459
G0 F7200 X-7.229 Y28.725
G1 F1800 X-5.784 Y27.28 E4179.38807
G1 X-5.714 Y27.21
G0 F7200 X-67.399 Y-32.728
G1 F1800 X-69.424 Y-30.703 E4179.61717
G0 F7200 X-69.424 Y-31.268
G1 F1800 X-67.964 Y-32.728 E4179.78235
G0 F7200 X-68.53 Y-32.728
G1 F1800 X-69.424 Y-31.834 E4179.8835
G0 F7200 X-69.424 Y-32.4
G1 F1800 X-69.096 Y-32.728 E4179.92061
G0 F7200 X-69.096 Y-32.698
G10
;MESH:base carc vincha prueba 1.stl
G0 X-5.031 Y-33.484
G0 X-3.942 Y-33.484
G0 X6.727 Y-33.484
G0 X7.822 Y-33.484
G0 X8.302 Y-34.514
G0 X8.154 Y-34.631
;TYPE:FILL
G11
G1 F3600 X8.857 Y-33.929 E4180.00008
G1 X8.927 Y-33.859
G0 F7200 X8.482 Y-33.859
G0 X15.58 Y-34.304
G0 X15.58 Y-34.152
G1 F3600 X16.061 Y-34.632 E4180.05445
G0 F7200 X16.061 Y-34.484
G0 X19.468 Y-34.484
G0 X19.468 Y-34.631
G1 F3600 X19.947 Y-34.152 E4180.10864
G0 F7200 X19.947 Y-34.304
G0 X26.894 Y-34.304
G0 X26.894 Y-34.152
G1 F3600 X27.374 Y-34.632 E4180.16295
G0 F7200 X27.374 Y-34.484
G0 X30.782 Y-34.484
G0 X30.782 Y-34.631
G1 F3600 X31.261 Y-34.152 E4180.21714
G0 F7200 X31.261 Y-34.304
G0 X38.208 Y-34.304
G0 X38.208 Y-34.152
G1 F3600 X38.688 Y-34.632 E4180.27144
G0 F7200 X38.688 Y-34.484
G0 X42.095 Y-34.484
G0 X42.095 Y-34.631
G1 F3600 X42.575 Y-34.152 E4180.32569
G0 F7200 X42.575 Y-34.304
G0 X49.522 Y-34.304
G0 X49.522 Y-34.152
G1 F3600 X50.002 Y-34.632 E4180.38
G0 F7200 X50.002 Y-34.484
G0 X53.409 Y-34.484
G0 X53.409 Y-34.631
G1 F3600 X53.889 Y-34.152 E4180.43425
G0 F7200 X53.889 Y-34.304
G0 X60.835 Y-34.304
G0 X60.835 Y-34.152
G1 F3600 X61.315 Y-34.632 E4180.48855
G0 F7200 X61.315 Y-34.484
G0 X64.723 Y-34.484
G0 X64.723 Y-34.631
G1 F3600 X65.202 Y-34.152 E4180.54275
G0 F7200 X65.202 Y-34.304
G0 X71.925 Y-34.304
G0 X71.925 Y-33.928
G1 F3600 X72.629 Y-34.632 E4180.62239
G1 X72.699 Y-34.702
G0 F7200 X72.512 Y-34.514
G0 X72.302 Y-27.202
G0 X72.152 Y-27.202
G1 F3600 X72.632 Y-26.722 E4180.6767
G0 F7200 X72.482 Y-26.722
G0 X72.482 Y-23.321
G0 X72.632 Y-23.321
G1 F3600 X72.152 Y-22.841 E4180.73101
G0 F7200 X72.302 Y-22.841
G0 X72.302 Y-15.889
G0 X72.152 Y-15.889
G1 F3600 X72.632 Y-15.409 E4180.78531
G0 F7200 X72.482 Y-15.409
G0 X72.482 Y-12.007
G0 X72.632 Y-12.007
G1 F3600 X72.152 Y-11.527 E4180.83962
G0 F7200 X72.302 Y-11.527
G0 X72.302 Y-4.575
G0 X72.152 Y-4.575
G1 F3600 X72.632 Y-4.095 E4180.89392
G0 F7200 X72.482 Y-4.095
G0 X72.482 Y-.694
G0 X72.632 Y-.694
G1 F3600 X72.152 Y-.214 E4180.94823
G0 F7200 X72.302 Y-.214
G0 X72.302 Y6.739
G0 X72.152 Y6.739
G1 F3600 X72.632 Y7.219 E4181.00254
G0 F7200 X72.482 Y7.219
G0 X72.482 Y10.62
G0 X72.632 Y10.62
G1 F3600 X72.152 Y11.1 E4181.05684
G0 F7200 X72.302 Y11.1
G0 X72.302 Y18.052
G0 X72.152 Y18.052
G1 F3600 X72.632 Y18.533 E4181.1112
G0 F7200 X72.482 Y18.533
G0 X72.482 Y21.934
G0 X72.632 Y21.934
G1 F3600 X72.152 Y22.414 E4181.16551
G0 F7200 X72.302 Y22.414
G0 X72.302 Y29.141
G0 X71.927 Y29.141
G1 F3600 X72.628 Y29.843 E4181.24488
G1 X72.698 Y29.913
G0 F7200 X72.512 Y29.726
G0 X65.202 Y29.516
G0 X65.202 Y29.364
G1 F3600 X64.722 Y29.843 E4181.29912
G0 F7200 X64.722 Y29.696
G0 X61.315 Y29.696
G0 X61.315 Y29.843
G1 F3600 X60.836 Y29.364 E4181.35332
G0 F7200 X60.836 Y29.516
G0 X53.888 Y29.516
G0 X53.888 Y29.364
G1 F3600 X53.408 Y29.843 E4181.40757
G0 F7200 X53.408 Y29.696
G0 X50.001 Y29.696
G0 X50.001 Y29.843
G1 F3600 X49.522 Y29.364 E4181.46176
G0 F7200 X49.522 Y29.516
G0 X42.574 Y29.516
G0 X42.574 Y29.364
G1 F3600 X42.095 Y29.843 E4181.51595
G0 F7200 X42.095 Y29.696
G0 X38.687 Y29.696
G0 X38.687 Y29.843
G1 F3600 X38.209 Y29.364 E4181.57009
G0 F7200 X38.209 Y29.516
G0 X31.26 Y29.516
G0 X31.26 Y29.364
G1 F3600 X30.781 Y29.843 E4181.62428
G0 F7200 X30.781 Y29.696
G0 X27.374 Y29.696
G0 X27.374 Y29.843
G1 F3600 X26.895 Y29.364 E4181.67847
G0 F7200 X26.895 Y29.516
G0 X19.947 Y29.516
G0 X19.947 Y29.364
G1 F3600 X19.467 Y29.843 E4181.73272
G0 F7200 X19.467 Y29.696
G0 X16.06 Y29.696
G0 X16.06 Y29.843
G1 F3600 X15.581 Y29.364 E4181.78692
G0 F7200 X15.581 Y29.516
G0 X8.554 Y29.444
G0 X8.857 Y29.14
G1 F3600 X8.154 Y29.843 E4181.86645
G1 X8.084 Y29.913
G0 F7200 X8.272 Y29.726
G0 X8.482 Y22.415
G0 X8.632 Y22.415
G1 F3600 X8.153 Y21.936 E4181.92064
G0 F7200 X8.302 Y21.936
G0 X8.302 Y18.53
G0 X8.153 Y18.53
G1 F3600 X8.632 Y18.051 E4181.97484
G0 F7200 X8.482 Y18.051
G0 X8.482 Y11.102
G0 X8.632 Y11.102
G1 F3600 X8.153 Y10.622 E4182.02909
G0 F7200 X8.302 Y10.622
G0 X8.302 Y7.217
G0 X8.153 Y7.217
G1 F3600 X8.632 Y6.737 E4182.08333
G0 F7200 X8.482 Y6.737
G0 X8.482 Y-.212
G0 X8.632 Y-.212
G1 F3600 X8.153 Y-.692 E4182.13758
G0 F7200 X8.302 Y-.692
G0 X8.302 Y-4.097
G0 X8.153 Y-4.097
G1 F3600 X8.632 Y-4.576 E4182.19178
G0 F7200 X8.482 Y-4.576
G0 X8.482 Y-11.526
G0 X8.632 Y-11.526
G1 F3600 X8.153 Y-12.005 E4182.24597
G0 F7200 X8.302 Y-12.005
G0 X8.302 Y-15.411
G0 X8.153 Y-15.411
G1 F3600 X8.632 Y-15.89 E4182.30016
G0 F7200 X8.482 Y-15.89
G0 X8.482 Y-22.84
G0 X8.632 Y-22.84
G1 F3600 X8.153 Y-23.319 E4182.35435
G0 F7200 X8.302 Y-23.319
G0 X8.302 Y-26.724
G0 X8.153 Y-26.724
G1 F3600 X8.632 Y-27.204 E4182.4086
G0 F7200 X8.482 Y-27.204
G0 X8.554 Y29.444
G0 X72.23 Y29.444
G0 X71.816 Y29.028
;TYPE:WALL-INNER
G1 F3600 X71.481 Y29.204 E4182.43888
G1 X9.392 Y29.204 E4187.406
G1 X8.967 Y29.029 E4187.44277
G1 X8.792 Y28.693 E4187.47307
G1 X8.792 Y-33.392 E4192.43987
G1 X8.967 Y-33.817 E4192.47664
G1 X9.303 Y-33.992 E4192.50695
G1 X71.392 Y-33.992 E4197.47407
G1 X71.816 Y-33.816 E4197.5108
G1 X71.992 Y-33.392 E4197.54752
G1 X71.992 Y28.693 E4202.51432
G1 X71.816 Y29.028 E4202.5446
G0 F7200 X72.302 Y29.028
G0 X72.792 Y30.004
G1 F3600 X72.792 Y-34.792 E4207.72828
G1 X7.993 Y-34.791 E4212.9122
G1 X7.993 Y30.003 E4218.09572
G1 X72.792 Y30.004 E4223.27964
G0 F7200 X73.192 Y30.404
;TYPE:WALL-OUTER
G1 F1800 X73.192 Y-35.192 E4228.52732
G1 X7.593 Y-35.191 E4233.77524
G1 X7.593 Y30.403 E4239.02276
G1 X73.192 Y30.404 E4244.27068
G0 F7200 X73.192 Y30.204
G0 X72.512 Y29.726
G0 X72.302 Y28.639
G0 X71.59 Y28.639
G1 F1800 X71.534 Y28.746 E4244.28034
G1 X71.427 Y28.802 E4244.29
G1 X9.392 Y28.804 E4249.2528
G1 X9.25 Y28.746 E4249.26507
G1 X9.194 Y28.639 E4249.27473
G1 X9.192 Y-33.392 E4254.23721
G1 X9.25 Y-33.534 E4254.24948
G1 X9.357 Y-33.59 E4254.25914
G1 X71.392 Y-33.592 E4259.22194
G1 X71.534 Y-33.534 E4259.23422
G1 X71.592 Y-33.392 E4259.24649
G1 X71.59 Y28.639 E4264.20897
G0 F7200 X71.534 Y28.746
G0 X71.465 Y28.782
G10
;MESH:NONMESH
G0 F600 Z2.7
G0 F7200 X72.302 Y28.782
G0 X8.954 Y29.044
G0 X7.822 Y2.994
G0 X6.727 Y2.994
G0 X-3.942 Y2.994
G0 X-5.037 Y2.994
G0 X-7.567 Y2.994
;TIME_ELAPSED:5450.135058
;LAYER:12
;TYPE:FILL
;MESH:tapacarcvincha prueba 1.stl
G11
G1 F3600 X-33.705 Y29.131 E4267.16609
G1 X-33.775 Y29.201
G0 F7200 X-30.196 Y29.131
G1 F3600 X-67.647 Y-8.321 E4271.40324
G1 X-67.717 Y-8.391
G0 F7200 X-67.647 Y-4.809
G1 F3600 X-41.509 Y-30.947 E4274.36042
G1 X-41.439 Y-31.017
G0 F7200 X-45.018 Y-30.947
G1 F3600 X-7.567 Y6.505 E4278.59757
G1 X-7.497 Y6.575
G0 F7200 X-7.567 Y14.308
G1 F3600 X-22.391 Y29.131 E4280.27466
G1 X-22.461 Y29.201
G0 F7200 X-18.882 Y29.131
G1 F3600 X-67.647 Y-19.634 E4285.79179
G1 X-67.717 Y-19.704
G0 F7200 X-67.647 Y-16.123
G1 F3600 X-52.822 Y-30.947 E4287.46899
G1 X-52.752 Y-31.017
G0 F7200 X-56.332 Y-30.947
G1 F3600 X-7.567 Y17.818 E4292.98612
G1 X-7.497 Y17.888
G0 F7200 X-7.567 Y25.621
G1 F3600 X-11.078 Y29.131 E4293.38329
G1 X-11.148 Y29.201
G0 F7200 X-7.568 Y29.131
G1 F3600 X-67.645 Y-30.947 E4300.18028
G1 X-67.715 Y-31.017
G0 F7200 X-64.136 Y-30.947
G1 F3600 X-67.647 Y-27.436 E4300.57751
G1 X-67.717 Y-27.366
G0 F7200 X-67.647 Y2.993
G1 F3600 X-41.509 Y29.131 E4303.53468
G1 X-41.439 Y29.201
G0 F7200 X-45.019 Y29.132
G1 F3600 X-7.568 Y-8.319 E4307.77178
G1 X-7.498 Y-8.389
G0 F7200 X-7.567 Y-4.81
G1 F3600 X-33.705 Y-30.947 E4310.7289
G1 X-33.775 Y-31.017
G0 F7200 X-30.194 Y-30.948
G1 F3600 X-67.647 Y6.505 E4314.96622
G1 X-67.717 Y6.575
G0 F7200 X-67.647 Y14.307
G1 F3600 X-52.822 Y29.131 E4316.64342
G1 X-52.752 Y29.201
G0 F7200 X-56.333 Y29.132
G1 F3600 X-7.568 Y-19.633 E4322.16055
G1 X-7.498 Y-19.703
G0 F7200 X-7.567 Y-16.123
G1 F3600 X-22.391 Y-30.947 E4323.8377
G1 X-22.461 Y-31.017
G0 F7200 X-18.88 Y-30.948
G1 F3600 X-67.647 Y17.818 E4329.355
G1 X-67.717 Y17.888
G0 F7200 X-67.647 Y25.621
G1 F3600 X-64.136 Y29.131 E4329.75217
G1 X-64.066 Y29.201
G0 F7200 X-67.647 Y29.132
G1 F3600 X-7.568 Y-30.947 E4336.54933
G1 X-7.498 Y-31.017
G0 F7200 X-11.078 Y-30.947
G1 F3600 X-7.567 Y-27.437 E4336.9465
G1 X-7.497 Y-27.367
G0 F7200 X-5.487 Y31.212
G0 X-5.204 Y31.492
;TYPE:WALL-INNER
G1 F3600 X-5.204 Y-33.308 E4342.1305
G1 X-70.004 Y-33.308 E4347.3145
G1 X-70.004 Y31.492 E4352.4985
G1 X-5.204 Y31.492 E4357.6825
G0 F7200 X-4.804 Y31.892
;TYPE:WALL-OUTER
G1 F1800 X-4.804 Y-33.708 E4362.9305
G1 X-70.404 Y-33.708 E4368.1785
G1 X-70.404 Y31.892 E4373.4265
G1 X-4.804 Y31.892 E4378.6745
G0 F7200 X-4.804 Y31.692
G0 X-5.487 Y31.212
G0 X-7.426 Y29.103
;TYPE:SKIN
G1 F1800 X-7.428 Y-30.888 E4383.47378
G1 X-7.486 Y-31.03 E4383.48605
G1 X-7.628 Y-31.088 E4383.49832
G1 X-67.619 Y-31.081 E4388.2976
G1 X-67.726 Y-31.026 E4388.30722
G1 X-67.784 Y-30.884 E4388.31949
G1 X-67.781 Y29.107 E4393.11877
G1 X-67.726 Y29.214 E4393.1284
G1 X-67.584 Y29.272 E4393.14067
G1 X-7.589 Y29.265 E4397.94027
G1 X-7.482 Y29.21 E4397.94989
G1 X-7.426 Y29.103 E4397.95956
G0 F7200 X-5.584 Y31.112
G1 F1800 X-69.624 Y31.112 E4403.08276
G1 X-69.624 Y-32.928 E4408.20596
G1 X-5.584 Y-32.928 E4413.32916
G1 X-5.584 Y31.112 E4418.45236
G0 F7200 X-6.141 Y-32.728
G1 F1800 X-5.784 Y-32.371 E4418.49275
G0 F7200 X-5.784 Y-31.806
G1 F1800 X-6.706 Y-32.728 E4418.59706
G0 F7200 X-7.272 Y-32.728
G1 F1800 X-5.784 Y-31.24 E4418.76541
G0 F7200 X-5.784 Y-30.674
G1 F1800 X-7.838 Y-32.728 E4418.99779
G0 F7200 X-8.403 Y-32.728
G1 F1800 X-5.784 Y-30.109 E4419.2941
G0 F7200 X-5.784 Y-29.543
G1 F1800 X-7.297 Y-31.056 E4419.46527
G0 F7200 X-7.46 Y-31.219
G1 F1800 X-8.969 Y-32.728 E4419.636
G0 F7200 X-9.535 Y-32.728
G1 F1800 X-8.095 Y-31.288 E4419.79891
G0 F7200 X-8.661 Y-31.288
G1 F1800 X-10.1 Y-32.728 E4419.96177
G0 F7200 X-10.666 Y-32.728
G1 F1800 X-9.226 Y-31.288 E4420.12469
G0 F7200 X-9.792 Y-31.288
G1 F1800 X-11.232 Y-32.728 E4420.28761
G0 F7200 X-11.797 Y-32.728
G1 F1800 X-10.358 Y-31.288 E4420.45047
G0 F7200 X-10.923 Y-31.288
G1 F1800 X-12.363 Y-32.728 E4420.61339
G0 F7200 X-12.929 Y-32.728
G1 F1800 X-11.489 Y-31.288 E4420.7763
G0 F7200 X-12.054 Y-31.287
G1 F1800 X-13.494 Y-32.728 E4420.93928
G0 F7200 X-14.06 Y-32.728
G1 F1800 X-12.62 Y-31.287 E4421.10225
G0 F7200 X-13.185 Y-31.287
G1 F1800 X-14.626 Y-32.728 E4421.26528
G0 F7200 X-15.191 Y-32.728
G1 F1800 X-13.751 Y-31.287 E4421.42826
G0 F7200 X-14.317 Y-31.287
G1 F1800 X-15.757 Y-32.728 E4421.59123
G0 F7200 X-16.323 Y-32.728
G1 F1800 X-14.882 Y-31.287 E4421.75426
G0 F7200 X-15.448 Y-31.287
G1 F1800 X-16.889 Y-32.728 E4421.91729
G0 F7200 X-17.454 Y-32.728
G1 F1800 X-16.014 Y-31.287 E4422.08027
G0 F7200 X-16.579 Y-31.287
G1 F1800 X-18.02 Y-32.728 E4422.2433
G0 F7200 X-18.586 Y-32.728
G1 F1800 X-17.145 Y-31.287 E4422.40633
G0 F7200 X-17.71 Y-31.287
G1 F1800 X-19.151 Y-32.728 E4422.56936
G0 F7200 X-19.717 Y-32.728
G1 F1800 X-18.276 Y-31.287 E4422.73239
G0 F7200 X-18.842 Y-31.287
G1 F1800 X-20.283 Y-32.728 E4422.89542
G0 F7200 X-20.848 Y-32.728
G1 F1800 X-19.407 Y-31.287 E4423.05845
G0 F7200 X-19.973 Y-31.287
G1 F1800 X-21.414 Y-32.728 E4423.22148
G0 F7200 X-21.98 Y-32.728
G1 F1800 X-20.538 Y-31.286 E4423.38462
G0 F7200 X-21.104 Y-31.286
G1 F1800 X-22.545 Y-32.728 E4423.54771
G0 F7200 X-23.111 Y-32.728
G1 F1800 X-21.669 Y-31.286 E4423.71085
G0 F7200 X-22.235 Y-31.286
G1 F1800 X-23.677 Y-32.728 E4423.874
G0 F7200 X-24.242 Y-32.728
G1 F1800 X-22.801 Y-31.286 E4424.03709
G0 F7200 X-23.366 Y-31.286
G1 F1800 X-24.808 Y-32.728 E4424.20023
G0 F7200 X-25.374 Y-32.728
G1 F1800 X-23.932 Y-31.286 E4424.36337
G0 F7200 X-24.498 Y-31.286
G1 F1800 X-25.94 Y-32.728 E4424.52652
G0 F7200 X-26.505 Y-32.728
G1 F1800 X-25.063 Y-31.285 E4424.68972
G0 F7200 X-25.628 Y-31.285
G1 F1800 X-27.071 Y-32.728 E4424.85297
G0 F7200 X-27.637 Y-32.728
G1 F1800 X-26.194 Y-31.285 E4425.01623
G0 F7200 X-26.76 Y-31.285
G1 F1800 X-28.202 Y-32.728 E4425.17943
G0 F7200 X-28.768 Y-32.728
G1 F1800 X-27.325 Y-31.285 E4425.34269
G0 F7200 X-27.891 Y-31.285
G1 F1800 X-29.334 Y-32.728 E4425.50594
G0 F7200 X-29.899 Y-32.728
G1 F1800 X-28.457 Y-31.285 E4425.66914
G0 F7200 X-29.022 Y-31.285
G1 F1800 X-30.465 Y-32.728 E4425.8324
G0 F7200 X-31.031 Y-32.728
G1 F1800 X-29.587 Y-31.285 E4425.99571
G0 F7200 X-30.153 Y-31.285
G1 F1800 X-31.596 Y-32.728 E4426.15897
G0 F7200 X-32.162 Y-32.728
G1 F1800 X-30.719 Y-31.285 E4426.32223
G0 F7200 X-31.285 Y-31.285
G1 F1800 X-32.728 Y-32.728 E4426.48548
G0 F7200 X-33.293 Y-32.728
G1 F1800 X-31.85 Y-31.285 E4426.64874
G0 F7200 X-32.416 Y-31.285
G1 F1800 X-33.859 Y-32.728 E4426.812
G0 F7200 X-34.425 Y-32.728
G1 F1800 X-32.982 Y-31.285 E4426.97526
G0 F7200 X-33.547 Y-31.284
G1 F1800 X-34.99 Y-32.728 E4427.13857
G0 F7200 X-35.556 Y-32.728
G1 F1800 X-34.112 Y-31.284 E4427.30194
G0 F7200 X-34.678 Y-31.284
G1 F1800 X-36.122 Y-32.728 E4427.46531
G0 F7200 X-36.688 Y-32.728
G1 F1800 X-35.244 Y-31.284 E4427.62868
G0 F7200 X-35.809 Y-31.284
G1 F1800 X-37.253 Y-32.728 E4427.79205
G0 F7200 X-37.819 Y-32.728
G1 F1800 X-36.375 Y-31.284 E4427.95542
G0 F7200 X-36.941 Y-31.284
G1 F1800 X-38.385 Y-32.728 E4428.11879
G0 F7200 X-38.95 Y-32.728
G1 F1800 X-37.506 Y-31.284 E4428.28216
G0 F7200 X-38.071 Y-31.283
G1 F1800 X-39.516 Y-32.728 E4428.44564
G0 F7200 X-40.082 Y-32.728
G1 F1800 X-38.637 Y-31.283 E4428.60912
G0 F7200 X-39.203 Y-31.283
G1 F1800 X-40.647 Y-32.728 E4428.77255
G0 F7200 X-41.213 Y-32.728
G1 F1800 X-39.768 Y-31.283 E4428.93603
G0 F7200 X-40.334 Y-31.283
G1 F1800 X-41.779 Y-32.728 E4429.09952
G0 F7200 X-42.344 Y-32.728
G1 F1800 X-40.9 Y-31.283 E4429.26294
G0 F7200 X-41.465 Y-31.283
G1 F1800 X-42.91 Y-32.728 E4429.42643
G0 F7200 X-43.476 Y-32.728
G1 F1800 X-42.03 Y-31.282 E4429.59002
G0 F7200 X-42.596 Y-31.282
G1 F1800 X-44.041 Y-32.728 E4429.75356
G0 F7200 X-44.607 Y-32.728
G1 F1800 X-43.162 Y-31.282 E4429.9171
G0 F7200 X-43.727 Y-31.282
G1 F1800 X-45.173 Y-32.728 E4430.0807
G0 F7200 X-45.738 Y-32.728
G1 F1800 X-44.293 Y-31.282 E4430.24424
G0 F7200 X-44.859 Y-31.282
G1 F1800 X-46.304 Y-32.728 E4430.40778
G0 F7200 X-46.87 Y-32.728
G1 F1800 X-45.425 Y-31.282 E4430.57132
G0 F7200 X-45.99 Y-31.282
G1 F1800 X-47.436 Y-32.728 E4430.73491
G0 F7200 X-48.001 Y-32.728
G1 F1800 X-46.555 Y-31.282 E4430.89851
G0 F7200 X-47.121 Y-31.282
G1 F1800 X-48.567 Y-32.728 E4431.06211
G0 F7200 X-49.133 Y-32.728
G1 F1800 X-47.687 Y-31.282 E4431.2257
G0 F7200 X-48.252 Y-31.282
G1 F1800 X-49.698 Y-32.728 E4431.3893
G0 F7200 X-50.264 Y-32.728
G1 F1800 X-48.818 Y-31.282 E4431.55289
G0 F7200 X-49.384 Y-31.282
G1 F1800 X-50.83 Y-32.728 E4431.71649
G0 F7200 X-51.395 Y-32.728
G1 F1800 X-49.949 Y-31.282 E4431.88009
G0 F7200 X-50.514 Y-31.281
G1 F1800 X-51.961 Y-32.728 E4432.0438
G0 F7200 X-52.527 Y-32.728
G1 F1800 X-51.08 Y-31.281 E4432.20751
G0 F7200 X-51.646 Y-31.281
G1 F1800 X-53.092 Y-32.728 E4432.37116
G0 F7200 X-53.658 Y-32.728
G1 F1800 X-52.211 Y-31.281 E4432.53487
G0 F7200 X-52.777 Y-31.281
G1 F1800 X-54.224 Y-32.728 E4432.69858
G0 F7200 X-54.789 Y-32.728
G1 F1800 X-53.343 Y-31.281 E4432.86223
G0 F7200 X-53.908 Y-31.281
G1 F1800 X-55.355 Y-32.728 E4433.02594
G0 F7200 X-55.921 Y-32.728
G1 F1800 X-54.474 Y-31.281 E4433.18965
G0 F7200 X-55.039 Y-31.28
G1 F1800 X-56.487 Y-32.728 E4433.35347
G0 F7200 X-57.052 Y-32.728
G1 F1800 X-55.605 Y-31.28 E4433.51724
G0 F7200 X-56.17 Y-31.28
G1 F1800 X-57.618 Y-32.728 E4433.68106
G0 F7200 X-58.184 Y-32.728
G1 F1800 X-56.736 Y-31.28 E4433.84488
G0 F7200 X-57.302 Y-31.28
G1 F1800 X-58.749 Y-32.728 E4434.00865
G0 F7200 X-59.315 Y-32.728
G1 F1800 X-57.867 Y-31.28 E4434.17247
G0 F7200 X-58.433 Y-31.28
G1 F1800 X-59.881 Y-32.728 E4434.33629
G0 F7200 X-60.446 Y-32.728
G1 F1800 X-58.999 Y-31.28 E4434.50006
G0 F7200 X-59.564 Y-31.28
G1 F1800 X-61.012 Y-32.728 E4434.66388
G0 F7200 X-61.578 Y-32.728
G1 F1800 X-60.13 Y-31.28 E4434.8277
G0 F7200 X-60.695 Y-31.28
G1 F1800 X-62.143 Y-32.728 E4434.99153
G0 F7200 X-62.709 Y-32.728
G1 F1800 X-61.261 Y-31.28 E4435.15535
G0 F7200 X-61.827 Y-31.28
G1 F1800 X-63.275 Y-32.728 E4435.31917
G0 F7200 X-63.84 Y-32.728
G1 F1800 X-62.392 Y-31.28 E4435.48299
G0 F7200 X-62.958 Y-31.28
G1 F1800 X-64.406 Y-32.728 E4435.64682
G0 F7200 X-64.972 Y-32.728
G1 F1800 X-63.523 Y-31.279 E4435.81075
G0 F7200 X-64.089 Y-31.279
G1 F1800 X-65.537 Y-32.728 E4435.97463
G0 F7200 X-66.103 Y-32.728
G1 F1800 X-64.654 Y-31.279 E4436.13857
G0 F7200 X-65.22 Y-31.279
G1 F1800 X-66.669 Y-32.728 E4436.3025
G0 F7200 X-67.235 Y-32.728
G1 F1800 X-65.786 Y-31.279 E4436.46644
G0 F7200 X-66.351 Y-31.279
G1 F1800 X-67.8 Y-32.728 E4436.63037
G0 F7200 X-68.366 Y-32.728
G1 F1800 X-66.917 Y-31.279 E4436.79431
G0 F7200 X-67.483 Y-31.279
G1 F1800 X-68.932 Y-32.728 E4436.95825
G0 F7200 X-69.424 Y-32.654
G1 F1800 X-67.887 Y-31.118 E4437.13208
G0 F7200 X-67.983 Y-30.648
G1 F1800 X-69.424 Y-32.089 E4437.29511
G0 F7200 X-69.424 Y-31.523
G1 F1800 X-67.983 Y-30.082 E4437.45814
G0 F7200 X-67.983 Y-29.517
G1 F1800 X-69.424 Y-30.957 E4437.62112
G0 F7200 X-69.424 Y-30.391
G1 F1800 X-67.983 Y-28.951 E4437.78409
G0 F7200 X-67.983 Y-28.385
G1 F1800 X-69.424 Y-29.826 E4437.94712
G0 F7200 X-69.424 Y-29.26
G1 F1800 X-67.983 Y-27.82 E4438.11009
G0 F7200 X-67.983 Y-27.254
G1 F1800 X-69.424 Y-28.694 E4438.27307
G0 F7200 X-69.424 Y-28.129
G1 F1800 X-67.983 Y-26.688 E4438.4361
G0 F7200 X-67.983 Y-26.123
G1 F1800 X-69.424 Y-27.563 E4438.59907
G0 F7200 X-69.424 Y-26.997
G1 F1800 X-67.983 Y-25.557 E4438.76205
G0 F7200 X-67.983 Y-24.991
G1 F1800 X-69.424 Y-26.432 E4438.92508
G0 F7200 X-69.424 Y-25.866
G1 F1800 X-67.983 Y-24.426 E4439.08805
G0 F7200 X-67.983 Y-23.859
G1 F1800 X-69.424 Y-25.3 E4439.25108
G0 F7200 X-69.424 Y-24.735
G1 F1800 X-67.983 Y-23.294 E4439.41411
G0 F7200 X-67.983 Y-22.728
G1 F1800 X-69.424 Y-24.169 E4439.57714
G0 F7200 X-69.424 Y-23.603
G1 F1800 X-67.983 Y-22.162 E4439.74017
G0 F7200 X-67.983 Y-21.596
G1 F1800 X-69.424 Y-23.038 E4439.90326
G0 F7200 X-69.424 Y-22.472
G1 F1800 X-67.983 Y-21.031 E4440.06629
G0 F7200 X-67.983 Y-20.465
G1 F1800 X-69.424 Y-21.906 E4440.22932
G0 F7200 X-69.424 Y-21.34
G1 F1800 X-67.983 Y-19.899 E4440.39235
G0 F7200 X-67.983 Y-19.334
G1 F1800 X-69.424 Y-20.775 E4440.55538
G0 F7200 X-69.424 Y-20.209
G1 F1800 X-67.983 Y-18.768 E4440.71841
G0 F7200 X-67.983 Y-18.202
G1 F1800 X-69.424 Y-19.643 E4440.88144
G0 F7200 X-69.424 Y-19.078
G1 F1800 X-67.983 Y-17.637 E4441.04447
G0 F7200 X-67.982 Y-17.07
G1 F1800 X-69.424 Y-18.512 E4441.20762
G0 F7200 X-69.424 Y-17.946
G1 F1800 X-67.982 Y-16.505 E4441.3707
G0 F7200 X-67.982 Y-15.939
G1 F1800 X-69.424 Y-17.381 E4441.53385
G0 F7200 X-69.424 Y-16.815
G1 F1800 X-67.982 Y-15.373 E4441.69699
G0 F7200 X-67.982 Y-14.808
G1 F1800 X-69.424 Y-16.249 E4441.86008
G0 F7200 X-69.424 Y-15.684
G1 F1800 X-67.982 Y-14.242 E4442.02322
G0 F7200 X-67.982 Y-13.676
G1 F1800 X-69.424 Y-15.118 E4442.18637
G0 F7200 X-69.424 Y-14.552
G1 F1800 X-67.982 Y-13.11 E4442.34951
G0 F7200 X-67.982 Y-12.545
G1 F1800 X-69.424 Y-13.987 E4442.51265
G0 F7200 X-69.424 Y-13.421
G1 F1800 X-67.982 Y-11.979 E4442.6758
G0 F7200 X-67.982 Y-11.413
G1 F1800 X-69.424 Y-12.855 E4442.83894
G0 F7200 X-69.424 Y-12.29
G1 F1800 X-67.981 Y-10.847 E4443.0022
G0 F7200 X-67.981 Y-10.281
G1 F1800 X-69.424 Y-11.724 E4443.16546
G0 F7200 X-69.424 Y-11.158
G1 F1800 X-67.981 Y-9.716 E4443.32866
G0 F7200 X-67.981 Y-9.15
G1 F1800 X-69.424 Y-10.592 E4443.49186
G0 F7200 X-69.424 Y-10.027
G1 F1800 X-67.981 Y-8.584 E4443.65511
G0 F7200 X-67.981 Y-8.019
G1 F1800 X-69.424 Y-9.461 E4443.81831
G0 F7200 X-69.424 Y-8.895
G1 F1800 X-67.981 Y-7.453 E4443.98151
G0 F7200 X-67.981 Y-6.887
G1 F1800 X-69.424 Y-8.33 E4444.14477
G0 F7200 X-69.424 Y-7.764
G1 F1800 X-67.981 Y-6.322 E4444.30797
G0 F7200 X-67.981 Y-5.756
G1 F1800 X-69.424 Y-7.198 E4444.47117
G0 F7200 X-69.424 Y-6.633
G1 F1800 X-67.981 Y-5.19 E4444.63443
G0 F7200 X-67.981 Y-4.624
G1 F1800 X-69.424 Y-6.067 E4444.79768
G0 F7200 X-69.424 Y-5.501
G1 F1800 X-67.981 Y-4.058 E4444.96094
G0 F7200 X-67.981 Y-3.492
G1 F1800 X-69.424 Y-4.936 E4445.12425
G0 F7200 X-69.424 Y-4.37
G1 F1800 X-67.981 Y-2.927 E4445.28751
G0 F7200 X-67.981 Y-2.361
G1 F1800 X-69.424 Y-3.804 E4445.45077
G0 F7200 X-69.424 Y-3.239
G1 F1800 X-67.981 Y-1.795 E4445.61408
G0 F7200 X-67.981 Y-1.23
G1 F1800 X-69.424 Y-2.673 E4445.77734
G0 F7200 X-69.424 Y-2.107
G1 F1800 X-67.981 Y-.664 E4445.94059
G0 F7200 X-67.981 Y-0.098
G1 F1800 X-69.424 Y-1.541 E4446.10385
G0 F7200 X-69.424 Y-.976
G1 F1800 X-67.981 Y0.467 E4446.26711
G0 F7200 X-67.981 Y1.033
G1 F1800 X-69.424 Y-.41 E4446.43037
G0 F7200 X-69.424 Y0.156
G1 F1800 X-67.981 Y1.599 E4446.59362
G0 F7200 X-67.981 Y2.164
G1 F1800 X-69.424 Y0.721 E4446.75688
G0 F7200 X-69.424 Y1.287
G1 F1800 X-67.98 Y2.731 E4446.92025
G0 F7200 X-67.98 Y3.297
G1 F1800 X-69.424 Y1.853 E4447.08362
G0 F7200 X-69.424 Y2.418
G1 F1800 X-67.98 Y3.862 E4447.24699
G0 F7200 X-67.98 Y4.428
G1 F1800 X-69.424 Y2.984 E4447.41036
G0 F7200 X-69.424 Y3.55
G1 F1800 X-67.98 Y4.994 E4447.57373
G0 F7200 X-67.98 Y5.559
G1 F1800 X-69.424 Y4.115 E4447.7371
G0 F7200 X-69.424 Y4.681
G1 F1800 X-67.98 Y6.125 E4447.90047
G0 F7200 X-67.98 Y6.691
G1 F1800 X-69.424 Y5.247 E4448.06384
G0 F7200 X-69.424 Y5.812
G1 F1800 X-67.98 Y7.256 E4448.22721
G0 F7200 X-67.98 Y7.822
G1 F1800 X-69.424 Y6.378 E4448.39058
G0 F7200 X-69.424 Y6.944
G1 F1800 X-67.98 Y8.388 E4448.55395
G0 F7200 X-67.98 Y8.953
G1 F1800 X-69.424 Y7.509 E4448.71732
G0 F7200 X-69.424 Y8.075
G1 F1800 X-67.979 Y9.52 E4448.8808
G0 F7200 X-67.979 Y10.085
G1 F1800 X-69.424 Y8.641 E4449.04423
G0 F7200 X-69.424 Y9.207
G1 F1800 X-67.979 Y10.651 E4449.20765
G0 F7200 X-67.979 Y11.217
G1 F1800 X-69.424 Y9.772 E4449.37114
G0 F7200 X-69.424 Y10.338
G1 F1800 X-67.979 Y11.783 E4449.53462
G0 F7200 X-67.979 Y12.348
G1 F1800 X-69.424 Y10.904 E4449.69805
G0 F7200 X-69.424 Y11.469
G1 F1800 X-67.979 Y12.914 E4449.86153
G0 F7200 X-67.979 Y13.48
G1 F1800 X-69.424 Y12.035 E4450.02501
G0 F7200 X-69.424 Y12.601
G1 F1800 X-67.979 Y14.045 E4450.18844
G0 F7200 X-67.979 Y14.611
G1 F1800 X-69.424 Y13.166 E4450.35192
G0 F7200 X-69.424 Y13.732
G1 F1800 X-67.979 Y15.177 E4450.51541
G0 F7200 X-67.979 Y15.742
G1 F1800 X-69.424 Y14.298 E4450.67883
G0 F7200 X-69.424 Y14.863
G1 F1800 X-67.978 Y16.309 E4450.84243
G0 F7200 X-67.978 Y16.874
G1 F1800 X-69.424 Y15.429 E4451.00597
G0 F7200 X-69.424 Y15.995
G1 F1800 X-67.978 Y17.44 E4451.16951
G0 F7200 X-67.978 Y18.006
G1 F1800 X-69.424 Y16.56 E4451.3331
G0 F7200 X-69.424 Y17.126
G1 F1800 X-67.978 Y18.571 E4451.49664
G0 F7200 X-67.978 Y19.137
G1 F1800 X-69.424 Y17.692 E4451.66018
G0 F7200 X-69.424 Y18.257
G1 F1800 X-67.978 Y19.703 E4451.82378
G0 F7200 X-67.978 Y20.269
G1 F1800 X-69.424 Y18.823 E4451.98738
G0 F7200 X-69.424 Y19.389
G1 F1800 X-67.978 Y20.834 E4452.15092
G0 F7200 X-67.978 Y21.4
G1 F1800 X-69.424 Y19.955 E4452.31446
G0 F7200 X-69.424 Y20.52
G1 F1800 X-67.978 Y21.966 E4452.47805
G0 F7200 X-67.978 Y22.532
G1 F1800 X-69.424 Y21.086 E4452.64165
G0 F7200 X-69.424 Y21.652
G1 F1800 X-67.978 Y23.098 E4452.80524
G0 F7200 X-67.978 Y23.663
G1 F1800 X-69.424 Y22.217 E4452.96884
G0 F7200 X-69.424 Y22.783
G1 F1800 X-67.978 Y24.229 E4453.13244
G0 F7200 X-67.978 Y24.795
G1 F1800 X-69.424 Y23.349 E4453.29603
G0 F7200 X-69.424 Y23.914
G1 F1800 X-67.978 Y25.36 E4453.45963
G0 F7200 X-67.978 Y25.926
G1 F1800 X-69.424 Y24.48 E4453.62323
G0 F7200 X-69.424 Y25.046
G1 F1800 X-67.978 Y26.492 E4453.78682
G0 F7200 X-67.978 Y27.057
G1 F1800 X-69.424 Y25.611 E4453.95042
G0 F7200 X-69.424 Y26.177
G1 F1800 X-67.978 Y27.623 E4454.11401
G0 F7200 X-67.978 Y28.189
G1 F1800 X-69.424 Y26.743 E4454.27761
G0 F7200 X-69.424 Y27.308
G1 F1800 X-67.978 Y28.754 E4454.44121
G1 X-67.908 Y28.824
G0 F7200 X-67.261 Y29.472
G1 F1800 X-65.82 Y30.912 E4454.60418
G0 F7200 X-65.255 Y30.912
G1 F1800 X-66.695 Y29.472 E4454.7671
G0 F7200 X-66.129 Y29.472
G1 F1800 X-64.689 Y30.912 E4454.93002
G0 F7200 X-64.123 Y30.912
G1 F1800 X-65.564 Y29.472 E4455.09299
G0 F7200 X-64.998 Y29.472
G1 F1800 X-63.558 Y30.912 E4455.25591
G0 F7200 X-62.992 Y30.912
G1 F1800 X-64.432 Y29.472 E4455.41882
G0 F7200 X-63.867 Y29.472
G1 F1800 X-62.426 Y30.912 E4455.5818
G0 F7200 X-61.861 Y30.912
G1 F1800 X-63.301 Y29.472 E4455.74472
G0 F7200 X-62.736 Y29.471
G1 F1800 X-61.295 Y30.912 E4455.90775
G0 F7200 X-60.729 Y30.912
G1 F1800 X-62.17 Y29.471 E4456.07078
G0 F7200 X-61.605 Y29.471
G1 F1800 X-60.163 Y30.912 E4456.23386
G0 F7200 X-59.598 Y30.912
G1 F1800 X-61.039 Y29.471 E4456.39689
G0 F7200 X-60.473 Y29.471
G1 F1800 X-59.032 Y30.912 E4456.55992
G0 F7200 X-58.466 Y30.912
G1 F1800 X-59.908 Y29.471 E4456.72301
G0 F7200 X-59.342 Y29.471
G1 F1800 X-57.901 Y30.912 E4456.88604
G0 F7200 X-57.335 Y30.912
G1 F1800 X-58.776 Y29.471 E4457.04907
G0 F7200 X-58.211 Y29.47
G1 F1800 X-56.769 Y30.912 E4457.21222
G0 F7200 X-56.204 Y30.912
G1 F1800 X-57.645 Y29.47 E4457.3753
G0 F7200 X-57.08 Y29.47
G1 F1800 X-55.638 Y30.912 E4457.53845
G0 F7200 X-55.072 Y30.912
G1 F1800 X-56.514 Y29.47 E4457.70159
G0 F7200 X-55.948 Y29.47
G1 F1800 X-54.507 Y30.912 E4457.86468
G0 F7200 X-53.941 Y30.912
G1 F1800 X-55.383 Y29.47 E4458.02782
G0 F7200 X-54.817 Y29.47
G1 F1800 X-53.375 Y30.912 E4458.19097
G0 F7200 X-52.81 Y30.912
G1 F1800 X-54.251 Y29.47 E4458.35405
G0 F7200 X-53.686 Y29.469
G1 F1800 X-52.244 Y30.912 E4458.51725
G0 F7200 X-51.678 Y30.912
G1 F1800 X-53.121 Y29.469 E4458.68051
G0 F7200 X-52.555 Y29.469
G1 F1800 X-51.113 Y30.912 E4458.84371
G0 F7200 X-50.547 Y30.912
G1 F1800 X-51.989 Y29.469 E4459.00691
G0 F7200 X-51.424 Y29.469
G1 F1800 X-49.981 Y30.912 E4459.17017
G0 F7200 X-49.415 Y30.912
G1 F1800 X-50.858 Y29.469 E4459.33342
G0 F7200 X-50.292 Y29.469
G1 F1800 X-48.85 Y30.912 E4459.49662
G0 F7200 X-48.284 Y30.912
G1 F1800 X-49.727 Y29.469 E4459.65988
G0 F7200 X-49.161 Y29.469
G1 F1800 X-47.718 Y30.912 E4459.82314
G0 F7200 X-47.153 Y30.912
G1 F1800 X-48.596 Y29.469 E4459.98639
G0 F7200 X-48.03 Y29.469
G1 F1800 X-46.587 Y30.912 E4460.14965
G0 F7200 X-46.021 Y30.912
G1 F1800 X-47.465 Y29.469 E4460.31296
G0 F7200 X-46.899 Y29.469
G1 F1800 X-45.456 Y30.912 E4460.47622
G0 F7200 X-44.89 Y30.912
G1 F1800 X-46.333 Y29.469 E4460.63948
G0 F7200 X-45.767 Y29.469
G1 F1800 X-44.324 Y30.912 E4460.80274
G0 F7200 X-43.759 Y30.912
G1 F1800 X-45.202 Y29.469 E4460.96599
G0 F7200 X-44.636 Y29.469
G1 F1800 X-43.193 Y30.912 E4461.12925
G0 F7200 X-42.627 Y30.912
G1 F1800 X-44.071 Y29.468 E4461.29262
G0 F7200 X-43.505 Y29.468
G1 F1800 X-42.062 Y30.912 E4461.45593
G0 F7200 X-41.496 Y30.912
G1 F1800 X-42.94 Y29.468 E4461.6193
G0 F7200 X-42.374 Y29.468
G1 F1800 X-40.93 Y30.912 E4461.78267
G0 F7200 X-40.364 Y30.912
G1 F1800 X-41.808 Y29.468 E4461.94604
G0 F7200 X-41.243 Y29.468
G1 F1800 X-39.799 Y30.912 E4462.10941
G0 F7200 X-39.233 Y30.912
G1 F1800 X-40.677 Y29.468 E4462.27278
G0 F7200 X-40.111 Y29.468
G1 F1800 X-38.667 Y30.912 E4462.43615
G0 F7200 X-38.102 Y30.912
G1 F1800 X-39.546 Y29.467 E4462.59958
G0 F7200 X-38.981 Y29.467
G1 F1800 X-37.536 Y30.912 E4462.76306
G0 F7200 X-36.97 Y30.912
G1 F1800 X-38.415 Y29.467 E4462.92654
G0 F7200 X-37.849 Y29.467
G1 F1800 X-36.405 Y30.912 E4463.08997
G0 F7200 X-35.839 Y30.912
G1 F1800 X-37.284 Y29.467 E4463.25345
G0 F7200 X-36.718 Y29.467
G1 F1800 X-35.273 Y30.912 E4463.41694
G0 F7200 X-34.708 Y30.912
G1 F1800 X-36.152 Y29.467 E4463.58036
G0 F7200 X-35.587 Y29.467
G1 F1800 X-34.142 Y30.912 E4463.74385
G0 F7200 X-33.576 Y30.912
G1 F1800 X-35.022 Y29.467 E4463.90739
G0 F7200 X-34.456 Y29.467
G1 F1800 X-33.011 Y30.912 E4464.07087
G0 F7200 X-32.445 Y30.912
G1 F1800 X-33.89 Y29.467 E4464.23435
G0 F7200 X-33.325 Y29.467
G1 F1800 X-31.879 Y30.912 E4464.39789
G0 F7200 X-31.314 Y30.912
G1 F1800 X-32.759 Y29.467 E4464.56138
G0 F7200 X-32.193 Y29.467
G1 F1800 X-30.748 Y30.912 E4464.72486
G0 F7200 X-30.182 Y30.912
G1 F1800 X-31.627 Y29.467 E4464.88834
G0 F7200 X-31.062 Y29.467
G1 F1800 X-29.616 Y30.912 E4465.05188
G0 F7200 X-29.051 Y30.912
G1 F1800 X-30.497 Y29.466 E4465.21548
G0 F7200 X-29.931 Y29.466
G1 F1800 X-28.485 Y30.912 E4465.37907
G0 F7200 X-27.919 Y30.912
G1 F1800 X-29.365 Y29.466 E4465.54267
G0 F7200 X-28.8 Y29.466
G1 F1800 X-27.354 Y30.912 E4465.70627
G0 F7200 X-26.788 Y30.912
G1 F1800 X-28.234 Y29.466 E4465.86986
G0 F7200 X-27.668 Y29.466
G1 F1800 X-26.222 Y30.912 E4466.03346
G0 F7200 X-25.657 Y30.912
G1 F1800 X-27.103 Y29.466 E4466.19705
G0 F7200 X-26.537 Y29.466
G1 F1800 X-25.091 Y30.912 E4466.36065
G0 F7200 X-24.525 Y30.912
G1 F1800 X-25.972 Y29.465 E4466.52436
G0 F7200 X-25.406 Y29.465
G1 F1800 X-23.96 Y30.912 E4466.68801
G0 F7200 X-23.394 Y30.912
G1 F1800 X-24.841 Y29.465 E4466.85172
G0 F7200 X-24.275 Y29.465
G1 F1800 X-22.828 Y30.912 E4467.01543
G0 F7200 X-22.263 Y30.912
G1 F1800 X-23.709 Y29.465 E4467.17908
G0 F7200 X-23.144 Y29.465
G1 F1800 X-21.697 Y30.912 E4467.34279
G0 F7200 X-21.131 Y30.912
G1 F1800 X-22.578 Y29.465 E4467.5065
G0 F7200 X-22.012 Y29.465
G1 F1800 X-20.565 Y30.912 E4467.67021
G0 F7200 X-20 Y30.912
G1 F1800 X-21.447 Y29.465 E4467.83392
G0 F7200 X-20.882 Y29.464
G1 F1800 X-19.434 Y30.912 E4467.99774
G0 F7200 X-18.868 Y30.912
G1 F1800 X-20.316 Y29.464 E4468.16157
G0 F7200 X-19.75 Y29.464
G1 F1800 X-18.303 Y30.912 E4468.32533
G0 F7200 X-17.737 Y30.912
G1 F1800 X-19.185 Y29.464 E4468.48916
G0 F7200 X-18.619 Y29.464
G1 F1800 X-17.171 Y30.912 E4468.65298
G0 F7200 X-16.606 Y30.912
G1 F1800 X-18.053 Y29.464 E4468.81674
G0 F7200 X-17.487 Y29.464
G1 F1800 X-16.04 Y30.912 E4468.98051
G0 F7200 X-15.474 Y30.912
G1 F1800 X-16.922 Y29.464 E4469.14433
G0 F7200 X-16.357 Y29.464
G1 F1800 X-14.909 Y30.912 E4469.30815
G0 F7200 X-14.343 Y30.912
G1 F1800 X-15.791 Y29.464 E4469.47198
G0 F7200 X-15.225 Y29.464
G1 F1800 X-13.777 Y30.912 E4469.6358
G0 F7200 X-13.212 Y30.912
G1 F1800 X-14.66 Y29.464 E4469.79962
G0 F7200 X-14.094 Y29.464
G1 F1800 X-12.646 Y30.912 E4469.96344
G0 F7200 X-12.08 Y30.912
G1 F1800 X-13.528 Y29.464 E4470.12727
G0 F7200 X-12.963 Y29.464
G1 F1800 X-11.515 Y30.912 E4470.29109
G0 F7200 X-10.949 Y30.912
G1 F1800 X-12.397 Y29.464 E4470.45491
G0 F7200 X-11.832 Y29.463
G1 F1800 X-10.383 Y30.912 E4470.61885
G0 F7200 X-9.817 Y30.912
G1 F1800 X-11.266 Y29.463 E4470.78278
G0 F7200 X-10.701 Y29.463
G1 F1800 X-9.252 Y30.912 E4470.94672
G0 F7200 X-8.686 Y30.912
G1 F1800 X-10.135 Y29.463 E4471.11065
G0 F7200 X-9.569 Y29.463
G1 F1800 X-8.12 Y30.912 E4471.27459
G0 F7200 X-7.555 Y30.912
G1 F1800 X-9.004 Y29.463 E4471.43853
G0 F7200 X-8.438 Y29.463
G1 F1800 X-6.989 Y30.912 E4471.60246
G0 F7200 X-6.423 Y30.912
G1 F1800 X-7.872 Y29.463 E4471.7664
G0 F7200 X-7.391 Y29.378
G1 F1800 X-5.858 Y30.912 E4471.93989
G0 F7200 X-5.784 Y30.42
G1 F1800 X-7.229 Y28.974 E4472.10343
G0 F7200 X-7.229 Y28.409
G1 F1800 X-5.784 Y29.854 E4472.26692
G0 F7200 X-5.784 Y29.288
G1 F1800 X-7.229 Y27.843 E4472.4304
G0 F7200 X-7.229 Y27.277
G1 F1800 X-5.784 Y28.723 E4472.59394
G0 F7200 X-5.784 Y28.157
G1 F1800 X-7.229 Y26.712 E4472.75742
G0 F7200 X-7.229 Y26.146
G1 F1800 X-5.784 Y27.591 E4472.9209
G0 F7200 X-5.784 Y27.026
G1 F1800 X-7.229 Y25.58 E4473.08444
G0 F7200 X-7.229 Y25.015
G1 F1800 X-5.784 Y26.46 E4473.24793
G0 F7200 X-5.784 Y25.894
G1 F1800 X-7.229 Y24.449 E4473.41141
G0 F7200 X-7.229 Y23.883
G1 F1800 X-5.784 Y25.329 E4473.57495
G0 F7200 X-5.784 Y24.763
G1 F1800 X-7.229 Y23.318 E4473.73843
G0 F7200 X-7.229 Y22.752
G1 F1800 X-5.784 Y24.197 E4473.90192
G0 F7200 X-5.784 Y23.632
G1 F1800 X-7.229 Y22.186 E4474.06546
G0 F7200 X-7.229 Y21.62
G1 F1800 X-5.784 Y23.066 E4474.229
G0 F7200 X-5.784 Y22.5
G1 F1800 X-7.229 Y21.055 E4474.39248
G0 F7200 X-7.229 Y20.489
G1 F1800 X-5.784 Y21.934 E4474.55596
G0 F7200 X-5.784 Y21.369
G1 F1800 X-7.229 Y19.923 E4474.7195
G0 F7200 X-7.229 Y19.358
G1 F1800 X-5.784 Y20.803 E4474.88298
G0 F7200 X-5.784 Y20.237
G1 F1800 X-7.229 Y18.792 E4475.04647
G0 F7200 X-7.229 Y18.226
G1 F1800 X-5.784 Y19.672 E4475.21001
G0 F7200 X-5.784 Y19.106
G1 F1800 X-7.229 Y17.661 E4475.37349
G0 F7200 X-7.229 Y17.095
G1 F1800 X-5.784 Y18.54 E4475.53697
G0 F7200 X-5.784 Y17.975
G1 F1800 X-7.229 Y16.529 E4475.70051
G0 F7200 X-7.229 Y15.964
G1 F1800 X-5.784 Y17.409 E4475.864
G0 F7200 X-5.784 Y16.843
G1 F1800 X-7.229 Y15.398 E4476.02748
G0 F7200 X-7.229 Y14.832
G1 F1800 X-5.784 Y16.278 E4476.19102
G0 F7200 X-5.784 Y15.712
G1 F1800 X-7.229 Y14.267 E4476.3545
G0 F7200 X-7.229 Y13.701
G1 F1800 X-5.784 Y15.146 E4476.51799
G0 F7200 X-5.784 Y14.581
G1 F1800 X-7.229 Y13.135 E4476.68153
G0 F7200 X-7.229 Y12.57
G1 F1800 X-5.784 Y14.015 E4476.84501
G0 F7200 X-5.784 Y13.449
G1 F1800 X-7.229 Y12.004 E4477.00849
G0 F7200 X-7.229 Y11.438
G1 F1800 X-5.784 Y12.883 E4477.17197
G0 F7200 X-5.784 Y12.318
G1 F1800 X-7.229 Y10.872 E4477.33551
G0 F7200 X-7.229 Y10.307
G1 F1800 X-5.784 Y11.752 E4477.499
G0 F7200 X-5.784 Y11.186
G1 F1800 X-7.229 Y9.741 E4477.66248
G0 F7200 X-7.229 Y9.175
G1 F1800 X-5.784 Y10.621 E4477.82602
G0 F7200 X-5.784 Y10.055
G1 F1800 X-7.229 Y8.61 E4477.9895
G0 F7200 X-7.229 Y8.044
G1 F1800 X-5.784 Y9.489 E4478.15299
G0 F7200 X-5.784 Y8.924
G1 F1800 X-7.229 Y7.478 E4478.31653
G0 F7200 X-7.229 Y6.913
G1 F1800 X-5.784 Y8.358 E4478.48001
G0 F7200 X-5.784 Y7.792
G1 F1800 X-7.229 Y6.347 E4478.64349
G0 F7200 X-7.229 Y5.781
G1 F1800 X-5.784 Y7.227 E4478.80703
G0 F7200 X-5.784 Y6.661
G1 F1800 X-7.229 Y5.216 E4478.97051
G0 F7200 X-7.229 Y4.65
G1 F1800 X-5.784 Y6.095 E4479.134
G0 F7200 X-5.784 Y5.53
G1 F1800 X-7.229 Y4.084 E4479.29754
G0 F7200 X-7.229 Y3.519
G1 F1800 X-5.784 Y4.964 E4479.46102
G0 F7200 X-5.784 Y4.398
G1 F1800 X-7.229 Y2.953 E4479.6245
G0 F7200 X-7.229 Y2.387
G1 F1800 X-5.784 Y3.833 E4479.78804
G0 F7200 X-5.784 Y3.267
G1 F1800 X-7.229 Y1.822 E4479.95153
G0 F7200 X-7.229 Y1.256
G1 F1800 X-5.784 Y2.701 E4480.11501
G0 F7200 X-5.784 Y2.135
G1 F1800 X-7.229 Y0.69 E4480.27849
G0 F7200 X-7.229 Y0.124
G1 F1800 X-5.784 Y1.57 E4480.44203
G0 F7200 X-5.784 Y1.004
G1 F1800 X-7.229 Y-.441 E4480.60552
G0 F7200 X-7.229 Y-1.006
G1 F1800 X-5.784 Y0.438 E4480.76894
G0 F7200 X-5.784 Y-.127
G1 F1800 X-7.229 Y-1.572 E4480.93242
G0 F7200 X-7.229 Y-2.138
G1 F1800 X-5.784 Y-.693 E4481.09591
G0 F7200 X-5.784 Y-1.259
G1 F1800 X-7.229 Y-2.703 E4481.25933
G0 F7200 X-7.229 Y-3.269
G1 F1800 X-5.784 Y-1.824 E4481.42282
G0 F7200 X-5.784 Y-2.39
G1 F1800 X-7.229 Y-3.835 E4481.5863
G0 F7200 X-7.229 Y-4.4
G1 F1800 X-5.784 Y-2.956 E4481.74973
G0 F7200 X-5.784 Y-3.521
G1 F1800 X-7.229 Y-4.966 E4481.91321
G0 F7200 X-7.229 Y-5.532
G1 F1800 X-5.784 Y-4.087 E4482.07669
G0 F7200 X-5.784 Y-4.653
G1 F1800 X-7.229 Y-6.097 E4482.24012
G0 F7200 X-7.229 Y-6.663
G1 F1800 X-5.784 Y-5.218 E4482.4036
G0 F7200 X-5.784 Y-5.784
G1 F1800 X-7.229 Y-7.229 E4482.56709
G0 F7200 X-7.229 Y-7.794
G1 F1800 X-5.784 Y-6.35 E4482.73051
G0 F7200 X-5.784 Y-6.916
G1 F1800 X-7.229 Y-8.36 E4482.89394
G0 F7200 X-7.229 Y-8.926
G1 F1800 X-5.784 Y-7.481 E4483.05742
G0 F7200 X-5.784 Y-8.047
G1 F1800 X-7.229 Y-9.491 E4483.22085
G0 F7200 X-7.229 Y-10.057
G1 F1800 X-5.784 Y-8.613 E4483.38428
G0 F7200 X-5.784 Y-9.178
G1 F1800 X-7.229 Y-10.623 E4483.54776
G0 F7200 X-7.229 Y-11.189
G1 F1800 X-5.784 Y-9.744 E4483.71124
G0 F7200 X-5.784 Y-10.31
G1 F1800 X-7.229 Y-11.754 E4483.87467
G0 F7200 X-7.229 Y-12.32
G1 F1800 X-5.784 Y-10.875 E4484.03815
G0 F7200 X-5.784 Y-11.441
G1 F1800 X-7.229 Y-12.886 E4484.20163
G0 F7200 X-7.229 Y-13.451
G1 F1800 X-5.784 Y-12.007 E4484.36506
G0 F7200 X-5.784 Y-12.572
G1 F1800 X-7.229 Y-14.017 E4484.52854
G0 F7200 X-7.229 Y-14.583
G1 F1800 X-5.784 Y-13.138 E4484.69203
G0 F7200 X-5.784 Y-13.704
G1 F1800 X-7.229 Y-15.148 E4484.85545
G0 F7200 X-7.229 Y-15.714
G1 F1800 X-5.784 Y-14.269 E4485.01894
G0 F7200 X-5.784 Y-14.835
G1 F1800 X-7.229 Y-16.28 E4485.18242
G0 F7200 X-7.229 Y-16.845
G1 F1800 X-5.784 Y-15.401 E4485.34585
G0 F7200 X-5.784 Y-15.966
G1 F1800 X-7.229 Y-17.411 E4485.50933
G0 F7200 X-7.229 Y-17.977
G1 F1800 X-5.784 Y-16.532 E4485.67281
G0 F7200 X-5.784 Y-17.098
G1 F1800 X-7.229 Y-18.542 E4485.83624
G0 F7200 X-7.229 Y-19.108
G1 F1800 X-5.784 Y-17.664 E4485.99967
G0 F7200 X-5.784 Y-18.229
G1 F1800 X-7.229 Y-19.674 E4486.16315
G0 F7200 X-7.229 Y-20.24
G1 F1800 X-5.784 Y-18.795 E4486.32663
G0 F7200 X-5.784 Y-19.361
G1 F1800 X-7.229 Y-20.805 E4486.49006
G0 F7200 X-7.229 Y-21.371
G1 F1800 X-5.784 Y-19.926 E4486.65354
G0 F7200 X-5.784 Y-20.492
G1 F1800 X-7.229 Y-21.937 E4486.81702
G0 F7200 X-7.229 Y-22.502
G1 F1800 X-5.784 Y-21.058 E4486.98045
G0 F7200 X-5.784 Y-21.623
G1 F1800 X-7.229 Y-23.068 E4487.14393
G0 F7200 X-7.229 Y-23.634
G1 F1800 X-5.784 Y-22.189 E4487.30742
G0 F7200 X-5.784 Y-22.755
G1 F1800 X-7.229 Y-24.199 E4487.47084
G0 F7200 X-7.229 Y-24.765
G1 F1800 X-5.784 Y-23.32 E4487.63433
G0 F7200 X-5.784 Y-23.886
G1 F1800 X-7.229 Y-25.331 E4487.79781
G0 F7200 X-7.229 Y-25.896
G1 F1800 X-5.784 Y-24.452 E4487.96124
G0 F7200 X-5.784 Y-25.017
G1 F1800 X-7.229 Y-26.462 E4488.12472
G0 F7200 X-7.229 Y-27.028
G1 F1800 X-5.784 Y-25.583 E4488.2882
G0 F7200 X-5.784 Y-26.149
G1 F1800 X-7.229 Y-27.593 E4488.45163
G0 F7200 X-7.229 Y-28.159
G1 F1800 X-5.784 Y-26.714 E4488.61511
G0 F7200 X-5.784 Y-27.28
G1 F1800 X-7.229 Y-28.725 E4488.7786
G0 F7200 X-7.229 Y-29.29
G1 F1800 X-5.784 Y-27.846 E4488.94202
G0 F7200 X-5.784 Y-28.412
G1 F1800 X-7.229 Y-29.856 E4489.10545
G0 F7200 X-7.229 Y-30.422
G1 F1800 X-5.784 Y-28.977 E4489.26893
G1 X-5.714 Y-28.907
G0 F7200 X-66.386 Y30.912
G1 F1800 X-69.424 Y27.874 E4489.61264
G0 F7200 X-69.424 Y28.44
G1 F1800 X-66.952 Y30.912 E4489.89232
G0 F7200 X-67.517 Y30.912
G1 F1800 X-69.424 Y29.006 E4490.10801
G0 F7200 X-69.424 Y29.571
G1 F1800 X-68.083 Y30.912 E4490.25973
G0 F7200 X-68.649 Y30.912
G1 F1800 X-69.424 Y30.137 E4490.34741
G0 F7200 X-69.424 Y30.703
G1 F1800 X-69.214 Y30.912 E4490.37111
G0 F7200 X-69.214 Y30.882
G10
;MESH:base carc vincha prueba 1.stl
G0 X-5.037 Y29.726
G0 X-3.942 Y29.726
G0 X6.727 Y29.726
G0 X7.822 Y29.726
G0 X8.154 Y29.843
;TYPE:FILL
G11
G1 F3600 X8.857 Y29.14 E4490.45065
G1 X8.927 Y29.07
G0 F7200 X8.482 Y29.07
G0 X15.581 Y29.516
G0 X15.581 Y29.364
G1 F3600 X16.06 Y29.843 E4490.50484
G0 F7200 X16.06 Y29.696
G0 X19.467 Y29.696
G0 X19.467 Y29.843
G1 F3600 X19.947 Y29.364 E4490.55909
G0 F7200 X19.947 Y29.516
G0 X26.895 Y29.516
G0 X26.895 Y29.364
G1 F3600 X27.374 Y29.843 E4490.61328
G0 F7200 X27.374 Y29.696
G0 X30.781 Y29.696
G0 X30.781 Y29.843
G1 F3600 X31.26 Y29.364 E4490.66748
G0 F7200 X31.26 Y29.516
G0 X38.209 Y29.516
G0 X38.209 Y29.364
G1 F3600 X38.687 Y29.843 E4490.72161
G0 F7200 X38.687 Y29.696
G0 X42.095 Y29.696
G0 X42.095 Y29.843
G1 F3600 X42.574 Y29.364 E4490.7758
G0 F7200 X42.574 Y29.516
G0 X49.522 Y29.516
G0 X49.522 Y29.364
G1 F3600 X50.001 Y29.843 E4490.83
G0 F7200 X50.001 Y29.696
G0 X53.408 Y29.696
G0 X53.408 Y29.843
G1 F3600 X53.888 Y29.364 E4490.88425
G0 F7200 X53.888 Y29.516
G0 X60.836 Y29.516
G0 X60.836 Y29.364
G1 F3600 X61.315 Y29.843 E4490.93844
G0 F7200 X61.315 Y29.696
G0 X64.722 Y29.696
G0 X64.722 Y29.843
G1 F3600 X65.202 Y29.364 E4490.99269
G0 F7200 X65.202 Y29.516
G0 X72.23 Y29.444
G0 X71.927 Y29.141
G1 F3600 X72.628 Y29.843 E4491.07205
G1 X72.698 Y29.913
G0 F7200 X72.512 Y29.726
G0 X72.302 Y22.414
G0 X72.152 Y22.414
G1 F3600 X72.632 Y21.934 E4491.12636
G0 F7200 X72.482 Y21.934
G0 X72.482 Y18.533
G0 X72.632 Y18.533
G1 F3600 X72.152 Y18.052 E4491.18072
G0 F7200 X72.302 Y18.052
G0 X72.302 Y11.1
G0 X72.152 Y11.1
G1 F3600 X72.632 Y10.62 E4491.23503
G0 F7200 X72.482 Y10.62
G0 X72.482 Y7.219
G0 X72.632 Y7.219
G1 F3600 X72.152 Y6.739 E4491.28933
G0 F7200 X72.302 Y6.739
G0 X72.302 Y-.214
G0 X72.152 Y-.214
G1 F3600 X72.632 Y-.694 E4491.34364
G0 F7200 X72.482 Y-.694
G0 X72.482 Y-4.095
G0 X72.632 Y-4.095
G1 F3600 X72.152 Y-4.575 E4491.39795
G0 F7200 X72.302 Y-4.575
G0 X72.302 Y-11.527
G0 X72.152 Y-11.527
G1 F3600 X72.632 Y-12.007 E4491.45225
G0 F7200 X72.482 Y-12.007
G0 X72.482 Y-15.409
G0 X72.632 Y-15.409
G1 F3600 X72.152 Y-15.889 E4491.50656
G0 F7200 X72.302 Y-15.889
G0 X72.302 Y-22.841
G0 X72.152 Y-22.841
G1 F3600 X72.632 Y-23.321 E4491.56086
G0 F7200 X72.482 Y-23.321
G0 X72.482 Y-26.722
G0 X72.632 Y-26.722
G1 F3600 X72.152 Y-27.202 E4491.61517
G0 F7200 X72.302 Y-27.202
G0 X72.23 Y-34.232
G0 X71.925 Y-33.928
G1 F3600 X72.629 Y-34.632 E4491.69482
G1 X72.699 Y-34.702
G0 F7200 X72.512 Y-34.514
G0 X65.202 Y-34.304
G0 X65.202 Y-34.152
G1 F3600 X64.723 Y-34.631 E4491.74901
G0 F7200 X64.723 Y-34.484
G0 X61.315 Y-34.484
G0 X61.315 Y-34.632
G1 F3600 X60.835 Y-34.152 E4491.80332
G0 F7200 X60.835 Y-34.304
G0 X53.889 Y-34.304
G0 X53.889 Y-34.152
G1 F3600 X53.409 Y-34.631 E4491.85756
G0 F7200 X53.409 Y-34.484
G0 X50.002 Y-34.484
G0 X50.002 Y-34.632
G1 F3600 X49.522 Y-34.152 E4491.91187
G0 F7200 X49.522 Y-34.304
G0 X42.575 Y-34.304
G0 X42.575 Y-34.152
G1 F3600 X42.095 Y-34.631 E4491.96612
G0 F7200 X42.095 Y-34.484
G0 X38.688 Y-34.484
G0 X38.688 Y-34.632
G1 F3600 X38.208 Y-34.152 E4492.02043
G0 F7200 X38.208 Y-34.304
G0 X31.261 Y-34.304
G0 X31.261 Y-34.152
G1 F3600 X30.782 Y-34.631 E4492.07462
G0 F7200 X30.782 Y-34.484
G0 X27.374 Y-34.484
G0 X27.374 Y-34.632
G1 F3600 X26.894 Y-34.152 E4492.12892
G0 F7200 X26.894 Y-34.304
G0 X19.947 Y-34.304
G0 X19.947 Y-34.152
G1 F3600 X19.468 Y-34.631 E4492.18312
G0 F7200 X19.468 Y-34.484
G0 X16.061 Y-34.484
G0 X16.061 Y-34.632
G1 F3600 X15.58 Y-34.152 E4492.23748
G0 F7200 X15.58 Y-34.304
G0 X8.554 Y-34.232
G0 X8.857 Y-33.929
G1 F3600 X8.154 Y-34.631 E4492.31696
G1 X8.084 Y-34.701
G0 F7200 X8.272 Y-34.514
G0 X8.482 Y-27.204
G0 X8.632 Y-27.204
G1 F3600 X8.153 Y-26.724 E4492.37121
G0 F7200 X8.302 Y-26.724
G0 X8.302 Y-23.319
G0 X8.153 Y-23.319
G1 F3600 X8.632 Y-22.84 E4492.4254
G0 F7200 X8.482 Y-22.84
G0 X8.482 Y-15.89
G0 X8.632 Y-15.89
G1 F3600 X8.153 Y-15.411 E4492.47959
G0 F7200 X8.302 Y-15.411
G0 X8.302 Y-12.005
G0 X8.153 Y-12.005
G1 F3600 X8.632 Y-11.526 E4492.53379
G0 F7200 X8.482 Y-11.526
G0 X8.482 Y-4.576
G0 X8.632 Y-4.576
G1 F3600 X8.153 Y-4.097 E4492.58798
G0 F7200 X8.302 Y-4.097
G0 X8.302 Y-.692
G0 X8.153 Y-.692
G1 F3600 X8.632 Y-.212 E4492.64223
G0 F7200 X8.482 Y-.212
G0 X8.482 Y6.737
G0 X8.632 Y6.737
G1 F3600 X8.153 Y7.217 E4492.69648
G0 F7200 X8.302 Y7.217
G0 X8.302 Y10.622
G0 X8.153 Y10.622
G1 F3600 X8.632 Y11.102 E4492.75073
G0 F7200 X8.482 Y11.102
G0 X8.482 Y18.051
G0 X8.632 Y18.051
G1 F3600 X8.153 Y18.53 E4492.80492
G0 F7200 X8.302 Y18.53
G0 X8.302 Y21.936
G0 X8.153 Y21.936
G1 F3600 X8.632 Y22.415 E4492.85911
G0 F7200 X8.482 Y22.415
G0 X8.554 Y29.444
G0 X72.23 Y29.444
G0 X71.816 Y29.028
;TYPE:WALL-INNER
G1 F3600 X71.481 Y29.204 E4492.88938
G1 X9.392 Y29.204 E4497.8565
G1 X8.967 Y29.029 E4497.89327
G1 X8.792 Y28.693 E4497.92358
G1 X8.792 Y-33.392 E4502.89038
G1 X8.967 Y-33.817 E4502.92715
G1 X9.303 Y-33.992 E4502.95746
G1 X71.392 Y-33.992 E4507.92458
G1 X71.816 Y-33.816 E4507.9613
G1 X71.992 Y-33.392 E4507.99803
G1 X71.992 Y28.693 E4512.96483
G1 X71.816 Y29.028 E4512.9951
G0 F7200 X72.302 Y29.028
G0 X72.792 Y30.004
G1 F3600 X72.792 Y-34.792 E4518.17878
G1 X7.993 Y-34.791 E4523.3627
G1 X7.993 Y30.003 E4528.54622
G1 X72.792 Y30.004 E4533.73014
G0 F7200 X73.192 Y30.404
;TYPE:WALL-OUTER
G1 F1800 X73.192 Y-35.192 E4538.97782
G1 X7.593 Y-35.191 E4544.22574
G1 X7.593 Y30.403 E4549.47326
G1 X73.192 Y30.404 E4554.72118
G0 F7200 X73.192 Y30.204
G0 X72.512 Y29.726
G0 X72.302 Y28.639
G0 X71.59 Y28.639
G1 F1800 X71.534 Y28.746 E4554.73085
G1 X71.427 Y28.802 E4554.74051
G1 X9.392 Y28.804 E4559.70331
G1 X9.25 Y28.746 E4559.71558
G1 X9.194 Y28.639 E4559.72524
G1 X9.192 Y-33.392 E4564.68772
G1 X9.25 Y-33.534 E4564.69999
G1 X9.357 Y-33.59 E4564.70965
G1 X71.392 Y-33.592 E4569.67245
G1 X71.534 Y-33.534 E4569.68472
G1 X71.592 Y-33.392 E4569.69699
G1 X71.59 Y28.639 E4574.65947
G0 F7200 X71.534 Y28.746
G0 X71.465 Y28.782
G10
;MESH:NONMESH
G0 F600 Z2.9
G0 F7200 X72.302 Y28.782
G0 X8.954 Y29.044
G0 X7.822 Y2.994
G0 X6.727 Y2.994
G0 X-3.942 Y2.994
G0 X-5.037 Y2.994
G0 X-7.567 Y2.994
;TIME_ELAPSED:5571.352895
;LAYER:13
;TYPE:FILL
;MESH:tapacarcvincha prueba 1.stl
G11
G1 F3600 X-33.705 Y29.131 E4577.61659
G1 X-33.775 Y29.201
G0 F7200 X-30.196 Y29.131
G1 F3600 X-67.647 Y-8.321 E4581.85375
G1 X-67.717 Y-8.391
G0 F7200 X-67.647 Y-4.809
G1 F3600 X-41.509 Y-30.947 E4584.81093
G1 X-41.439 Y-31.017
G0 F7200 X-45.018 Y-30.947
G1 F3600 X-7.567 Y6.505 E4589.04808
G1 X-7.497 Y6.575
G0 F7200 X-7.567 Y14.308
G1 F3600 X-22.391 Y29.131 E4590.72517
G1 X-22.461 Y29.201
G0 F7200 X-18.882 Y29.131
G1 F3600 X-67.647 Y-19.634 E4596.2423
G1 X-67.717 Y-19.704
G0 F7200 X-67.647 Y-16.123
G1 F3600 X-52.822 Y-30.947 E4597.9195
G1 X-52.752 Y-31.017
G0 F7200 X-56.332 Y-30.947
G1 F3600 X-7.567 Y17.818 E4603.43663
G1 X-7.497 Y17.888
G0 F7200 X-7.567 Y25.621
G1 F3600 X-11.078 Y29.131 E4603.83379
G1 X-11.148 Y29.201
G0 F7200 X-7.568 Y29.131
G1 F3600 X-67.645 Y-30.947 E4610.63079
G1 X-67.715 Y-31.017
G0 F7200 X-64.136 Y-30.947
G1 F3600 X-67.647 Y-27.436 E4611.02801
G1 X-67.717 Y-27.366
G0 F7200 X-67.647 Y2.993
G1 F3600 X-41.509 Y29.131 E4613.98519
G1 X-41.439 Y29.201
G0 F7200 X-45.019 Y29.132
G1 F3600 X-7.568 Y-8.319 E4618.22229
G1 X-7.498 Y-8.389
G0 F7200 X-7.567 Y-4.81
G1 F3600 X-33.705 Y-30.947 E4621.17941
G1 X-33.775 Y-31.017
G0 F7200 X-30.194 Y-30.948
G1 F3600 X-67.647 Y6.505 E4625.41673
G1 X-67.717 Y6.575
G0 F7200 X-67.647 Y14.307
G1 F3600 X-52.822 Y29.131 E4627.09393
G1 X-52.752 Y29.201
G0 F7200 X-56.333 Y29.132
G1 F3600 X-7.568 Y-19.633 E4632.61106
G1 X-7.498 Y-19.703
G0 F7200 X-7.567 Y-16.123
G1 F3600 X-22.391 Y-30.947 E4634.28821
G1 X-22.461 Y-31.017
G0 F7200 X-18.88 Y-30.948
G1 F3600 X-67.647 Y17.818 E4639.8055
G1 X-67.717 Y17.888
G0 F7200 X-67.647 Y25.621
G1 F3600 X-64.136 Y29.131 E4640.20267
G1 X-64.066 Y29.201
G0 F7200 X-67.647 Y29.132
G1 F3600 X-7.568 Y-30.947 E4646.99984
G1 X-7.498 Y-31.017
G0 F7200 X-11.078 Y-30.947
G1 F3600 X-7.567 Y-27.437 E4647.397
G1 X-7.497 Y-27.367
G0 F7200 X-5.487 Y31.212
G0 X-5.204 Y31.492
;TYPE:WALL-INNER
G1 F3600 X-5.204 Y-33.308 E4652.581
G1 X-70.004 Y-33.308 E4657.765
G1 X-70.004 Y31.492 E4662.949
G1 X-5.204 Y31.492 E4668.133
G0 F7200 X-4.804 Y31.892
;TYPE:WALL-OUTER
G1 F1800 X-4.804 Y-33.708 E4673.381
G1 X-70.404 Y-33.708 E4678.629
G1 X-70.404 Y31.892 E4683.877
G1 X-4.804 Y31.892 E4689.125
G0 F7200 X-4.804 Y31.692
G0 X-5.487 Y31.212
G0 X-7.426 Y29.103
;TYPE:SKIN
G1 F1800 X-7.428 Y-30.888 E4693.92428
G1 X-7.486 Y-31.03 E4693.93655
G1 X-7.628 Y-31.088 E4693.94883
G1 X-67.619 Y-31.081 E4698.74811
G1 X-67.726 Y-31.026 E4698.75773
G1 X-67.784 Y-30.884 E4698.77
G1 X-67.781 Y29.107 E4703.56928
G1 X-67.726 Y29.214 E4703.57891
G1 X-67.584 Y29.272 E4703.59118
G1 X-7.589 Y29.265 E4708.39078
G1 X-7.482 Y29.21 E4708.4004
G1 X-7.426 Y29.103 E4708.41006
G0 F7200 X-5.584 Y31.112
G1 F1800 X-69.624 Y31.112 E4713.53326
G1 X-69.624 Y-32.928 E4718.65646
G1 X-5.584 Y-32.928 E4723.77966
G1 X-5.584 Y31.112 E4728.90286
G0 F7200 X-6.022 Y30.912
G1 F1800 X-5.784 Y30.674 E4728.92979
G0 F7200 X-5.784 Y30.109
G1 F1800 X-6.587 Y30.912 E4729.02064
G0 F7200 X-7.153 Y30.912
G1 F1800 X-5.784 Y29.543 E4729.17552
G0 F7200 X-5.784 Y28.977
G1 F1800 X-7.719 Y30.912 E4729.39444
G0 F7200 X-8.284 Y30.912
G1 F1800 X-5.784 Y28.412 E4729.67729
G0 F7200 X-5.784 Y27.846
G1 F1800 X-8.85 Y30.912 E4730.02416
G0 F7200 X-9.416 Y30.912
G1 F1800 X-7.966 Y29.462 E4730.18821
G0 F7200 X-8.532 Y29.462
G1 F1800 X-9.982 Y30.912 E4730.35226
G0 F7200 X-10.547 Y30.912
G1 F1800 X-9.098 Y29.462 E4730.51625
G0 F7200 X-9.663 Y29.462
G1 F1800 X-11.113 Y30.912 E4730.6803
G0 F7200 X-11.679 Y30.912
G1 F1800 X-10.229 Y29.462 E4730.84435
G0 F7200 X-10.795 Y29.462
G1 F1800 X-12.244 Y30.912 E4731.00834
G0 F7200 X-12.81 Y30.912
G1 F1800 X-11.36 Y29.462 E4731.17239
G0 F7200 X-11.926 Y29.462
G1 F1800 X-13.376 Y30.912 E4731.33644
G0 F7200 X-13.941 Y30.912
G1 F1800 X-12.492 Y29.463 E4731.50038
G0 F7200 X-13.058 Y29.463
G1 F1800 X-14.507 Y30.912 E4731.66431
G0 F7200 X-15.073 Y30.912
G1 F1800 X-13.624 Y29.463 E4731.82825
G0 F7200 X-14.19 Y29.463
G1 F1800 X-15.638 Y30.912 E4731.99213
G0 F7200 X-16.204 Y30.912
G1 F1800 X-14.755 Y29.463 E4732.15606
G0 F7200 X-15.321 Y29.463
G1 F1800 X-16.77 Y30.912 E4732.32
G0 F7200 X-17.335 Y30.912
G1 F1800 X-15.887 Y29.463 E4732.48388
G0 F7200 X-16.452 Y29.463
G1 F1800 X-17.901 Y30.912 E4732.64781
G0 F7200 X-18.467 Y30.912
G1 F1800 X-17.019 Y29.464 E4732.81164
G0 F7200 X-17.584 Y29.464
G1 F1800 X-19.032 Y30.912 E4732.97546
G0 F7200 X-19.598 Y30.912
G1 F1800 X-18.15 Y29.464 E4733.13928
G0 F7200 X-18.716 Y29.464
G1 F1800 X-20.164 Y30.912 E4733.3031
G0 F7200 X-20.73 Y30.912
G1 F1800 X-19.281 Y29.464 E4733.46698
G0 F7200 X-19.847 Y29.464
G1 F1800 X-21.295 Y30.912 E4733.63081
G0 F7200 X-21.861 Y30.912
G1 F1800 X-20.413 Y29.464 E4733.79463
G0 F7200 X-20.978 Y29.464
G1 F1800 X-22.427 Y30.912 E4733.95851
G0 F7200 X-22.992 Y30.912
G1 F1800 X-21.545 Y29.464 E4734.12227
G0 F7200 X-22.111 Y29.464
G1 F1800 X-23.558 Y30.912 E4734.28604
G0 F7200 X-24.124 Y30.912
G1 F1800 X-22.676 Y29.464 E4734.44986
G0 F7200 X-23.242 Y29.464
G1 F1800 X-24.689 Y30.912 E4734.61363
G0 F7200 X-25.255 Y30.912
G1 F1800 X-23.808 Y29.464 E4734.77739
G0 F7200 X-24.373 Y29.464
G1 F1800 X-25.821 Y30.912 E4734.94122
G0 F7200 X-26.386 Y30.912
G1 F1800 X-24.939 Y29.464 E4735.10498
G0 F7200 X-25.505 Y29.464
G1 F1800 X-26.952 Y30.912 E4735.26875
G0 F7200 X-27.518 Y30.912
G1 F1800 X-26.071 Y29.465 E4735.43246
G0 F7200 X-26.637 Y29.465
G1 F1800 X-28.083 Y30.912 E4735.59611
G0 F7200 X-28.649 Y30.912
G1 F1800 X-27.202 Y29.465 E4735.75982
G0 F7200 X-27.768 Y29.465
G1 F1800 X-29.215 Y30.912 E4735.92353
G0 F7200 X-29.781 Y30.912
G1 F1800 X-28.334 Y29.465 E4736.08724
G0 F7200 X-28.899 Y29.465
G1 F1800 X-30.346 Y30.912 E4736.25095
G0 F7200 X-30.912 Y30.912
G1 F1800 X-29.465 Y29.465 E4736.41466
G0 F7200 X-30.031 Y29.465
G1 F1800 X-31.478 Y30.912 E4736.57837
G0 F7200 X-32.043 Y30.912
G1 F1800 X-30.597 Y29.465 E4736.74202
G0 F7200 X-31.163 Y29.466
G1 F1800 X-32.609 Y30.912 E4736.90561
G0 F7200 X-33.175 Y30.912
G1 F1800 X-31.729 Y29.466 E4737.06921
G0 F7200 X-32.294 Y29.466
G1 F1800 X-33.74 Y30.912 E4737.23281
G0 F7200 X-34.306 Y30.912
G1 F1800 X-32.86 Y29.466 E4737.3964
G0 F7200 X-33.426 Y29.466
G1 F1800 X-34.872 Y30.912 E4737.56
G0 F7200 X-35.437 Y30.912
G1 F1800 X-33.991 Y29.466 E4737.7236
G0 F7200 X-34.557 Y29.466
G1 F1800 X-36.003 Y30.912 E4737.88719
G0 F7200 X-36.569 Y30.912
G1 F1800 X-35.123 Y29.466 E4738.05079
G0 F7200 X-35.689 Y29.467
G1 F1800 X-37.134 Y30.912 E4738.21427
G0 F7200 X-37.7 Y30.912
G1 F1800 X-36.255 Y29.467 E4738.37775
G0 F7200 X-36.82 Y29.467
G1 F1800 X-38.266 Y30.912 E4738.54129
G0 F7200 X-38.831 Y30.912
G1 F1800 X-37.386 Y29.467 E4738.70478
G0 F7200 X-37.952 Y29.467
G1 F1800 X-39.397 Y30.912 E4738.86826
G0 F7200 X-39.963 Y30.912
G1 F1800 X-38.518 Y29.467 E4739.03174
G0 F7200 X-39.083 Y29.467
G1 F1800 X-40.529 Y30.912 E4739.19528
G0 F7200 X-41.094 Y30.912
G1 F1800 X-39.649 Y29.467 E4739.35877
G0 F7200 X-40.215 Y29.467
G1 F1800 X-41.66 Y30.912 E4739.52225
G0 F7200 X-42.226 Y30.912
G1 F1800 X-40.781 Y29.467 E4739.68573
G0 F7200 X-41.347 Y29.467
G1 F1800 X-42.791 Y30.912 E4739.84916
G0 F7200 X-43.357 Y30.912
G1 F1800 X-41.912 Y29.467 E4740.01264
G0 F7200 X-42.478 Y29.467
G1 F1800 X-43.923 Y30.912 E4740.17613
G0 F7200 X-44.488 Y30.912
G1 F1800 X-43.044 Y29.467 E4740.33955
G0 F7200 X-43.609 Y29.467
G1 F1800 X-45.054 Y30.912 E4740.50303
G0 F7200 X-45.62 Y30.912
G1 F1800 X-44.175 Y29.467 E4740.66652
G0 F7200 X-44.741 Y29.468
G1 F1800 X-46.185 Y30.912 E4740.82989
G0 F7200 X-46.751 Y30.912
G1 F1800 X-45.307 Y29.468 E4740.99326
G0 F7200 X-45.873 Y29.468
G1 F1800 X-47.317 Y30.912 E4741.15663
G0 F7200 X-47.882 Y30.912
G1 F1800 X-46.439 Y29.468 E4741.31994
G0 F7200 X-47.004 Y29.468
G1 F1800 X-48.448 Y30.912 E4741.48331
G0 F7200 X-49.014 Y30.912
G1 F1800 X-47.57 Y29.468 E4741.64668
G0 F7200 X-48.136 Y29.468
G1 F1800 X-49.579 Y30.912 E4741.80999
G0 F7200 X-50.145 Y30.912
G1 F1800 X-48.701 Y29.468 E4741.97336
G0 F7200 X-49.268 Y29.469
G1 F1800 X-50.711 Y30.912 E4742.13662
G0 F7200 X-51.277 Y30.912
G1 F1800 X-49.833 Y29.469 E4742.29993
G0 F7200 X-50.399 Y29.469
G1 F1800 X-51.842 Y30.912 E4742.46319
G0 F7200 X-52.408 Y30.912
G1 F1800 X-50.965 Y29.469 E4742.62645
G0 F7200 X-51.53 Y29.469
G1 F1800 X-52.974 Y30.912 E4742.78976
G0 F7200 X-53.539 Y30.912
G1 F1800 X-52.096 Y29.469 E4742.95302
G0 F7200 X-52.662 Y29.469
G1 F1800 X-54.105 Y30.912 E4743.11628
G0 F7200 X-54.671 Y30.912
G1 F1800 X-53.227 Y29.469 E4743.27959
G0 F7200 X-53.794 Y29.469
G1 F1800 X-55.236 Y30.912 E4743.44279
G0 F7200 X-55.802 Y30.912
G1 F1800 X-54.36 Y29.469 E4743.60599
G0 F7200 X-54.925 Y29.469
G1 F1800 X-56.368 Y30.912 E4743.76925
G0 F7200 X-56.933 Y30.912
G1 F1800 X-55.491 Y29.469 E4743.93245
G0 F7200 X-56.057 Y29.469
G1 F1800 X-57.499 Y30.912 E4744.09565
G0 F7200 X-58.065 Y30.912
G1 F1800 X-56.622 Y29.469 E4744.2589
G0 F7200 X-57.188 Y29.469
G1 F1800 X-58.63 Y30.912 E4744.4221
G0 F7200 X-59.196 Y30.912
G1 F1800 X-57.754 Y29.469 E4744.5853
G0 F7200 X-58.319 Y29.469
G1 F1800 X-59.762 Y30.912 E4744.74856
G0 F7200 X-60.328 Y30.912
G1 F1800 X-58.886 Y29.47 E4744.9117
G0 F7200 X-59.451 Y29.47
G1 F1800 X-60.893 Y30.912 E4745.07485
G0 F7200 X-61.459 Y30.912
G1 F1800 X-60.017 Y29.47 E4745.23799
G0 F7200 X-60.583 Y29.47
G1 F1800 X-62.025 Y30.912 E4745.40114
G0 F7200 X-62.59 Y30.912
G1 F1800 X-61.148 Y29.47 E4745.56428
G0 F7200 X-61.714 Y29.47
G1 F1800 X-63.156 Y30.912 E4745.72742
G0 F7200 X-63.722 Y30.912
G1 F1800 X-62.28 Y29.47 E4745.89057
G0 F7200 X-62.846 Y29.47
G1 F1800 X-64.287 Y30.912 E4746.05365
G0 F7200 X-64.853 Y30.912
G1 F1800 X-63.412 Y29.471 E4746.21668
G0 F7200 X-63.978 Y29.471
G1 F1800 X-65.419 Y30.912 E4746.37971
G0 F7200 X-65.984 Y30.912
G1 F1800 X-64.543 Y29.471 E4746.54274
G0 F7200 X-65.109 Y29.471
G1 F1800 X-66.55 Y30.912 E4746.70578
G0 F7200 X-67.116 Y30.912
G1 F1800 X-65.675 Y29.471 E4746.86881
G0 F7200 X-66.24 Y29.471
G1 F1800 X-67.681 Y30.912 E4747.03184
G0 F7200 X-68.247 Y30.912
G1 F1800 X-66.806 Y29.471 E4747.19487
G0 F7200 X-67.372 Y29.471
G1 F1800 X-68.813 Y30.912 E4747.3579
G0 F7200 X-69.378 Y30.912
G1 F1800 X-67.834 Y29.368 E4747.53258
G0 F7200 X-67.978 Y28.946
G1 F1800 X-69.424 Y30.391 E4747.69612
G0 F7200 X-69.424 Y29.826
G1 F1800 X-67.978 Y28.38 E4747.85972
G0 F7200 X-67.978 Y27.815
G1 F1800 X-69.424 Y29.26 E4748.02326
G0 F7200 X-69.424 Y28.694
G1 F1800 X-67.978 Y27.249 E4748.1868
G0 F7200 X-67.978 Y26.683
G1 F1800 X-69.424 Y28.129 E4748.35039
G0 F7200 X-69.424 Y27.563
G1 F1800 X-67.978 Y26.118 E4748.51393
G0 F7200 X-67.978 Y25.552
G1 F1800 X-69.424 Y26.997 E4748.67747
G0 F7200 X-69.424 Y26.432
G1 F1800 X-67.978 Y24.986 E4748.84107
G0 F7200 X-67.978 Y24.421
G1 F1800 X-69.424 Y25.866 E4749.00461
G0 F7200 X-69.424 Y25.3
G1 F1800 X-67.978 Y23.855 E4749.16815
G0 F7200 X-67.978 Y23.289
G1 F1800 X-69.424 Y24.735 E4749.33174
G0 F7200 X-69.424 Y24.169
G1 F1800 X-67.978 Y22.724 E4749.49528
G0 F7200 X-67.979 Y22.159
G1 F1800 X-69.424 Y23.603 E4749.65871
G0 F7200 X-69.424 Y23.038
G1 F1800 X-67.979 Y21.593 E4749.82219
G0 F7200 X-67.979 Y21.027
G1 F1800 X-69.424 Y22.472 E4749.98568
G0 F7200 X-69.424 Y21.906
G1 F1800 X-67.979 Y20.462 E4750.1491
G0 F7200 X-67.979 Y19.896
G1 F1800 X-69.424 Y21.34 E4750.31253
G0 F7200 X-69.424 Y20.775
G1 F1800 X-67.979 Y19.33 E4750.47601
G0 F7200 X-67.979 Y18.764
G1 F1800 X-69.424 Y20.209 E4750.6395
G0 F7200 X-69.424 Y19.643
G1 F1800 X-67.979 Y18.199 E4750.80292
G0 F7200 X-67.979 Y17.633
G1 F1800 X-69.424 Y19.078 E4750.96641
G0 F7200 X-69.424 Y18.512
G1 F1800 X-67.979 Y17.067 E4751.12989
G0 F7200 X-67.979 Y16.502
G1 F1800 X-69.424 Y17.946 E4751.29331
G0 F7200 X-69.424 Y17.381
G1 F1800 X-67.979 Y15.936 E4751.4568
G0 F7200 X-67.98 Y15.371
G1 F1800 X-69.424 Y16.815 E4751.62017
G0 F7200 X-69.424 Y16.249
G1 F1800 X-67.98 Y14.805 E4751.78354
G0 F7200 X-67.98 Y14.24
G1 F1800 X-69.424 Y15.684 E4751.94691
G0 F7200 X-69.424 Y15.118
G1 F1800 X-67.98 Y13.674 E4752.11028
G0 F7200 X-67.98 Y13.108
G1 F1800 X-69.424 Y14.552 E4752.27365
G0 F7200 X-69.424 Y13.987
G1 F1800 X-67.98 Y12.543 E4752.43702
G0 F7200 X-67.98 Y11.977
G1 F1800 X-69.424 Y13.421 E4752.60039
G0 F7200 X-69.424 Y12.855
G1 F1800 X-67.98 Y11.411 E4752.76376
G0 F7200 X-67.98 Y10.846
G1 F1800 X-69.424 Y12.29 E4752.92713
G0 F7200 X-69.424 Y11.724
G1 F1800 X-67.98 Y10.28 E4753.0905
G0 F7200 X-67.98 Y9.714
G1 F1800 X-69.424 Y11.158 E4753.25387
G0 F7200 X-69.424 Y10.592
G1 F1800 X-67.98 Y9.149 E4753.41718
G0 F7200 X-67.981 Y8.584
G1 F1800 X-69.424 Y10.027 E4753.58044
G0 F7200 X-69.424 Y9.461
G1 F1800 X-67.981 Y8.018 E4753.74369
G0 F7200 X-67.981 Y7.452
G1 F1800 X-69.424 Y8.895 E4753.90695
G0 F7200 X-69.424 Y8.33
G1 F1800 X-67.981 Y6.887 E4754.07021
G0 F7200 X-67.981 Y6.321
G1 F1800 X-69.424 Y7.764 E4754.23346
G0 F7200 X-69.424 Y7.198
G1 F1800 X-67.981 Y5.755 E4754.39672
G0 F7200 X-67.981 Y5.189
G1 F1800 X-69.424 Y6.633 E4754.56003
G0 F7200 X-69.424 Y6.067
G1 F1800 X-67.981 Y4.624 E4754.72329
G0 F7200 X-67.981 Y4.058
G1 F1800 X-69.424 Y5.501 E4754.88655
G0 F7200 X-69.424 Y4.936
G1 F1800 X-67.981 Y3.492 E4755.04986
G0 F7200 X-67.981 Y2.927
G1 F1800 X-69.424 Y4.37 E4755.21312
G0 F7200 X-69.424 Y3.804
G1 F1800 X-67.981 Y2.362 E4755.37632
G0 F7200 X-67.981 Y1.796
G1 F1800 X-69.424 Y3.239 E4755.53958
G0 F7200 X-69.424 Y2.673
G1 F1800 X-67.981 Y1.23 E4755.70283
G0 F7200 X-67.981 Y0.665
G1 F1800 X-69.424 Y2.107 E4755.86603
G0 F7200 X-69.424 Y1.541
G1 F1800 X-67.981 Y0.099 E4756.02923
G0 F7200 X-67.981 Y-.467
G1 F1800 X-69.424 Y0.976 E4756.19249
G0 F7200 X-69.424 Y0.41
G1 F1800 X-67.981 Y-1.032 E4756.35569
G0 F7200 X-67.981 Y-1.598
G1 F1800 X-69.424 Y-.156 E4756.51889
G0 F7200 X-69.424 Y-.721
G1 F1800 X-67.981 Y-2.164 E4756.68215
G0 F7200 X-67.981 Y-2.729
G1 F1800 X-69.424 Y-1.287 E4756.84535
G0 F7200 X-69.424 Y-1.853
G1 F1800 X-67.981 Y-3.295 E4757.00855
G0 F7200 X-67.981 Y-3.861
G1 F1800 X-69.424 Y-2.418 E4757.1718
G0 F7200 X-69.424 Y-2.984
G1 F1800 X-67.982 Y-4.426 E4757.33495
G0 F7200 X-67.982 Y-4.991
G1 F1800 X-69.424 Y-3.55 E4757.49804
G0 F7200 X-69.424 Y-4.115
G1 F1800 X-67.982 Y-5.557 E4757.66118
G0 F7200 X-67.982 Y-6.123
G1 F1800 X-69.424 Y-4.681 E4757.82432
G0 F7200 X-69.424 Y-5.247
G1 F1800 X-67.982 Y-6.689 E4757.98747
G0 F7200 X-67.982 Y-7.254
G1 F1800 X-69.424 Y-5.812 E4758.15061
G0 F7200 X-69.424 Y-6.378
G1 F1800 X-67.982 Y-7.82 E4758.31375
G0 F7200 X-67.982 Y-8.386
G1 F1800 X-69.424 Y-6.944 E4758.4769
G0 F7200 X-69.424 Y-7.509
G1 F1800 X-67.982 Y-8.951 E4758.64004
G0 F7200 X-67.982 Y-9.517
G1 F1800 X-69.424 Y-8.075 E4758.80318
G0 F7200 X-69.424 Y-8.641
G1 F1800 X-67.982 Y-10.083 E4758.96633
G0 F7200 X-67.982 Y-10.648
G1 F1800 X-69.424 Y-9.207 E4759.12942
G0 F7200 X-69.424 Y-9.772
G1 F1800 X-67.983 Y-11.213 E4759.29245
G0 F7200 X-67.983 Y-11.779
G1 F1800 X-69.424 Y-10.338 E4759.45548
G0 F7200 X-69.424 Y-10.904
G1 F1800 X-67.983 Y-12.345 E4759.61851
G0 F7200 X-67.983 Y-12.91
G1 F1800 X-69.424 Y-11.469 E4759.78154
G0 F7200 X-69.424 Y-12.035
G1 F1800 X-67.983 Y-13.476 E4759.94457
G0 F7200 X-67.983 Y-14.042
G1 F1800 X-69.424 Y-12.601 E4760.1076
G0 F7200 X-69.424 Y-13.166
G1 F1800 X-67.983 Y-14.607 E4760.27063
G0 F7200 X-67.983 Y-15.173
G1 F1800 X-69.424 Y-13.732 E4760.43366
G0 F7200 X-69.424 Y-14.298
G1 F1800 X-67.983 Y-15.739 E4760.59669
G0 F7200 X-67.983 Y-16.304
G1 F1800 X-69.424 Y-14.863 E4760.75972
G0 F7200 X-69.424 Y-15.429
G1 F1800 X-67.983 Y-16.87 E4760.92275
G0 F7200 X-67.983 Y-17.436
G1 F1800 X-69.424 Y-15.995 E4761.08578
G0 F7200 X-69.424 Y-16.56
G1 F1800 X-67.983 Y-18.001 E4761.24881
G0 F7200 X-67.983 Y-18.567
G1 F1800 X-69.424 Y-17.126 E4761.41184
G0 F7200 X-69.424 Y-17.692
G1 F1800 X-67.983 Y-19.132 E4761.57482
G0 F7200 X-67.983 Y-19.698
G1 F1800 X-69.424 Y-18.257 E4761.73785
G0 F7200 X-69.424 Y-18.823
G1 F1800 X-67.983 Y-20.264 E4761.90088
G0 F7200 X-67.983 Y-20.829
G1 F1800 X-69.424 Y-19.389 E4762.06385
G0 F7200 X-69.424 Y-19.955
G1 F1800 X-67.983 Y-21.395 E4762.22683
G0 F7200 X-67.983 Y-21.961
G1 F1800 X-69.424 Y-20.52 E4762.38986
G0 F7200 X-69.424 Y-21.086
G1 F1800 X-67.983 Y-22.526 E4762.55283
G0 F7200 X-67.983 Y-23.092
G1 F1800 X-69.424 Y-21.652 E4762.7158
G0 F7200 X-69.424 Y-22.217
G1 F1800 X-67.983 Y-23.658 E4762.87884
G0 F7200 X-67.984 Y-24.223
G1 F1800 X-69.424 Y-22.783 E4763.04175
G0 F7200 X-69.424 Y-23.349
G1 F1800 X-67.984 Y-24.788 E4763.20461
G0 F7200 X-67.984 Y-25.354
G1 F1800 X-69.424 Y-23.914 E4763.36753
G0 F7200 X-69.424 Y-24.48
G1 F1800 X-67.984 Y-25.92 E4763.53045
G0 F7200 X-67.984 Y-26.485
G1 F1800 X-69.424 Y-25.046 E4763.69331
G0 F7200 X-69.424 Y-25.611
G1 F1800 X-67.984 Y-27.051 E4763.85623
G0 F7200 X-67.984 Y-27.617
G1 F1800 X-69.424 Y-26.177 E4764.01914
G0 F7200 X-69.424 Y-26.743
G1 F1800 X-67.984 Y-28.182 E4764.182
G0 F7200 X-67.984 Y-28.748
G1 F1800 X-69.424 Y-27.308 E4764.34492
G0 F7200 X-69.424 Y-27.874
G1 F1800 X-67.984 Y-29.314 E4764.50784
G0 F7200 X-67.984 Y-29.88
G1 F1800 X-69.424 Y-28.44 E4764.67076
G0 F7200 X-69.424 Y-29.006
G1 F1800 X-67.984 Y-30.445 E4764.83362
G0 F7200 X-67.896 Y-31.099
G1 F1800 X-69.424 Y-29.571 E4765.00649
G0 F7200 X-69.424 Y-30.137
G1 F1800 X-66.833 Y-32.728 E4765.29963
G0 F7200 X-66.267 Y-32.728
G1 F1800 X-67.786 Y-31.209 E4765.47148
G0 F7200 X-67.151 Y-31.278
G1 F1800 X-65.702 Y-32.728 E4765.63548
G0 F7200 X-65.136 Y-32.728
G1 F1800 X-66.585 Y-31.278 E4765.79947
G0 F7200 X-66.02 Y-31.278
G1 F1800 X-64.57 Y-32.728 E4765.96352
G0 F7200 X-64.004 Y-32.728
G1 F1800 X-65.454 Y-31.278 E4766.12757
G0 F7200 X-64.888 Y-31.278
G1 F1800 X-63.439 Y-32.728 E4766.29156
G0 F7200 X-62.873 Y-32.728
G1 F1800 X-64.323 Y-31.278 E4766.45561
G0 F7200 X-63.757 Y-31.278
G1 F1800 X-62.307 Y-32.728 E4766.61966
G0 F7200 X-61.742 Y-32.728
G1 F1800 X-63.191 Y-31.279 E4766.78359
G0 F7200 X-62.625 Y-31.279
G1 F1800 X-61.176 Y-32.728 E4766.94753
G0 F7200 X-60.61 Y-32.728
G1 F1800 X-62.059 Y-31.279 E4767.11146
G0 F7200 X-61.494 Y-31.279
G1 F1800 X-60.045 Y-32.728 E4767.2754
G0 F7200 X-59.479 Y-32.728
G1 F1800 X-60.928 Y-31.279 E4767.43933
G0 F7200 X-60.362 Y-31.279
G1 F1800 X-58.913 Y-32.728 E4767.60327
G0 F7200 X-58.348 Y-32.728
G1 F1800 X-59.796 Y-31.279 E4767.76715
G0 F7200 X-59.231 Y-31.279
G1 F1800 X-57.782 Y-32.728 E4767.93109
G0 F7200 X-57.216 Y-32.728
G1 F1800 X-58.664 Y-31.28 E4768.09491
G0 F7200 X-58.099 Y-31.28
G1 F1800 X-56.651 Y-32.728 E4768.25873
G0 F7200 X-56.085 Y-32.728
G1 F1800 X-57.533 Y-31.28 E4768.42255
G0 F7200 X-56.967 Y-31.28
G1 F1800 X-55.519 Y-32.728 E4768.58637
G0 F7200 X-54.954 Y-32.728
G1 F1800 X-56.402 Y-31.28 E4768.7502
G0 F7200 X-55.836 Y-31.28
G1 F1800 X-54.388 Y-32.728 E4768.91402
G0 F7200 X-53.822 Y-32.728
G1 F1800 X-55.27 Y-31.28 E4769.07784
G0 F7200 X-54.704 Y-31.28
G1 F1800 X-53.256 Y-32.728 E4769.24166
G0 F7200 X-52.691 Y-32.728
G1 F1800 X-54.138 Y-31.28 E4769.40543
G0 F7200 X-53.573 Y-31.28
G1 F1800 X-52.125 Y-32.728 E4769.56925
G0 F7200 X-51.559 Y-32.728
G1 F1800 X-53.007 Y-31.28 E4769.73308
G0 F7200 X-52.441 Y-31.28
G1 F1800 X-50.994 Y-32.728 E4769.89684
G0 F7200 X-50.428 Y-32.728
G1 F1800 X-51.875 Y-31.28 E4770.06061
G0 F7200 X-51.31 Y-31.28
G1 F1800 X-49.862 Y-32.728 E4770.22443
G0 F7200 X-49.297 Y-32.728
G1 F1800 X-50.744 Y-31.28 E4770.3882
G0 F7200 X-50.178 Y-31.281
G1 F1800 X-48.731 Y-32.728 E4770.55191
G0 F7200 X-48.165 Y-32.728
G1 F1800 X-49.612 Y-31.281 E4770.71561
G0 F7200 X-49.046 Y-31.281
G1 F1800 X-47.6 Y-32.728 E4770.87927
G0 F7200 X-47.034 Y-32.728
G1 F1800 X-48.481 Y-31.281 E4771.04298
G0 F7200 X-47.915 Y-31.281
G1 F1800 X-46.468 Y-32.728 E4771.20669
G0 F7200 X-45.903 Y-32.728
G1 F1800 X-47.349 Y-31.281 E4771.37034
G0 F7200 X-46.784 Y-31.281
G1 F1800 X-45.337 Y-32.728 E4771.53405
G0 F7200 X-44.771 Y-32.728
G1 F1800 X-46.218 Y-31.281 E4771.69776
G0 F7200 X-45.652 Y-31.282
G1 F1800 X-44.205 Y-32.728 E4771.86141
G0 F7200 X-43.64 Y-32.728
G1 F1800 X-45.086 Y-31.282 E4772.02501
G0 F7200 X-44.52 Y-31.282
G1 F1800 X-43.074 Y-32.728 E4772.1886
G0 F7200 X-42.508 Y-32.728
G1 F1800 X-43.954 Y-31.282 E4772.3522
G0 F7200 X-43.389 Y-31.282
G1 F1800 X-41.943 Y-32.728 E4772.5158
G0 F7200 X-41.377 Y-32.728
G1 F1800 X-42.823 Y-31.282 E4772.67939
G0 F7200 X-42.257 Y-31.282
G1 F1800 X-40.811 Y-32.728 E4772.84299
G0 F7200 X-40.246 Y-32.728
G1 F1800 X-41.691 Y-31.282 E4773.00653
G0 F7200 X-41.125 Y-31.282
G1 F1800 X-39.68 Y-32.728 E4773.17007
G0 F7200 X-39.114 Y-32.728
G1 F1800 X-40.56 Y-31.282 E4773.33366
G0 F7200 X-39.994 Y-31.282
G1 F1800 X-38.549 Y-32.728 E4773.4972
G0 F7200 X-37.983 Y-32.728
G1 F1800 X-39.428 Y-31.282 E4773.66074
G0 F7200 X-38.863 Y-31.282
G1 F1800 X-37.417 Y-32.728 E4773.82434
G0 F7200 X-36.852 Y-32.728
G1 F1800 X-38.297 Y-31.282 E4773.98788
G0 F7200 X-37.731 Y-31.282
G1 F1800 X-36.286 Y-32.728 E4774.15142
G0 F7200 X-35.72 Y-32.728
G1 F1800 X-37.165 Y-31.283 E4774.3149
G0 F7200 X-36.599 Y-31.283
G1 F1800 X-35.155 Y-32.728 E4774.47833
G0 F7200 X-34.589 Y-32.728
G1 F1800 X-36.033 Y-31.283 E4774.64175
G0 F7200 X-35.468 Y-31.283
G1 F1800 X-34.023 Y-32.728 E4774.80524
G0 F7200 X-33.457 Y-32.728
G1 F1800 X-34.902 Y-31.283 E4774.96872
G0 F7200 X-34.336 Y-31.283
G1 F1800 X-32.892 Y-32.728 E4775.13215
G0 F7200 X-32.326 Y-32.728
G1 F1800 X-33.771 Y-31.283 E4775.29563
G0 F7200 X-33.204 Y-31.284
G1 F1800 X-31.76 Y-32.728 E4775.459
G0 F7200 X-31.195 Y-32.728
G1 F1800 X-32.639 Y-31.284 E4775.62237
G0 F7200 X-32.073 Y-31.284
G1 F1800 X-30.629 Y-32.728 E4775.78574
G0 F7200 X-30.063 Y-32.728
G1 F1800 X-31.507 Y-31.284 E4775.94911
G0 F7200 X-30.942 Y-31.284
G1 F1800 X-29.498 Y-32.728 E4776.11248
G0 F7200 X-28.932 Y-32.728
G1 F1800 X-30.376 Y-31.284 E4776.27585
G0 F7200 X-29.81 Y-31.284
G1 F1800 X-28.366 Y-32.728 E4776.43922
G0 F7200 X-27.801 Y-32.728
G1 F1800 X-29.245 Y-31.284 E4776.60259
G0 F7200 X-28.678 Y-31.285
G1 F1800 X-27.235 Y-32.728 E4776.76585
G0 F7200 X-26.669 Y-32.728
G1 F1800 X-28.112 Y-31.285 E4776.9291
G0 F7200 X-27.547 Y-31.285
G1 F1800 X-26.104 Y-32.728 E4777.09236
G0 F7200 X-25.538 Y-32.728
G1 F1800 X-26.981 Y-31.285 E4777.25562
G0 F7200 X-26.415 Y-31.285
G1 F1800 X-24.972 Y-32.728 E4777.41887
G0 F7200 X-24.406 Y-32.728
G1 F1800 X-25.85 Y-31.285 E4777.58219
G0 F7200 X-25.284 Y-31.285
G1 F1800 X-23.841 Y-32.728 E4777.74544
G0 F7200 X-23.275 Y-32.728
G1 F1800 X-24.718 Y-31.285 E4777.9087
G0 F7200 X-24.152 Y-31.285
G1 F1800 X-22.709 Y-32.728 E4778.07196
G0 F7200 X-22.144 Y-32.728
G1 F1800 X-23.586 Y-31.285 E4778.23516
G0 F7200 X-23.021 Y-31.285
G1 F1800 X-21.578 Y-32.728 E4778.39842
G0 F7200 X-21.012 Y-32.728
G1 F1800 X-22.455 Y-31.285 E4778.56167
G0 F7200 X-21.889 Y-31.285
G1 F1800 X-20.447 Y-32.728 E4778.72487
G0 F7200 X-19.881 Y-32.728
G1 F1800 X-21.324 Y-31.285 E4778.88813
G0 F7200 X-20.758 Y-31.285
G1 F1800 X-19.315 Y-32.728 E4779.05139
G0 F7200 X-18.75 Y-32.728
G1 F1800 X-20.191 Y-31.286 E4779.21447
G0 F7200 X-19.626 Y-31.286
G1 F1800 X-18.184 Y-32.728 E4779.37762
G0 F7200 X-17.618 Y-32.728
G1 F1800 X-19.06 Y-31.286 E4779.54076
G0 F7200 X-18.494 Y-31.286
G1 F1800 X-17.053 Y-32.728 E4779.70385
G0 F7200 X-16.487 Y-32.728
G1 F1800 X-17.929 Y-31.286 E4779.86699
G0 F7200 X-17.363 Y-31.286
G1 F1800 X-15.921 Y-32.728 E4780.03013
G0 F7200 X-15.356 Y-32.728
G1 F1800 X-16.797 Y-31.286 E4780.19322
G0 F7200 X-16.232 Y-31.286
G1 F1800 X-14.79 Y-32.728 E4780.35637
G0 F7200 X-14.224 Y-32.728
G1 F1800 X-15.665 Y-31.287 E4780.5194
G0 F7200 X-15.1 Y-31.287
G1 F1800 X-13.658 Y-32.728 E4780.68248
G0 F7200 X-13.093 Y-32.728
G1 F1800 X-14.534 Y-31.287 E4780.84551
G0 F7200 X-13.968 Y-31.287
G1 F1800 X-12.527 Y-32.728 E4781.00854
G0 F7200 X-11.961 Y-32.728
G1 F1800 X-13.403 Y-31.287 E4781.17163
G0 F7200 X-12.837 Y-31.287
G1 F1800 X-11.396 Y-32.728 E4781.33466
G0 F7200 X-10.83 Y-32.728
G1 F1800 X-12.271 Y-31.287 E4781.49769
G0 F7200 X-11.705 Y-31.287
G1 F1800 X-10.264 Y-32.728 E4781.66072
G0 F7200 X-9.699 Y-32.728
G1 F1800 X-11.139 Y-31.287 E4781.8237
G0 F7200 X-10.573 Y-31.287
G1 F1800 X-9.133 Y-32.728 E4781.98667
G0 F7200 X-8.567 Y-32.728
G1 F1800 X-10.008 Y-31.287 E4782.1497
G0 F7200 X-9.442 Y-31.287
G1 F1800 X-8.002 Y-32.728 E4782.31268
G0 F7200 X-7.436 Y-32.728
G1 F1800 X-8.876 Y-31.287 E4782.47565
G0 F7200 X-8.311 Y-31.287
G1 F1800 X-6.87 Y-32.728 E4782.63868
G0 F7200 X-6.305 Y-32.728
G1 F1800 X-7.745 Y-31.287 E4782.80165
G0 F7200 X-7.33 Y-31.137
G1 F1800 X-5.784 Y-32.682 E4782.97651
G0 F7200 X-5.784 Y-32.117
G1 F1800 X-7.228 Y-30.673 E4783.13988
G0 F7200 X-7.228 Y-30.107
G1 F1800 X-5.784 Y-31.551 E4783.30325
G0 F7200 X-5.784 Y-30.985
G1 F1800 X-7.228 Y-29.542 E4783.46656
G0 F7200 X-7.228 Y-28.976
G1 F1800 X-5.784 Y-30.42 E4783.62993
G0 F7200 X-5.784 Y-29.854
G1 F1800 X-7.228 Y-28.41 E4783.7933
G0 F7200 X-7.228 Y-27.844
G1 F1800 X-5.784 Y-29.288 E4783.95667
G0 F7200 X-5.784 Y-28.723
G1 F1800 X-7.228 Y-27.279 E4784.12004
G0 F7200 X-7.228 Y-26.713
G1 F1800 X-5.784 Y-28.157 E4784.28341
G0 F7200 X-5.784 Y-27.591
G1 F1800 X-7.228 Y-26.147 E4784.44678
G0 F7200 X-7.228 Y-25.582
G1 F1800 X-5.784 Y-27.026 E4784.61015
G0 F7200 X-5.784 Y-26.46
G1 F1800 X-7.228 Y-25.016 E4784.77352
G0 F7200 X-7.228 Y-24.45
G1 F1800 X-5.784 Y-25.894 E4784.93689
G0 F7200 X-5.784 Y-25.329
G1 F1800 X-7.228 Y-23.885 E4785.10026
G0 F7200 X-7.228 Y-23.319
G1 F1800 X-5.784 Y-24.763 E4785.26363
G0 F7200 X-5.784 Y-24.197
G1 F1800 X-7.228 Y-22.753 E4785.427
G0 F7200 X-7.228 Y-22.188
G1 F1800 X-5.784 Y-23.632 E4785.59037
G0 F7200 X-5.784 Y-23.066
G1 F1800 X-7.228 Y-21.622 E4785.75374
G0 F7200 X-7.228 Y-21.056
G1 F1800 X-5.784 Y-22.5 E4785.91711
G0 F7200 X-5.784 Y-21.934
G1 F1800 X-7.228 Y-20.491 E4786.08042
G0 F7200 X-7.228 Y-19.925
G1 F1800 X-5.784 Y-21.369 E4786.24379
G0 F7200 X-5.784 Y-20.803
G1 F1800 X-7.228 Y-19.359 E4786.40716
G0 F7200 X-7.228 Y-18.793
G1 F1800 X-5.784 Y-20.237 E4786.57053
G0 F7200 X-5.784 Y-19.672
G1 F1800 X-7.228 Y-18.228 E4786.7339
G0 F7200 X-7.228 Y-17.662
G1 F1800 X-5.784 Y-19.106 E4786.89727
G0 F7200 X-5.784 Y-18.54
G1 F1800 X-7.228 Y-17.096 E4787.06064
G0 F7200 X-7.228 Y-16.531
G1 F1800 X-5.784 Y-17.975 E4787.22401
G0 F7200 X-5.784 Y-17.409
G1 F1800 X-7.228 Y-15.965 E4787.38738
G0 F7200 X-7.228 Y-15.399
G1 F1800 X-5.784 Y-16.843 E4787.55075
G0 F7200 X-5.784 Y-16.278
G1 F1800 X-7.228 Y-14.834 E4787.71412
G0 F7200 X-7.228 Y-14.268
G1 F1800 X-5.784 Y-15.712 E4787.87749
G0 F7200 X-5.784 Y-15.146
G1 F1800 X-7.228 Y-13.702 E4788.04086
G0 F7200 X-7.228 Y-13.137
G1 F1800 X-5.784 Y-14.581 E4788.20423
G0 F7200 X-5.784 Y-14.015
G1 F1800 X-7.228 Y-12.571 E4788.3676
G0 F7200 X-7.228 Y-12.005
G1 F1800 X-5.784 Y-13.449 E4788.53097
G0 F7200 X-5.784 Y-12.883
G1 F1800 X-7.228 Y-11.44 E4788.69429
G0 F7200 X-7.228 Y-10.874
G1 F1800 X-5.784 Y-12.318 E4788.85766
G0 F7200 X-5.784 Y-11.752
G1 F1800 X-7.228 Y-10.308 E4789.02103
G0 F7200 X-7.228 Y-9.743
G1 F1800 X-5.784 Y-11.186 E4789.18434
G0 F7200 X-5.784 Y-10.621
G1 F1800 X-7.228 Y-9.177 E4789.34771
G0 F7200 X-7.228 Y-8.611
G1 F1800 X-5.784 Y-10.055 E4789.51108
G0 F7200 X-5.784 Y-9.489
G1 F1800 X-7.228 Y-8.045 E4789.67445
G0 F7200 X-7.228 Y-7.48
G1 F1800 X-5.784 Y-8.924 E4789.83782
G0 F7200 X-5.784 Y-8.358
G1 F1800 X-7.228 Y-6.914 E4790.00119
G0 F7200 X-7.228 Y-6.348
G1 F1800 X-5.784 Y-7.792 E4790.16456
G0 F7200 X-5.784 Y-7.227
G1 F1800 X-7.228 Y-5.783 E4790.32793
G0 F7200 X-7.228 Y-5.217
G1 F1800 X-5.784 Y-6.661 E4790.4913
G0 F7200 X-5.784 Y-6.095
G1 F1800 X-7.228 Y-4.651 E4790.65467
G0 F7200 X-7.228 Y-4.086
G1 F1800 X-5.784 Y-5.53 E4790.81804
G0 F7200 X-5.784 Y-4.964
G1 F1800 X-7.228 Y-3.52 E4790.98141
G0 F7200 X-7.228 Y-2.954
G1 F1800 X-5.784 Y-4.398 E4791.14478
G0 F7200 X-5.784 Y-3.833
G1 F1800 X-7.228 Y-2.389 E4791.30815
G0 F7200 X-7.228 Y-1.823
G1 F1800 X-5.784 Y-3.267 E4791.47152
G0 F7200 X-5.784 Y-2.701
G1 F1800 X-7.228 Y-1.257 E4791.63489
G0 F7200 X-7.229 Y-.691
G1 F1800 X-5.784 Y-2.135 E4791.79832
G0 F7200 X-5.784 Y-1.57
G1 F1800 X-7.229 Y-.125 E4791.9618
G0 F7200 X-7.229 Y0.441
G1 F1800 X-5.784 Y-1.004 E4792.12528
G0 F7200 X-5.784 Y-.438
G1 F1800 X-7.229 Y1.006 E4792.28871
G0 F7200 X-7.229 Y1.572
G1 F1800 X-5.784 Y0.127 E4792.45219
G0 F7200 X-5.784 Y0.693
G1 F1800 X-7.229 Y2.138 E4792.61567
G0 F7200 X-7.229 Y2.703
G1 F1800 X-5.784 Y1.259 E4792.7791
G0 F7200 X-5.784 Y1.824
G1 F1800 X-7.229 Y3.269 E4792.94258
G0 F7200 X-7.229 Y3.835
G1 F1800 X-5.784 Y2.39 E4793.10607
G0 F7200 X-5.784 Y2.956
G1 F1800 X-7.229 Y4.4 E4793.26949
G0 F7200 X-7.229 Y4.966
G1 F1800 X-5.784 Y3.521 E4793.43298
G0 F7200 X-5.784 Y4.087
G1 F1800 X-7.229 Y5.532 E4793.59646
G0 F7200 X-7.229 Y6.097
G1 F1800 X-5.784 Y4.653 E4793.75989
G0 F7200 X-5.784 Y5.218
G1 F1800 X-7.229 Y6.663 E4793.92337
G0 F7200 X-7.229 Y7.229
G1 F1800 X-5.784 Y5.784 E4794.08685
G0 F7200 X-5.784 Y6.35
G1 F1800 X-7.229 Y7.794 E4794.25028
G0 F7200 X-7.229 Y8.36
G1 F1800 X-5.784 Y6.916 E4794.41371
G0 F7200 X-5.784 Y7.481
G1 F1800 X-7.229 Y8.926 E4794.57719
G0 F7200 X-7.229 Y9.491
G1 F1800 X-5.784 Y8.047 E4794.74061
G0 F7200 X-5.784 Y8.613
G1 F1800 X-7.229 Y10.057 E4794.90404
G0 F7200 X-7.229 Y10.623
G1 F1800 X-5.784 Y9.178 E4795.06752
G0 F7200 X-5.784 Y9.744
G1 F1800 X-7.229 Y11.189 E4795.23101
G0 F7200 X-7.229 Y11.754
G1 F1800 X-5.784 Y10.31 E4795.39443
G0 F7200 X-5.784 Y10.875
G1 F1800 X-7.229 Y12.32 E4795.55792
G0 F7200 X-7.229 Y12.886
G1 F1800 X-5.784 Y11.441 E4795.7214
G0 F7200 X-5.784 Y12.007
G1 F1800 X-7.229 Y13.451 E4795.88483
G0 F7200 X-7.229 Y14.017
G1 F1800 X-5.784 Y12.572 E4796.04831
G0 F7200 X-5.784 Y13.138
G1 F1800 X-7.229 Y14.583 E4796.21179
G0 F7200 X-7.229 Y15.148
G1 F1800 X-5.784 Y13.704 E4796.37522
G0 F7200 X-5.784 Y14.269
G1 F1800 X-7.229 Y15.714 E4796.5387
G0 F7200 X-7.229 Y16.28
G1 F1800 X-5.784 Y14.835 E4796.70219
G0 F7200 X-5.784 Y15.401
G1 F1800 X-7.229 Y16.845 E4796.86561
G0 F7200 X-7.229 Y17.411
G1 F1800 X-5.784 Y15.966 E4797.0291
G0 F7200 X-5.784 Y16.532
G1 F1800 X-7.229 Y17.977 E4797.19258
G0 F7200 X-7.229 Y18.542
G1 F1800 X-5.784 Y17.098 E4797.356
G0 F7200 X-5.784 Y17.664
G1 F1800 X-7.229 Y19.108 E4797.51943
G0 F7200 X-7.229 Y19.674
G1 F1800 X-5.784 Y18.229 E4797.68291
G0 F7200 X-5.784 Y18.795
G1 F1800 X-7.229 Y20.24 E4797.8464
G0 F7200 X-7.229 Y20.805
G1 F1800 X-5.784 Y19.361 E4798.00982
G0 F7200 X-5.784 Y19.926
G1 F1800 X-7.229 Y21.371 E4798.17331
G0 F7200 X-7.229 Y21.937
G1 F1800 X-5.784 Y20.492 E4798.33679
G0 F7200 X-5.784 Y21.058
G1 F1800 X-7.229 Y22.502 E4798.50022
G0 F7200 X-7.229 Y23.068
G1 F1800 X-5.784 Y21.623 E4798.6637
G0 F7200 X-5.784 Y22.189
G1 F1800 X-7.229 Y23.634 E4798.82718
G0 F7200 X-7.229 Y24.199
G1 F1800 X-5.784 Y22.755 E4798.99061
G0 F7200 X-5.784 Y23.32
G1 F1800 X-7.229 Y24.765 E4799.15409
G0 F7200 X-7.229 Y25.331
G1 F1800 X-5.784 Y23.886 E4799.31758
G0 F7200 X-5.784 Y24.452
G1 F1800 X-7.229 Y25.896 E4799.481
G0 F7200 X-7.229 Y26.462
G1 F1800 X-5.784 Y25.017 E4799.64449
G0 F7200 X-5.784 Y25.583
G1 F1800 X-7.229 Y27.028 E4799.80797
G0 F7200 X-7.229 Y27.593
G1 F1800 X-5.784 Y26.149 E4799.97139
G0 F7200 X-5.784 Y26.714
G1 F1800 X-7.229 Y28.159 E4800.13488
G0 F7200 X-7.229 Y28.725
G1 F1800 X-5.784 Y27.28 E4800.29836
G1 X-5.714 Y27.21
G0 F7200 X-67.399 Y-32.728
G1 F1800 X-69.424 Y-30.703 E4800.52746
G0 F7200 X-69.424 Y-31.268
G1 F1800 X-67.964 Y-32.728 E4800.69264
G0 F7200 X-68.53 Y-32.728
G1 F1800 X-69.424 Y-31.834 E4800.79379
G0 F7200 X-69.424 Y-32.4
G1 F1800 X-69.096 Y-32.728 E4800.8309
G0 F7200 X-69.096 Y-32.698
G10
;MESH:base carc vincha prueba 1.stl
G0 X-5.031 Y-33.484
G0 X-3.942 Y-33.484
G0 X6.727 Y-33.484
G0 X7.822 Y-33.484
G0 X8.302 Y-34.514
G0 X8.154 Y-34.631
;TYPE:FILL
G11
G1 F3600 X8.857 Y-33.929 E4800.91038
G1 X8.927 Y-33.859
G0 F7200 X8.482 Y-33.859
G0 X15.58 Y-34.304
G0 X15.58 Y-34.152
G1 F3600 X16.061 Y-34.632 E4800.96474
G0 F7200 X16.061 Y-34.484
G0 X19.468 Y-34.484
G0 X19.468 Y-34.631
G1 F3600 X19.947 Y-34.152 E4801.01893
G0 F7200 X19.947 Y-34.304
G0 X26.894 Y-34.304
G0 X26.894 Y-34.152
G1 F3600 X27.374 Y-34.632 E4801.07324
G0 F7200 X27.374 Y-34.484
G0 X30.782 Y-34.484
G0 X30.782 Y-34.631
G1 F3600 X31.261 Y-34.152 E4801.12743
G0 F7200 X31.261 Y-34.304
G0 X38.208 Y-34.304
G0 X38.208 Y-34.152
G1 F3600 X38.688 Y-34.632 E4801.18174
G0 F7200 X38.688 Y-34.484
G0 X42.095 Y-34.484
G0 X42.095 Y-34.631
G1 F3600 X42.575 Y-34.152 E4801.23598
G0 F7200 X42.575 Y-34.304
G0 X49.522 Y-34.304
G0 X49.522 Y-34.152
G1 F3600 X50.002 Y-34.632 E4801.29029
G0 F7200 X50.002 Y-34.484
G0 X53.409 Y-34.484
G0 X53.409 Y-34.631
G1 F3600 X53.889 Y-34.152 E4801.34454
G0 F7200 X53.889 Y-34.304
G0 X60.835 Y-34.304
G0 X60.835 Y-34.152
G1 F3600 X61.315 Y-34.632 E4801.39885
G0 F7200 X61.315 Y-34.484
G0 X64.723 Y-34.484
G0 X64.723 Y-34.631
G1 F3600 X65.202 Y-34.152 E4801.45304
G0 F7200 X65.202 Y-34.304
G0 X71.925 Y-34.304
G0 X71.925 Y-33.928
G1 F3600 X72.629 Y-34.632 E4801.53269
G1 X72.699 Y-34.702
G0 F7200 X72.512 Y-34.514
G0 X72.302 Y-27.202
G0 X72.152 Y-27.202
G1 F3600 X72.632 Y-26.722 E4801.58699
G0 F7200 X72.482 Y-26.722
G0 X72.482 Y-23.321
G0 X72.632 Y-23.321
G1 F3600 X72.152 Y-22.841 E4801.6413
G0 F7200 X72.302 Y-22.841
G0 X72.302 Y-15.889
G0 X72.152 Y-15.889
G1 F3600 X72.632 Y-15.409 E4801.6956
G0 F7200 X72.482 Y-15.409
G0 X72.482 Y-12.007
G0 X72.632 Y-12.007
G1 F3600 X72.152 Y-11.527 E4801.74991
G0 F7200 X72.302 Y-11.527
G0 X72.302 Y-4.575
G0 X72.152 Y-4.575
G1 F3600 X72.632 Y-4.095 E4801.80422
G0 F7200 X72.482 Y-4.095
G0 X72.482 Y-.694
G0 X72.632 Y-.694
G1 F3600 X72.152 Y-.214 E4801.85852
G0 F7200 X72.302 Y-.214
G0 X72.302 Y6.739
G0 X72.152 Y6.739
G1 F3600 X72.632 Y7.219 E4801.91283
G0 F7200 X72.482 Y7.219
G0 X72.482 Y10.62
G0 X72.632 Y10.62
G1 F3600 X72.152 Y11.1 E4801.96713
G0 F7200 X72.302 Y11.1
G0 X72.302 Y18.052
G0 X72.152 Y18.052
G1 F3600 X72.632 Y18.533 E4802.0215
G0 F7200 X72.482 Y18.533
G0 X72.482 Y21.934
G0 X72.632 Y21.934
G1 F3600 X72.152 Y22.414 E4802.0758
G0 F7200 X72.302 Y22.414
G0 X72.302 Y29.141
G0 X71.927 Y29.141
G1 F3600 X72.628 Y29.843 E4802.15517
G1 X72.698 Y29.913
G0 F7200 X72.512 Y29.726
G0 X65.202 Y29.516
G0 X65.202 Y29.364
G1 F3600 X64.722 Y29.843 E4802.20942
G0 F7200 X64.722 Y29.696
G0 X61.315 Y29.696
G0 X61.315 Y29.843
G1 F3600 X60.836 Y29.364 E4802.26361
G0 F7200 X60.836 Y29.516
G0 X53.888 Y29.516
G0 X53.888 Y29.364
G1 F3600 X53.408 Y29.843 E4802.31786
G0 F7200 X53.408 Y29.696
G0 X50.001 Y29.696
G0 X50.001 Y29.843
G1 F3600 X49.522 Y29.364 E4802.37205
G0 F7200 X49.522 Y29.516
G0 X42.574 Y29.516
G0 X42.574 Y29.364
G1 F3600 X42.095 Y29.843 E4802.42624
G0 F7200 X42.095 Y29.696
G0 X38.687 Y29.696
G0 X38.687 Y29.843
G1 F3600 X38.209 Y29.364 E4802.48038
G0 F7200 X38.209 Y29.516
G0 X31.26 Y29.516
G0 X31.26 Y29.364
G1 F3600 X30.781 Y29.843 E4802.53457
G0 F7200 X30.781 Y29.696
G0 X27.374 Y29.696
G0 X27.374 Y29.843
G1 F3600 X26.895 Y29.364 E4802.58877
G0 F7200 X26.895 Y29.516
G0 X19.947 Y29.516
G0 X19.947 Y29.364
G1 F3600 X19.467 Y29.843 E4802.64301
G0 F7200 X19.467 Y29.696
G0 X16.06 Y29.696
G0 X16.06 Y29.843
G1 F3600 X15.581 Y29.364 E4802.69721
G0 F7200 X15.581 Y29.516
G0 X8.554 Y29.444
G0 X8.857 Y29.14
G1 F3600 X8.154 Y29.843 E4802.77674
G1 X8.084 Y29.913
G0 F7200 X8.272 Y29.726
G0 X8.482 Y22.415
G0 X8.632 Y22.415
G1 F3600 X8.153 Y21.936 E4802.83093
G0 F7200 X8.302 Y21.936
G0 X8.302 Y18.53
G0 X8.153 Y18.53
G1 F3600 X8.632 Y18.051 E4802.88513
G0 F7200 X8.482 Y18.051
G0 X8.482 Y11.102
G0 X8.632 Y11.102
G1 F3600 X8.153 Y10.622 E4802.93938
G0 F7200 X8.302 Y10.622
G0 X8.302 Y7.217
G0 X8.153 Y7.217
G1 F3600 X8.632 Y6.737 E4802.99363
G0 F7200 X8.482 Y6.737
G0 X8.482 Y-.212
G0 X8.632 Y-.212
G1 F3600 X8.153 Y-.692 E4803.04788
G0 F7200 X8.302 Y-.692
G0 X8.302 Y-4.097
G0 X8.153 Y-4.097
G1 F3600 X8.632 Y-4.576 E4803.10207
G0 F7200 X8.482 Y-4.576
G0 X8.482 Y-11.526
G0 X8.632 Y-11.526
G1 F3600 X8.153 Y-12.005 E4803.15626
G0 F7200 X8.302 Y-12.005
G0 X8.302 Y-15.411
G0 X8.153 Y-15.411
G1 F3600 X8.632 Y-15.89 E4803.21045
G0 F7200 X8.482 Y-15.89
G0 X8.482 Y-22.84
G0 X8.632 Y-22.84
G1 F3600 X8.153 Y-23.319 E4803.26465
G0 F7200 X8.302 Y-23.319
G0 X8.302 Y-26.724
G0 X8.153 Y-26.724
G1 F3600 X8.632 Y-27.204 E4803.3189
G0 F7200 X8.482 Y-27.204
G0 X8.554 Y29.444
G0 X72.23 Y29.444
G0 X71.816 Y29.028
;TYPE:WALL-INNER
G1 F3600 X71.481 Y29.204 E4803.34917
G1 X9.392 Y29.204 E4808.31629
G1 X8.967 Y29.029 E4808.35306
G1 X8.792 Y28.693 E4808.38337
G1 X8.792 Y-33.392 E4813.35017
G1 X8.967 Y-33.817 E4813.38694
G1 X9.303 Y-33.992 E4813.41724
G1 X71.392 Y-33.992 E4818.38436
G1 X71.816 Y-33.816 E4818.42109
G1 X71.992 Y-33.392 E4818.45781
G1 X71.992 Y28.693 E4823.42461
G1 X71.816 Y29.028 E4823.45489
G0 F7200 X72.302 Y29.028
G0 X72.792 Y30.004
G1 F3600 X72.792 Y-34.792 E4828.63857
G1 X7.993 Y-34.791 E4833.82249
G1 X7.993 Y30.003 E4839.00601
G1 X72.792 Y30.004 E4844.18993
G0 F7200 X73.192 Y30.404
;TYPE:WALL-OUTER
G1 F1800 X73.192 Y-35.192 E4849.43761
G1 X7.593 Y-35.191 E4854.68553
G1 X7.593 Y30.403 E4859.93305
G1 X73.192 Y30.404 E4865.18097
G0 F7200 X73.192 Y30.204
G0 X72.512 Y29.726
G0 X72.302 Y28.639
G0 X71.59 Y28.639
G1 F1800 X71.534 Y28.746 E4865.19063
G1 X71.427 Y28.802 E4865.20029
G1 X9.392 Y28.804 E4870.16309
G1 X9.25 Y28.746 E4870.17536
G1 X9.194 Y28.639 E4870.18502
G1 X9.192 Y-33.392 E4875.1475
G1 X9.25 Y-33.534 E4875.15978
G1 X9.357 Y-33.59 E4875.16944
G1 X71.392 Y-33.592 E4880.13224
G1 X71.534 Y-33.534 E4880.14451
G1 X71.592 Y-33.392 E4880.15678
G1 X71.59 Y28.639 E4885.11926
G0 F7200 X71.534 Y28.746
G0 X71.465 Y28.782
G10
;MESH:NONMESH
G0 F600 Z3.1
G0 F7200 X72.302 Y28.782
G0 X8.954 Y29.044
G0 X7.822 Y2.993
G0 X6.727 Y2.993
G0 X-3.942 Y2.993
G0 X-5.037 Y2.993
G0 X-7.567 Y2.993
;TIME_ELAPSED:5692.480379
;LAYER:14
;TYPE:FILL
;MESH:tapacarcvincha prueba 1.stl
G11
G1 F3600 X-33.703 Y29.129 E4888.07621
G1 X-33.773 Y29.199
G0 F7200 X-33.773 Y28.981
G0 X-30.198 Y28.981
G0 X-30.198 Y29.129
G1 F3600 X-67.644 Y-8.318 E4892.3128
G1 X-67.714 Y-8.388
G0 F7200 X-67.497 Y-8.388
G0 X-67.497 Y-4.812
G0 X-67.644 Y-4.812
G1 F3600 X-41.511 Y-30.945 E4895.26941
G1 X-41.441 Y-31.015
G0 F7200 X-41.441 Y-30.797
G0 X-45.016 Y-30.797
G0 X-45.016 Y-30.944
G1 F3600 X-7.566 Y6.505 E4899.50634
G1 X-7.496 Y6.575
G0 F7200 X-7.718 Y6.575
G0 X-7.718 Y14.306
G0 X-7.566 Y14.306
G1 F3600 X-22.388 Y29.129 E4901.18331
G1 X-22.458 Y29.199
G0 F7200 X-22.458 Y28.981
G0 X-18.885 Y28.981
G0 X-18.885 Y29.128
G1 F3600 X-67.644 Y-19.631 E4906.69976
G1 X-67.714 Y-19.701
G0 F7200 X-67.497 Y-19.701
G0 X-67.497 Y-16.126
G0 X-67.644 Y-16.126
G1 F3600 X-52.825 Y-30.944 E4908.37628
G1 X-52.755 Y-31.014
G0 F7200 X-52.755 Y-30.797
G0 X-56.329 Y-30.797
G0 X-56.329 Y-30.944
G1 F3600 X-7.565 Y17.82 E4913.8933
G1 X-7.495 Y17.89
G0 F7200 X-7.718 Y17.89
G0 X-7.718 Y25.62
G0 X-7.566 Y25.62
G1 F3600 X-11.075 Y29.129 E4914.2903
G1 X-11.145 Y29.199
G0 F7200 X-11.145 Y28.981
G0 X-7.687 Y29.011
G0 X-7.571 Y29.128
G1 F3600 X-67.643 Y-30.944 E4921.08667
G1 X-67.713 Y-31.014
G0 F7200 X-67.527 Y-30.827
G0 X-64.139 Y-30.797
G0 X-64.139 Y-30.944
G1 F3600 X-67.644 Y-27.439 E4921.48321
G1 X-67.714 Y-27.369
G0 F7200 X-67.497 Y-27.369
G0 X-67.497 Y2.996
G0 X-67.644 Y2.996
G1 F3600 X-41.511 Y29.129 E4924.43983
G1 X-41.441 Y29.199
G0 F7200 X-41.441 Y28.981
G0 X-45.017 Y28.981
G0 X-45.017 Y29.13
G1 F3600 X-7.567 Y-8.32 E4928.67681
G1 X-7.497 Y-8.39
G0 F7200 X-7.718 Y-8.39
G0 X-7.718 Y-4.809
G0 X-7.567 Y-4.809
G1 F3600 X-33.703 Y-30.945 E4931.63376
G1 X-33.773 Y-31.015
G0 F7200 X-33.773 Y-30.797
G0 X-30.196 Y-30.797
G0 X-30.196 Y-30.946
G1 F3600 X-67.644 Y6.502 E4935.87052
G1 X-67.714 Y6.572
G0 F7200 X-67.497 Y6.572
G0 X-67.497 Y14.31
G0 X-67.644 Y14.31
G1 F3600 X-52.824 Y29.13 E4937.54721
G1 X-52.754 Y29.2
G0 F7200 X-52.754 Y28.981
G0 X-56.332 Y28.981
G0 X-56.332 Y29.131
G1 F3600 X-7.568 Y-19.633 E4943.06423
G1 X-7.498 Y-19.703
G0 F7200 X-7.718 Y-19.703
G0 X-7.718 Y-16.123
G0 X-7.567 Y-16.123
G1 F3600 X-22.39 Y-30.946 E4944.74126
G1 X-22.46 Y-31.016
G0 F7200 X-22.46 Y-30.797
G0 X-18.882 Y-30.797
G0 X-18.882 Y-30.947
G1 F3600 X-67.644 Y17.816 E4950.25811
G1 X-67.714 Y17.886
G0 F7200 X-67.497 Y17.886
G0 X-67.497 Y25.623
G0 X-67.644 Y25.623
G1 F3600 X-64.137 Y29.13 E4950.65488
G1 X-64.067 Y29.2
G0 F7200 X-64.067 Y28.981
G0 X-67.527 Y29.012
G0 X-67.644 Y29.129
G1 F3600 X-7.568 Y-30.947 E4957.4517
G1 X-7.498 Y-31.017
G0 F7200 X-7.688 Y-30.828
G0 X-11.076 Y-30.797
G0 X-11.076 Y-30.946
G1 F3600 X-7.567 Y-27.437 E4957.8487
G1 X-7.497 Y-27.367
G0 F7200 X-7.718 Y-27.367
G0 X-7.687 Y29.011
G0 X-7.405 Y29.288
;TYPE:WALL-INNER
G1 F3600 X-7.408 Y-31.107 E4962.6803
G1 X-67.804 Y-31.104 E4967.51198
G1 X-67.804 Y29.291 E4972.34358
G1 X-7.405 Y29.288 E4977.1755
G0 F7200 X-7.005 Y29.688
;TYPE:WALL-OUTER
G1 F1800 X-7.008 Y-31.507 E4982.0711
G1 X-68.204 Y-31.504 E4986.96678
G1 X-68.204 Y29.691 E4991.86238
G1 X-7.005 Y29.688 E4996.7583
G0 F7200 X-7.005 Y29.488
G0 X-8.018 Y28.798
G10
;MESH:base carc vincha prueba 1.stl
G0 X-7.231 Y29.467
G0 X-6.143 Y29.466
G0 X6.727 Y29.467
G0 X7.822 Y29.467
G0 X8.154 Y29.843
;TYPE:FILL
G11
G1 F3600 X8.857 Y29.14 E4996.83783
G1 X8.927 Y29.07
G0 F7200 X8.482 Y29.07
G0 X15.581 Y29.516
G0 X15.581 Y29.364
G1 F3600 X16.06 Y29.843 E4996.89203
G0 F7200 X16.06 Y29.696
G0 X19.467 Y29.696
G0 X19.467 Y29.843
G1 F3600 X19.947 Y29.364 E4996.94628
G0 F7200 X19.947 Y29.516
G0 X26.895 Y29.516
G0 X26.895 Y29.364
G1 F3600 X27.374 Y29.843 E4997.00047
G0 F7200 X27.374 Y29.696
G0 X30.781 Y29.696
G0 X30.781 Y29.843
G1 F3600 X31.26 Y29.364 E4997.05466
G0 F7200 X31.26 Y29.516
G0 X38.209 Y29.516
G0 X38.209 Y29.364
G1 F3600 X38.687 Y29.843 E4997.1088
G0 F7200 X38.687 Y29.696
G0 X42.095 Y29.696
G0 X42.095 Y29.843
G1 F3600 X42.574 Y29.364 E4997.16299
G0 F7200 X42.574 Y29.516
G0 X49.522 Y29.516
G0 X49.522 Y29.364
G1 F3600 X50.001 Y29.843 E4997.21718
G0 F7200 X50.001 Y29.696
G0 X53.408 Y29.696
G0 X53.408 Y29.843
G1 F3600 X53.888 Y29.364 E4997.27143
G0 F7200 X53.888 Y29.516
G0 X60.836 Y29.516
G0 X60.836 Y29.364
G1 F3600 X61.315 Y29.843 E4997.32562
G0 F7200 X61.315 Y29.696
G0 X64.722 Y29.696
G0 X64.722 Y29.843
G1 F3600 X65.202 Y29.364 E4997.37987
G0 F7200 X65.202 Y29.516
G0 X72.23 Y29.444
G0 X71.927 Y29.141
G1 F3600 X72.628 Y29.843 E4997.45924
G1 X72.698 Y29.913
G0 F7200 X72.512 Y29.726
G0 X72.302 Y22.414
G0 X72.152 Y22.414
G1 F3600 X72.632 Y21.934 E4997.51355
G0 F7200 X72.482 Y21.934
G0 X72.482 Y18.533
G0 X72.632 Y18.533
G1 F3600 X72.152 Y18.052 E4997.56791
G0 F7200 X72.302 Y18.052
G0 X72.302 Y11.1
G0 X72.152 Y11.1
G1 F3600 X72.632 Y10.62 E4997.62221
G0 F7200 X72.482 Y10.62
G0 X72.482 Y7.219
G0 X72.632 Y7.219
G1 F3600 X72.152 Y6.739 E4997.67652
G0 F7200 X72.302 Y6.739
G0 X72.302 Y-.214
G0 X72.152 Y-.214
G1 F3600 X72.632 Y-.694 E4997.73082
G0 F7200 X72.482 Y-.694
G0 X72.482 Y-4.095
G0 X72.632 Y-4.095
G1 F3600 X72.152 Y-4.575 E4997.78513
G0 F7200 X72.302 Y-4.575
G0 X72.302 Y-11.527
G0 X72.152 Y-11.527
G1 F3600 X72.632 Y-12.007 E4997.83944
G0 F7200 X72.482 Y-12.007
G0 X72.482 Y-15.409
G0 X72.632 Y-15.409
G1 F3600 X72.152 Y-15.889 E4997.89374
G0 F7200 X72.302 Y-15.889
G0 X72.302 Y-22.841
G0 X72.152 Y-22.841
G1 F3600 X72.632 Y-23.321 E4997.94805
G0 F7200 X72.482 Y-23.321
G0 X72.482 Y-26.722
G0 X72.632 Y-26.722
G1 F3600 X72.152 Y-27.202 E4998.00235
G0 F7200 X72.302 Y-27.202
G0 X72.23 Y-34.232
G0 X71.925 Y-33.928
G1 F3600 X72.629 Y-34.632 E4998.082
G1 X72.699 Y-34.702
G0 F7200 X72.512 Y-34.514
G0 X65.202 Y-34.304
G0 X65.202 Y-34.152
G1 F3600 X64.723 Y-34.631 E4998.1362
G0 F7200 X64.723 Y-34.484
G0 X61.315 Y-34.484
G0 X61.315 Y-34.632
G1 F3600 X60.835 Y-34.152 E4998.1905
G0 F7200 X60.835 Y-34.304
G0 X53.889 Y-34.304
G0 X53.889 Y-34.152
G1 F3600 X53.409 Y-34.631 E4998.24475
G0 F7200 X53.409 Y-34.484
G0 X50.002 Y-34.484
G0 X50.002 Y-34.632
G1 F3600 X49.522 Y-34.152 E4998.29906
G0 F7200 X49.522 Y-34.304
G0 X42.575 Y-34.304
G0 X42.575 Y-34.152
G1 F3600 X42.095 Y-34.631 E4998.35331
G0 F7200 X42.095 Y-34.484
G0 X38.688 Y-34.484
G0 X38.688 Y-34.632
G1 F3600 X38.208 Y-34.152 E4998.40761
G0 F7200 X38.208 Y-34.304
G0 X31.261 Y-34.304
G0 X31.261 Y-34.152
G1 F3600 X30.782 Y-34.631 E4998.4618
G0 F7200 X30.782 Y-34.484
G0 X27.374 Y-34.484
G0 X27.374 Y-34.632
G1 F3600 X26.894 Y-34.152 E4998.51611
G0 F7200 X26.894 Y-34.304
G0 X19.947 Y-34.304
G0 X19.947 Y-34.152
G1 F3600 X19.468 Y-34.631 E4998.5703
G0 F7200 X19.468 Y-34.484
G0 X16.061 Y-34.484
G0 X16.061 Y-34.632
G1 F3600 X15.58 Y-34.152 E4998.62466
G0 F7200 X15.58 Y-34.304
G0 X8.554 Y-34.232
G0 X8.857 Y-33.929
G1 F3600 X8.154 Y-34.631 E4998.70414
G1 X8.084 Y-34.701
G0 F7200 X8.272 Y-34.514
G0 X8.482 Y-27.204
G0 X8.632 Y-27.204
G1 F3600 X8.153 Y-26.724 E4998.75839
G0 F7200 X8.302 Y-26.724
G0 X8.302 Y-23.319
G0 X8.153 Y-23.319
G1 F3600 X8.632 Y-22.84 E4998.81259
G0 F7200 X8.482 Y-22.84
G0 X8.482 Y-15.89
G0 X8.632 Y-15.89
G1 F3600 X8.153 Y-15.411 E4998.86678
G0 F7200 X8.302 Y-15.411
G0 X8.302 Y-12.005
G0 X8.153 Y-12.005
G1 F3600 X8.632 Y-11.526 E4998.92097
G0 F7200 X8.482 Y-11.526
G0 X8.482 Y-4.576
G0 X8.632 Y-4.576
G1 F3600 X8.153 Y-4.097 E4998.97516
G0 F7200 X8.302 Y-4.097
G0 X8.302 Y-.692
G0 X8.153 Y-.692
G1 F3600 X8.632 Y-.212 E4999.02941
G0 F7200 X8.482 Y-.212
G0 X8.482 Y6.737
G0 X8.632 Y6.737
G1 F3600 X8.153 Y7.217 E4999.08366
G0 F7200 X8.302 Y7.217
G0 X8.302 Y10.622
G0 X8.153 Y10.622
G1 F3600 X8.632 Y11.102 E4999.13791
G0 F7200 X8.482 Y11.102
G0 X8.482 Y18.051
G0 X8.632 Y18.051
G1 F3600 X8.153 Y18.53 E4999.1921
G0 F7200 X8.302 Y18.53
G0 X8.302 Y21.936
G0 X8.153 Y21.936
G1 F3600 X8.632 Y22.415 E4999.2463
G0 F7200 X8.482 Y22.415
G0 X8.554 Y29.444
G0 X72.23 Y29.444
G0 X71.816 Y29.028
;TYPE:WALL-INNER
G1 F3600 X71.481 Y29.204 E4999.27657
G1 X9.392 Y29.204 E5004.24369
G1 X8.967 Y29.029 E5004.28046
G1 X8.792 Y28.693 E5004.31077
G1 X8.792 Y-33.392 E5009.27757
G1 X8.967 Y-33.817 E5009.31434
G1 X9.303 Y-33.992 E5009.34464
G1 X71.392 Y-33.992 E5014.31176
G1 X71.816 Y-33.816 E5014.34849
G1 X71.992 Y-33.392 E5014.38522
G1 X71.992 Y28.693 E5019.35202
G1 X71.816 Y29.028 E5019.38229
G0 F7200 X72.302 Y29.028
G0 X72.792 Y30.004
G1 F3600 X72.792 Y-34.792 E5024.56597
G1 X7.993 Y-34.791 E5029.74989
G1 X7.993 Y30.003 E5034.93341
G1 X72.792 Y30.004 E5040.11733
G0 F7200 X73.192 Y30.404
;TYPE:WALL-OUTER
G1 F1800 X73.192 Y-35.192 E5045.36501
G1 X7.593 Y-35.191 E5050.61293
G1 X7.593 Y30.403 E5055.86045
G1 X73.192 Y30.404 E5061.10837
G0 F7200 X73.192 Y30.204
G0 X72.512 Y29.726
G0 X72.302 Y28.639
G0 X71.59 Y28.639
G1 F1800 X71.534 Y28.746 E5061.11803
G1 X71.427 Y28.802 E5061.12769
G1 X9.392 Y28.804 E5066.09049
G1 X9.25 Y28.746 E5066.10276
G1 X9.194 Y28.639 E5066.11243
G1 X9.192 Y-33.392 E5071.07491
G1 X9.25 Y-33.534 E5071.08718
G1 X9.357 Y-33.59 E5071.09684
G1 X71.392 Y-33.592 E5076.05964
G1 X71.534 Y-33.534 E5076.07191
G1 X71.592 Y-33.392 E5076.08418
G1 X71.59 Y28.639 E5081.04666
G0 F7200 X71.534 Y28.746
G0 X71.465 Y28.782
G10
;MESH:NONMESH
G0 F600 Z3.3
G0 F7200 X72.302 Y28.782
G0 X8.954 Y29.044
G0 X7.822 Y2.99
G0 X6.727 Y2.99
G0 X-6.143 Y2.989
G0 X-7.218 Y2.99
G0 X-7.564 Y2.99
;TIME_ELAPSED:5755.300547
;LAYER:15
;TYPE:FILL
;MESH:tapacarcvincha prueba 1.stl
G11
G1 F3600 X-33.706 Y29.132 E5084.00429
G1 X-33.776 Y29.202
G0 F7200 X-33.776 Y28.982
G0 X-30.194 Y28.982
G0 X-30.194 Y29.132
G1 F3600 X-67.644 Y-8.318 E5088.24127
G1 X-67.714 Y-8.388
G0 F7200 X-67.497 Y-8.388
G0 X-67.497 Y-4.812
G0 X-67.644 Y-4.812
G1 F3600 X-41.508 Y-30.948 E5091.19822
G1 X-41.438 Y-31.018
G0 F7200 X-41.438 Y-30.798
G0 X-45.019 Y-30.798
G0 X-45.019 Y-30.948
G1 F3600 X-7.564 Y6.508 E5095.43583
G1 X-7.494 Y6.578
G0 F7200 X-7.717 Y6.578
G0 X-7.717 Y14.304
G0 X-7.564 Y14.304
G1 F3600 X-22.392 Y29.132 E5097.11343
G1 X-22.462 Y29.202
G0 F7200 X-22.462 Y28.982
G0 X-18.88 Y28.982
G0 X-18.88 Y29.132
G1 F3600 X-67.644 Y-19.631 E5102.63039
G1 X-67.714 Y-19.701
G0 F7200 X-67.497 Y-19.701
G0 X-67.497 Y-16.126
G0 X-67.644 Y-16.126
G1 F3600 X-52.822 Y-30.948 E5104.30731
G1 X-52.752 Y-31.018
G0 F7200 X-52.752 Y-30.798
G0 X-56.333 Y-30.798
G0 X-56.333 Y-30.948
G1 F3600 X-7.564 Y17.821 E5109.82489
G1 X-7.494 Y17.891
G0 F7200 X-7.717 Y17.891
G0 X-7.717 Y25.618
G0 X-7.564 Y25.618
G1 F3600 X-11.078 Y29.132 E5110.22245
G1 X-11.148 Y29.202
G0 F7200 X-11.148 Y28.982
G0 X-7.687 Y29.012
G0 X-7.567 Y29.132
G1 F3600 X-67.644 Y-30.945 E5117.01939
G1 X-67.714 Y-31.015
G0 F7200 X-67.527 Y-30.828
G0 X-67.497 Y-27.439
G0 X-67.644 Y-27.439
G1 F3600 X-64.135 Y-30.948 E5117.41639
G1 X-64.065 Y-31.018
G0 F7200 X-64.065 Y-30.798
G0 X-33.706 Y-30.798
G0 X-33.706 Y-30.948
G1 F3600 X-7.564 Y-4.806 E5120.37402
G1 X-7.494 Y-4.736
G0 F7200 X-7.717 Y-4.736
G0 X-7.717 Y-8.323
G0 X-7.564 Y-8.323
G1 F3600 X-45.019 Y29.132 E5124.61157
G1 X-45.089 Y29.202
G0 F7200 X-45.089 Y28.982
G0 X-41.508 Y28.982
G0 X-41.508 Y29.132
G1 F3600 X-67.644 Y2.996 E5127.56852
G1 X-67.714 Y2.926
G0 F7200 X-67.497 Y2.926
G0 X-67.497 Y6.502
G0 X-67.644 Y6.502
G1 F3600 X-30.194 Y-30.948 E5131.8055
G1 X-30.124 Y-31.018
G0 F7200 X-30.124 Y-30.798
G0 X-22.392 Y-30.798
G0 X-22.392 Y-30.948
G1 F3600 X-7.564 Y-16.12 E5133.4831
G1 X-7.494 Y-16.05
G0 F7200 X-7.717 Y-16.05
G0 X-7.717 Y-19.637
G0 X-7.564 Y-19.637
G1 F3600 X-56.333 Y29.132 E5139.00068
G1 X-56.403 Y29.202
G0 F7200 X-56.403 Y28.982
G0 X-52.822 Y28.982
G0 X-52.822 Y29.132
G1 F3600 X-67.644 Y14.31 E5140.6776
G1 X-67.714 Y14.24
G0 F7200 X-67.497 Y14.24
G0 X-67.497 Y17.816
G0 X-67.644 Y17.816
G1 F3600 X-18.88 Y-30.948 E5146.19461
G1 X-18.81 Y-31.018
G0 F7200 X-18.81 Y-30.798
G0 X-11.078 Y-30.798
G0 X-11.078 Y-30.948
G1 F3600 X-7.564 Y-27.434 E5146.59218
G1 X-7.494 Y-27.364
G0 F7200 X-7.717 Y-27.364
G0 X-7.687 Y-30.828
G0 X-7.567 Y-30.948
G1 F3600 X-67.644 Y29.129 E5153.38911
G1 X-67.714 Y29.199
G0 F7200 X-67.527 Y29.012
G0 X-67.497 Y25.623
G0 X-67.644 Y25.623
G1 F3600 X-64.135 Y29.132 E5153.78611
G1 X-64.065 Y29.202
G0 F7200 X-64.065 Y28.982
G0 X-7.687 Y29.012
G0 X-7.404 Y29.292
;TYPE:WALL-INNER
G1 F3600 X-7.404 Y-31.108 E5158.61811
G1 X-67.804 Y-31.108 E5163.45011
G1 X-67.804 Y29.292 E5168.28211
G1 X-7.404 Y29.292 E5173.11411
G0 F7200 X-7.004 Y29.692
;TYPE:WALL-OUTER
G1 F1800 X-7.004 Y-31.508 E5178.01011
G1 X-68.204 Y-31.508 E5182.90611
G1 X-68.204 Y29.692 E5187.80211
G1 X-7.004 Y29.692 E5192.69811
G0 F7200 X-7.004 Y29.492
G0 X-8.017 Y28.8
G10
;MESH:base carc vincha prueba 1.stl
G0 X-7.231 Y29.468
G0 X-6.142 Y29.468
G0 X6.727 Y29.468
G0 X7.822 Y29.468
G0 X8.154 Y29.843
;TYPE:FILL
G11
G1 F3600 X8.857 Y29.14 E5192.77765
G1 X8.927 Y29.07
G0 F7200 X8.482 Y29.07
G0 X15.581 Y29.516
G0 X15.581 Y29.364
G1 F3600 X16.06 Y29.843 E5192.83184
G0 F7200 X16.06 Y29.696
G0 X19.467 Y29.696
G0 X19.467 Y29.843
G1 F3600 X19.947 Y29.364 E5192.88609
G0 F7200 X19.947 Y29.516
G0 X26.895 Y29.516
G0 X26.895 Y29.364
G1 F3600 X27.374 Y29.843 E5192.94028
G0 F7200 X27.374 Y29.696
G0 X30.781 Y29.696
G0 X30.781 Y29.843
G1 F3600 X31.26 Y29.364 E5192.99447
G0 F7200 X31.26 Y29.516
G0 X38.209 Y29.516
G0 X38.209 Y29.364
G1 F3600 X38.687 Y29.843 E5193.04861
G0 F7200 X38.687 Y29.696
G0 X42.095 Y29.696
G0 X42.095 Y29.843
G1 F3600 X42.574 Y29.364 E5193.1028
G0 F7200 X42.574 Y29.516
G0 X49.522 Y29.516
G0 X49.522 Y29.364
G1 F3600 X50.001 Y29.843 E5193.157
G0 F7200 X50.001 Y29.696
G0 X53.408 Y29.696
G0 X53.408 Y29.843
G1 F3600 X53.888 Y29.364 E5193.21125
G0 F7200 X53.888 Y29.516
G0 X60.836 Y29.516
G0 X60.836 Y29.364
G1 F3600 X61.315 Y29.843 E5193.26544
G0 F7200 X61.315 Y29.696
G0 X64.722 Y29.696
G0 X64.722 Y29.843
G1 F3600 X65.202 Y29.364 E5193.31969
G0 F7200 X65.202 Y29.516
G0 X72.23 Y29.444
G0 X71.927 Y29.141
G1 F3600 X72.628 Y29.843 E5193.39905
G1 X72.698 Y29.913
G0 F7200 X72.512 Y29.726
G0 X72.302 Y22.414
G0 X72.152 Y22.414
G1 F3600 X72.632 Y21.934 E5193.45336
G0 F7200 X72.482 Y21.934
G0 X72.482 Y18.533
G0 X72.632 Y18.533
G1 F3600 X72.152 Y18.052 E5193.50772
G0 F7200 X72.302 Y18.052
G0 X72.302 Y11.1
G0 X72.152 Y11.1
G1 F3600 X72.632 Y10.62 E5193.56203
G0 F7200 X72.482 Y10.62
G0 X72.482 Y7.219
G0 X72.632 Y7.219
G1 F3600 X72.152 Y6.739 E5193.61633
G0 F7200 X72.302 Y6.739
G0 X72.302 Y-.214
G0 X72.152 Y-.214
G1 F3600 X72.632 Y-.694 E5193.67064
G0 F7200 X72.482 Y-.694
G0 X72.482 Y-4.095
G0 X72.632 Y-4.095
G1 F3600 X72.152 Y-4.575 E5193.72494
G0 F7200 X72.302 Y-4.575
G0 X72.302 Y-11.527
G0 X72.152 Y-11.527
G1 F3600 X72.632 Y-12.007 E5193.77925
G0 F7200 X72.482 Y-12.007
G0 X72.482 Y-15.409
G0 X72.632 Y-15.409
G1 F3600 X72.152 Y-15.889 E5193.83356
G0 F7200 X72.302 Y-15.889
G0 X72.302 Y-22.841
G0 X72.152 Y-22.841
G1 F3600 X72.632 Y-23.321 E5193.88786
G0 F7200 X72.482 Y-23.321
G0 X72.482 Y-26.722
G0 X72.632 Y-26.722
G1 F3600 X72.152 Y-27.202 E5193.94217
G0 F7200 X72.302 Y-27.202
G0 X72.23 Y-34.232
G0 X71.925 Y-33.928
G1 F3600 X72.629 Y-34.632 E5194.02182
G1 X72.699 Y-34.702
G0 F7200 X72.512 Y-34.514
G0 X65.202 Y-34.304
G0 X65.202 Y-34.152
G1 F3600 X64.723 Y-34.631 E5194.07601
G0 F7200 X64.723 Y-34.484
G0 X61.315 Y-34.484
G0 X61.315 Y-34.632
G1 F3600 X60.835 Y-34.152 E5194.13031
G0 F7200 X60.835 Y-34.304
G0 X53.889 Y-34.304
G0 X53.889 Y-34.152
G1 F3600 X53.409 Y-34.631 E5194.18456
G0 F7200 X53.409 Y-34.484
G0 X50.002 Y-34.484
G0 X50.002 Y-34.632
G1 F3600 X49.522 Y-34.152 E5194.23887
G0 F7200 X49.522 Y-34.304
G0 X42.575 Y-34.304
G0 X42.575 Y-34.152
G1 F3600 X42.095 Y-34.631 E5194.29312
G0 F7200 X42.095 Y-34.484
G0 X38.688 Y-34.484
G0 X38.688 Y-34.632
G1 F3600 X38.208 Y-34.152 E5194.34742
G0 F7200 X38.208 Y-34.304
G0 X31.261 Y-34.304
G0 X31.261 Y-34.152
G1 F3600 X30.782 Y-34.631 E5194.40162
G0 F7200 X30.782 Y-34.484
G0 X27.374 Y-34.484
G0 X27.374 Y-34.632
G1 F3600 X26.894 Y-34.152 E5194.45592
G0 F7200 X26.894 Y-34.304
G0 X19.947 Y-34.304
G0 X19.947 Y-34.152
G1 F3600 X19.468 Y-34.631 E5194.51012
G0 F7200 X19.468 Y-34.484
G0 X16.061 Y-34.484
G0 X16.061 Y-34.632
G1 F3600 X15.58 Y-34.152 E5194.56448
G0 F7200 X15.58 Y-34.304
G0 X8.554 Y-34.232
G0 X8.857 Y-33.929
G1 F3600 X8.154 Y-34.631 E5194.64396
G1 X8.084 Y-34.701
G0 F7200 X8.272 Y-34.514
G0 X8.482 Y-27.204
G0 X8.632 Y-27.204
G1 F3600 X8.153 Y-26.724 E5194.69821
G0 F7200 X8.302 Y-26.724
G0 X8.302 Y-23.319
G0 X8.153 Y-23.319
G1 F3600 X8.632 Y-22.84 E5194.7524
G0 F7200 X8.482 Y-22.84
G0 X8.482 Y-15.89
G0 X8.632 Y-15.89
G1 F3600 X8.153 Y-15.411 E5194.80659
G0 F7200 X8.302 Y-15.411
G0 X8.302 Y-12.005
G0 X8.153 Y-12.005
G1 F3600 X8.632 Y-11.526 E5194.86078
G0 F7200 X8.482 Y-11.526
G0 X8.482 Y-4.576
G0 X8.632 Y-4.576
G1 F3600 X8.153 Y-4.097 E5194.91498
G0 F7200 X8.302 Y-4.097
G0 X8.302 Y-.692
G0 X8.153 Y-.692
G1 F3600 X8.632 Y-.212 E5194.96923
G0 F7200 X8.482 Y-.212
G0 X8.482 Y6.737
G0 X8.632 Y6.737
G1 F3600 X8.153 Y7.217 E5195.02348
G0 F7200 X8.302 Y7.217
G0 X8.302 Y10.622
G0 X8.153 Y10.622
G1 F3600 X8.632 Y11.102 E5195.07772
G0 F7200 X8.482 Y11.102
G0 X8.482 Y18.051
G0 X8.632 Y18.051
G1 F3600 X8.153 Y18.53 E5195.13192
G0 F7200 X8.302 Y18.53
G0 X8.302 Y21.936
G0 X8.153 Y21.936
G1 F3600 X8.632 Y22.415 E5195.18611
G0 F7200 X8.482 Y22.415
G0 X8.554 Y29.444
G0 X72.23 Y29.444
G0 X71.816 Y29.028
;TYPE:WALL-INNER
G1 F3600 X71.481 Y29.204 E5195.21638
G1 X9.392 Y29.204 E5200.1835
G1 X8.967 Y29.029 E5200.22027
G1 X8.792 Y28.693 E5200.25058
G1 X8.792 Y-33.392 E5205.21738
G1 X8.967 Y-33.817 E5205.25415
G1 X9.303 Y-33.992 E5205.28446
G1 X71.392 Y-33.992 E5210.25158
G1 X71.816 Y-33.816 E5210.2883
G1 X71.992 Y-33.392 E5210.32503
G1 X71.992 Y28.693 E5215.29183
G1 X71.816 Y29.028 E5215.3221
G0 F7200 X72.302 Y29.028
G0 X72.792 Y30.004
G1 F3600 X72.792 Y-34.792 E5220.50578
G1 X7.993 Y-34.791 E5225.6897
G1 X7.993 Y30.003 E5230.87322
G1 X72.792 Y30.004 E5236.05714
G0 F7200 X73.192 Y30.404
;TYPE:WALL-OUTER
G1 F1800 X73.192 Y-35.192 E5241.30482
G1 X7.593 Y-35.191 E5246.55274
G1 X7.593 Y30.403 E5251.80026
G1 X73.192 Y30.404 E5257.04818
G0 F7200 X73.192 Y30.204
G0 X72.512 Y29.726
G0 X72.302 Y28.639
G0 X71.59 Y28.639
G1 F1800 X71.534 Y28.746 E5257.05784
G1 X71.427 Y28.802 E5257.06751
G1 X9.392 Y28.804 E5262.03031
G1 X9.25 Y28.746 E5262.04258
G1 X9.194 Y28.639 E5262.05224
G1 X9.192 Y-33.392 E5267.01472
G1 X9.25 Y-33.534 E5267.02699
G1 X9.357 Y-33.59 E5267.03665
G1 X71.392 Y-33.592 E5271.99945
G1 X71.534 Y-33.534 E5272.01172
G1 X71.592 Y-33.392 E5272.02399
G1 X71.59 Y28.639 E5276.98647
G0 F7200 X71.534 Y28.746
G0 X71.465 Y28.782
G10
;MESH:NONMESH
G0 F600 Z3.5
G0 F7200 X72.302 Y28.782
G0 X8.954 Y29.044
G0 X7.822 Y2.99
G0 X6.727 Y2.99
G0 X-6.142 Y2.99
G0 X-7.237 Y2.99
G0 X-7.564 Y2.99
;TIME_ELAPSED:5818.125516
;LAYER:16
;TYPE:FILL
;MESH:tapacarcvincha prueba 1.stl
G11
G1 F3600 X-33.706 Y29.132 E5279.9441
G1 X-33.776 Y29.202
G0 F7200 X-33.776 Y28.982
G0 X-30.194 Y28.982
G0 X-30.194 Y29.132
G1 F3600 X-67.644 Y-8.318 E5284.18109
G1 X-67.714 Y-8.388
G0 F7200 X-67.497 Y-8.388
G0 X-67.497 Y-4.812
G0 X-67.644 Y-4.812
G1 F3600 X-41.508 Y-30.948 E5287.13804
G1 X-41.438 Y-31.018
G0 F7200 X-41.438 Y-30.798
G0 X-45.019 Y-30.798
G0 X-45.019 Y-30.948
G1 F3600 X-7.564 Y6.508 E5291.37564
G1 X-7.494 Y6.578
G0 F7200 X-7.717 Y6.578
G0 X-7.717 Y14.304
G0 X-7.564 Y14.304
G1 F3600 X-22.392 Y29.132 E5293.05324
G1 X-22.462 Y29.202
G0 F7200 X-22.462 Y28.982
G0 X-18.88 Y28.982
G0 X-18.88 Y29.132
G1 F3600 X-67.644 Y-19.631 E5298.5702
G1 X-67.714 Y-19.701
G0 F7200 X-67.497 Y-19.701
G0 X-67.497 Y-16.126
G0 X-67.644 Y-16.126
G1 F3600 X-52.822 Y-30.948 E5300.24712
G1 X-52.752 Y-31.018
G0 F7200 X-52.752 Y-30.798
G0 X-56.333 Y-30.798
G0 X-56.333 Y-30.948
G1 F3600 X-7.564 Y17.821 E5305.7647
G1 X-7.494 Y17.891
G0 F7200 X-7.717 Y17.891
G0 X-7.717 Y25.618
G0 X-7.564 Y25.618
G1 F3600 X-11.078 Y29.132 E5306.16227
G1 X-11.148 Y29.202
G0 F7200 X-11.148 Y28.982
G0 X-7.687 Y29.012
G0 X-7.567 Y29.132
G1 F3600 X-67.644 Y-30.945 E5312.9592
G1 X-67.714 Y-31.015
G0 F7200 X-67.527 Y-30.828
G0 X-67.497 Y-27.439
G0 X-67.644 Y-27.439
G1 F3600 X-64.135 Y-30.948 E5313.3562
G1 X-64.065 Y-31.018
G0 F7200 X-64.065 Y-30.798
G0 X-33.706 Y-30.798
G0 X-33.706 Y-30.948
G1 F3600 X-7.564 Y-4.806 E5316.31383
G1 X-7.494 Y-4.736
G0 F7200 X-7.717 Y-4.736
G0 X-7.717 Y-8.323
G0 X-7.564 Y-8.323
G1 F3600 X-45.019 Y29.132 E5320.55138
G1 X-45.089 Y29.202
G0 F7200 X-45.089 Y28.982
G0 X-41.508 Y28.982
G0 X-41.508 Y29.132
G1 F3600 X-67.644 Y2.996 E5323.50833
G1 X-67.714 Y2.926
G0 F7200 X-67.497 Y2.926
G0 X-67.497 Y6.502
G0 X-67.644 Y6.502
G1 F3600 X-30.194 Y-30.948 E5327.74531
G1 X-30.124 Y-31.018
G0 F7200 X-30.124 Y-30.798
G0 X-22.392 Y-30.798
G0 X-22.392 Y-30.948
G1 F3600 X-7.564 Y-16.12 E5329.42291
G1 X-7.494 Y-16.05
G0 F7200 X-7.717 Y-16.05
G0 X-7.717 Y-19.637
G0 X-7.564 Y-19.637
G1 F3600 X-56.333 Y29.132 E5334.94049
G1 X-56.403 Y29.202
G0 F7200 X-56.403 Y28.982
G0 X-52.822 Y28.982
G0 X-52.822 Y29.132
G1 F3600 X-67.644 Y14.31 E5336.61741
G1 X-67.714 Y14.24
G0 F7200 X-67.497 Y14.24
G0 X-67.497 Y17.816
G0 X-67.644 Y17.816
G1 F3600 X-18.88 Y-30.948 E5342.13443
G1 X-18.81 Y-31.018
G0 F7200 X-18.81 Y-30.798
G0 X-11.078 Y-30.798
G0 X-11.078 Y-30.948
G1 F3600 X-7.564 Y-27.434 E5342.53199
G1 X-7.494 Y-27.364
G0 F7200 X-7.717 Y-27.364
G0 X-7.687 Y-30.828
G0 X-7.567 Y-30.948
G1 F3600 X-67.644 Y29.129 E5349.32893
G1 X-67.714 Y29.199
G0 F7200 X-67.527 Y29.012
G0 X-67.497 Y25.623
G0 X-67.644 Y25.623
G1 F3600 X-64.135 Y29.132 E5349.72593
G1 X-64.065 Y29.202
G0 F7200 X-64.065 Y28.982
G0 X-7.687 Y29.012
G0 X-7.404 Y29.292
;TYPE:WALL-INNER
G1 F3600 X-7.404 Y-31.108 E5354.55793
G1 X-67.804 Y-31.108 E5359.38993
G1 X-67.804 Y29.292 E5364.22193
G1 X-7.404 Y29.292 E5369.05393
G0 F7200 X-7.004 Y29.692
;TYPE:WALL-OUTER
G1 F1800 X-7.004 Y-31.508 E5373.94993
G1 X-68.204 Y-31.508 E5378.84593
G1 X-68.204 Y29.692 E5383.74193
G1 X-7.004 Y29.692 E5388.63793
G0 F7200 X-7.004 Y29.492
G0 X-8.017 Y28.8
G10
;MESH:base carc vincha prueba 1.stl
G0 X-7.231 Y29.468
G0 X-6.142 Y29.468
G0 X6.727 Y29.468
G0 X7.822 Y29.468
G0 X8.154 Y29.843
;TYPE:FILL
G11
G1 F3600 X8.857 Y29.14 E5388.71746
G1 X8.927 Y29.07
G0 F7200 X8.482 Y29.07
G0 X15.581 Y29.516
G0 X15.581 Y29.364
G1 F3600 X16.06 Y29.843 E5388.77165
G0 F7200 X16.06 Y29.696
G0 X19.467 Y29.696
G0 X19.467 Y29.843
G1 F3600 X19.947 Y29.364 E5388.8259
G0 F7200 X19.947 Y29.516
G0 X26.895 Y29.516
G0 X26.895 Y29.364
G1 F3600 X27.374 Y29.843 E5388.8801
G0 F7200 X27.374 Y29.696
G0 X30.781 Y29.696
G0 X30.781 Y29.843
G1 F3600 X31.26 Y29.364 E5388.93429
G0 F7200 X31.26 Y29.516
G0 X38.209 Y29.516
G0 X38.209 Y29.364
G1 F3600 X38.687 Y29.843 E5388.98842
G0 F7200 X38.687 Y29.696
G0 X42.095 Y29.696
G0 X42.095 Y29.843
G1 F3600 X42.574 Y29.364 E5389.04262
G0 F7200 X42.574 Y29.516
G0 X49.522 Y29.516
G0 X49.522 Y29.364
G1 F3600 X50.001 Y29.843 E5389.09681
G0 F7200 X50.001 Y29.696
G0 X53.408 Y29.696
G0 X53.408 Y29.843
G1 F3600 X53.888 Y29.364 E5389.15106
G0 F7200 X53.888 Y29.516
G0 X60.836 Y29.516
G0 X60.836 Y29.364
G1 F3600 X61.315 Y29.843 E5389.20525
G0 F7200 X61.315 Y29.696
G0 X64.722 Y29.696
G0 X64.722 Y29.843
G1 F3600 X65.202 Y29.364 E5389.2595
G0 F7200 X65.202 Y29.516
G0 X72.23 Y29.444
G0 X71.927 Y29.141
G1 F3600 X72.628 Y29.843 E5389.33887
G1 X72.698 Y29.913
G0 F7200 X72.512 Y29.726
G0 X72.302 Y22.414
G0 X72.152 Y22.414
G1 F3600 X72.632 Y21.934 E5389.39317
G0 F7200 X72.482 Y21.934
G0 X72.482 Y18.533
G0 X72.632 Y18.533
G1 F3600 X72.152 Y18.052 E5389.44754
G0 F7200 X72.302 Y18.052
G0 X72.302 Y11.1
G0 X72.152 Y11.1
G1 F3600 X72.632 Y10.62 E5389.50184
G0 F7200 X72.482 Y10.62
G0 X72.482 Y7.219
G0 X72.632 Y7.219
G1 F3600 X72.152 Y6.739 E5389.55615
G0 F7200 X72.302 Y6.739
G0 X72.302 Y-.214
G0 X72.152 Y-.214
G1 F3600 X72.632 Y-.694 E5389.61045
G0 F7200 X72.482 Y-.694
G0 X72.482 Y-4.095
G0 X72.632 Y-4.095
G1 F3600 X72.152 Y-4.575 E5389.66476
G0 F7200 X72.302 Y-4.575
G0 X72.302 Y-11.527
G0 X72.152 Y-11.527
G1 F3600 X72.632 Y-12.007 E5389.71906
G0 F7200 X72.482 Y-12.007
G0 X72.482 Y-15.409
G0 X72.632 Y-15.409
G1 F3600 X72.152 Y-15.889 E5389.77337
G0 F7200 X72.302 Y-15.889
G0 X72.302 Y-22.841
G0 X72.152 Y-22.841
G1 F3600 X72.632 Y-23.321 E5389.82768
G0 F7200 X72.482 Y-23.321
G0 X72.482 Y-26.722
G0 X72.632 Y-26.722
G1 F3600 X72.152 Y-27.202 E5389.88198
G0 F7200 X72.302 Y-27.202
G0 X72.23 Y-34.232
G0 X71.925 Y-33.928
G1 F3600 X72.629 Y-34.632 E5389.96163
G1 X72.699 Y-34.702
G0 F7200 X72.512 Y-34.514
G0 X65.202 Y-34.304
G0 X65.202 Y-34.152
G1 F3600 X64.723 Y-34.631 E5390.01582
G0 F7200 X64.723 Y-34.484
G0 X61.315 Y-34.484
G0 X61.315 Y-34.632
G1 F3600 X60.835 Y-34.152 E5390.07013
G0 F7200 X60.835 Y-34.304
G0 X53.889 Y-34.304
G0 X53.889 Y-34.152
G1 F3600 X53.409 Y-34.631 E5390.12438
G0 F7200 X53.409 Y-34.484
G0 X50.002 Y-34.484
G0 X50.002 Y-34.632
G1 F3600 X49.522 Y-34.152 E5390.17868
G0 F7200 X49.522 Y-34.304
G0 X42.575 Y-34.304
G0 X42.575 Y-34.152
G1 F3600 X42.095 Y-34.631 E5390.23293
G0 F7200 X42.095 Y-34.484
G0 X38.688 Y-34.484
G0 X38.688 Y-34.632
G1 F3600 X38.208 Y-34.152 E5390.28724
G0 F7200 X38.208 Y-34.304
G0 X31.261 Y-34.304
G0 X31.261 Y-34.152
G1 F3600 X30.782 Y-34.631 E5390.34143
G0 F7200 X30.782 Y-34.484
G0 X27.374 Y-34.484
G0 X27.374 Y-34.632
G1 F3600 X26.894 Y-34.152 E5390.39574
G0 F7200 X26.894 Y-34.304
G0 X19.947 Y-34.304
G0 X19.947 Y-34.152
G1 F3600 X19.468 Y-34.631 E5390.44993
G0 F7200 X19.468 Y-34.484
G0 X16.061 Y-34.484
G0 X16.061 Y-34.632
G1 F3600 X15.58 Y-34.152 E5390.50429
G0 F7200 X15.58 Y-34.304
G0 X8.554 Y-34.232
G0 X8.857 Y-33.929
G1 F3600 X8.154 Y-34.631 E5390.58377
G1 X8.084 Y-34.701
G0 F7200 X8.272 Y-34.514
G0 X8.482 Y-27.204
G0 X8.632 Y-27.204
G1 F3600 X8.153 Y-26.724 E5390.63802
G0 F7200 X8.302 Y-26.724
G0 X8.302 Y-23.319
G0 X8.153 Y-23.319
G1 F3600 X8.632 Y-22.84 E5390.69221
G0 F7200 X8.482 Y-22.84
G0 X8.482 Y-15.89
G0 X8.632 Y-15.89
G1 F3600 X8.153 Y-15.411 E5390.74641
G0 F7200 X8.302 Y-15.411
G0 X8.302 Y-12.005
G0 X8.153 Y-12.005
G1 F3600 X8.632 Y-11.526 E5390.8006
G0 F7200 X8.482 Y-11.526
G0 X8.482 Y-4.576
G0 X8.632 Y-4.576
G1 F3600 X8.153 Y-4.097 E5390.85479
G0 F7200 X8.302 Y-4.097
G0 X8.302 Y-.692
G0 X8.153 Y-.692
G1 F3600 X8.632 Y-.212 E5390.90904
G0 F7200 X8.482 Y-.212
G0 X8.482 Y6.737
G0 X8.632 Y6.737
G1 F3600 X8.153 Y7.217 E5390.96329
G0 F7200 X8.302 Y7.217
G0 X8.302 Y10.622
G0 X8.153 Y10.622
G1 F3600 X8.632 Y11.102 E5391.01754
G0 F7200 X8.482 Y11.102
G0 X8.482 Y18.051
G0 X8.632 Y18.051
G1 F3600 X8.153 Y18.53 E5391.07173
G0 F7200 X8.302 Y18.53
G0 X8.302 Y21.936
G0 X8.153 Y21.936
G1 F3600 X8.632 Y22.415 E5391.12592
G0 F7200 X8.482 Y22.415
G0 X8.554 Y29.444
G0 X72.23 Y29.444
G0 X71.816 Y29.028
;TYPE:WALL-INNER
G1 F3600 X71.481 Y29.204 E5391.1562
G1 X9.392 Y29.204 E5396.12332
G1 X8.967 Y29.029 E5396.16009
G1 X8.792 Y28.693 E5396.19039
G1 X8.792 Y-33.392 E5401.15719
G1 X8.967 Y-33.817 E5401.19396
G1 X9.303 Y-33.992 E5401.22427
G1 X71.392 Y-33.992 E5406.19139
G1 X71.816 Y-33.816 E5406.22812
G1 X71.992 Y-33.392 E5406.26484
G1 X71.992 Y28.693 E5411.23164
G1 X71.816 Y29.028 E5411.26192
G0 F7200 X72.302 Y29.028
G0 X72.792 Y30.004
G1 F3600 X72.792 Y-34.792 E5416.4456
G1 X7.993 Y-34.791 E5421.62952
G1 X7.993 Y30.003 E5426.81304
G1 X72.792 Y30.004 E5431.99696
G0 F7200 X73.192 Y30.404
;TYPE:WALL-OUTER
G1 F1800 X73.192 Y-35.192 E5437.24464
G1 X7.593 Y-35.191 E5442.49256
G1 X7.593 Y30.403 E5447.74008
G1 X73.192 Y30.404 E5452.988
G0 F7200 X73.192 Y30.204
G0 X72.512 Y29.726
G0 X72.302 Y28.639
G0 X71.59 Y28.639
G1 F1800 X71.534 Y28.746 E5452.99766
G1 X71.427 Y28.802 E5453.00732
G1 X9.392 Y28.804 E5457.97012
G1 X9.25 Y28.746 E5457.98239
G1 X9.194 Y28.639 E5457.99205
G1 X9.192 Y-33.392 E5462.95453
G1 X9.25 Y-33.534 E5462.9668
G1 X9.357 Y-33.59 E5462.97647
G1 X71.392 Y-33.592 E5467.93927
G1 X71.534 Y-33.534 E5467.95154
G1 X71.592 Y-33.392 E5467.96381
G1 X71.59 Y28.639 E5472.92629
G0 F7200 X71.534 Y28.746
G0 X71.465 Y28.782
G10
;MESH:NONMESH
G0 F600 Z3.7
G0 F7200 X72.302 Y28.782
G0 X8.954 Y29.044
G0 X7.822 Y2.99
G0 X6.727 Y2.99
G0 X-6.142 Y2.99
G0 X-7.237 Y2.99
G0 X-7.564 Y2.99
;TIME_ELAPSED:5880.950485
;LAYER:17
;TYPE:FILL
;MESH:tapacarcvincha prueba 1.stl
G11
G1 F3600 X-33.706 Y29.132 E5475.88392
G1 X-33.776 Y29.202
G0 F7200 X-33.776 Y28.982
G0 X-30.194 Y28.982
G0 X-30.194 Y29.132
G1 F3600 X-67.644 Y-8.318 E5480.1209
G1 X-67.714 Y-8.388
G0 F7200 X-67.497 Y-8.388
G0 X-67.497 Y-4.812
G0 X-67.644 Y-4.812
G1 F3600 X-41.508 Y-30.948 E5483.07785
G1 X-41.438 Y-31.018
G0 F7200 X-41.438 Y-30.798
G0 X-45.019 Y-30.798
G0 X-45.019 Y-30.948
G1 F3600 X-7.564 Y6.508 E5487.31546
G1 X-7.494 Y6.578
G0 F7200 X-7.717 Y6.578
G0 X-7.717 Y14.304
G0 X-7.564 Y14.304
G1 F3600 X-22.392 Y29.132 E5488.99305
G1 X-22.462 Y29.202
G0 F7200 X-22.462 Y28.982
G0 X-18.88 Y28.982
G0 X-18.88 Y29.132
G1 F3600 X-67.644 Y-19.631 E5494.51001
G1 X-67.714 Y-19.701
G0 F7200 X-67.497 Y-19.701
G0 X-67.497 Y-16.126
G0 X-67.644 Y-16.126
G1 F3600 X-52.822 Y-30.948 E5496.18693
G1 X-52.752 Y-31.018
G0 F7200 X-52.752 Y-30.798
G0 X-56.333 Y-30.798
G0 X-56.333 Y-30.948
G1 F3600 X-7.564 Y17.821 E5501.70452
G1 X-7.494 Y17.891
G0 F7200 X-7.717 Y17.891
G0 X-7.717 Y25.618
G0 X-7.564 Y25.618
G1 F3600 X-11.078 Y29.132 E5502.10208
G1 X-11.148 Y29.202
G0 F7200 X-11.148 Y28.982
G0 X-7.687 Y29.012
G0 X-7.567 Y29.132
G1 F3600 X-67.644 Y-30.945 E5508.89902
G1 X-67.714 Y-31.015
G0 F7200 X-67.527 Y-30.828
G0 X-67.497 Y-27.439
G0 X-67.644 Y-27.439
G1 F3600 X-64.135 Y-30.948 E5509.29601
G1 X-64.065 Y-31.018
G0 F7200 X-64.065 Y-30.798
G0 X-33.706 Y-30.798
G0 X-33.706 Y-30.948
G1 F3600 X-7.564 Y-4.806 E5512.25364
G1 X-7.494 Y-4.736
G0 F7200 X-7.717 Y-4.736
G0 X-7.717 Y-8.323
G0 X-7.564 Y-8.323
G1 F3600 X-45.019 Y29.132 E5516.49119
G1 X-45.089 Y29.202
G0 F7200 X-45.089 Y28.982
G0 X-41.508 Y28.982
G0 X-41.508 Y29.132
G1 F3600 X-67.644 Y2.996 E5519.44814
G1 X-67.714 Y2.926
G0 F7200 X-67.497 Y2.926
G0 X-67.497 Y6.502
G0 X-67.644 Y6.502
G1 F3600 X-30.194 Y-30.948 E5523.68513
G1 X-30.124 Y-31.018
G0 F7200 X-30.124 Y-30.798
G0 X-22.392 Y-30.798
G0 X-22.392 Y-30.948
G1 F3600 X-7.564 Y-16.12 E5525.36272
G1 X-7.494 Y-16.05
G0 F7200 X-7.717 Y-16.05
G0 X-7.717 Y-19.637
G0 X-7.564 Y-19.637
G1 F3600 X-56.333 Y29.132 E5530.88031
G1 X-56.403 Y29.202
G0 F7200 X-56.403 Y28.982
G0 X-52.822 Y28.982
G0 X-52.822 Y29.132
G1 F3600 X-67.644 Y14.31 E5532.55722
G1 X-67.714 Y14.24
G0 F7200 X-67.497 Y14.24
G0 X-67.497 Y17.816
G0 X-67.644 Y17.816
G1 F3600 X-18.88 Y-30.948 E5538.07424
G1 X-18.81 Y-31.018
G0 F7200 X-18.81 Y-30.798
G0 X-11.078 Y-30.798
G0 X-11.078 Y-30.948
G1 F3600 X-7.564 Y-27.434 E5538.4718
G1 X-7.494 Y-27.364
G0 F7200 X-7.717 Y-27.364
G0 X-7.687 Y-30.828
G0 X-7.567 Y-30.948
G1 F3600 X-67.644 Y29.129 E5545.26874
G1 X-67.714 Y29.199
G0 F7200 X-67.527 Y29.012
G0 X-67.497 Y25.623
G0 X-67.644 Y25.623
G1 F3600 X-64.135 Y29.132 E5545.66574
G1 X-64.065 Y29.202
G0 F7200 X-64.065 Y28.982
G0 X-7.687 Y29.012
G0 X-7.404 Y29.292
;TYPE:WALL-INNER
G1 F3600 X-7.404 Y-31.108 E5550.49774
G1 X-67.804 Y-31.108 E5555.32974
G1 X-67.804 Y29.292 E5560.16174
G1 X-7.404 Y29.292 E5564.99374
G0 F7200 X-7.004 Y29.692
;TYPE:WALL-OUTER
G1 F1800 X-7.004 Y-31.508 E5569.88974
G1 X-68.204 Y-31.508 E5574.78574
G1 X-68.204 Y29.692 E5579.68174
G1 X-7.004 Y29.692 E5584.57774
G0 F7200 X-7.004 Y29.492
G0 X-8.017 Y28.8
G10
;MESH:base carc vincha prueba 1.stl
G0 X-7.231 Y29.468
G0 X-6.142 Y29.468
G0 X6.727 Y29.468
G0 X7.822 Y29.468
G0 X8.154 Y29.843
;TYPE:FILL
G11
G1 F3600 X8.857 Y29.14 E5584.65728
G1 X8.927 Y29.07
G0 F7200 X8.482 Y29.07
G0 X15.581 Y29.516
G0 X15.581 Y29.364
G1 F3600 X16.06 Y29.843 E5584.71147
G0 F7200 X16.06 Y29.696
G0 X19.467 Y29.696
G0 X19.467 Y29.843
G1 F3600 X19.947 Y29.364 E5584.76572
G0 F7200 X19.947 Y29.516
G0 X26.895 Y29.516
G0 X26.895 Y29.364
G1 F3600 X27.374 Y29.843 E5584.81991
G0 F7200 X27.374 Y29.696
G0 X30.781 Y29.696
G0 X30.781 Y29.843
G1 F3600 X31.26 Y29.364 E5584.8741
G0 F7200 X31.26 Y29.516
G0 X38.209 Y29.516
G0 X38.209 Y29.364
G1 F3600 X38.687 Y29.843 E5584.92824
G0 F7200 X38.687 Y29.696
G0 X42.095 Y29.696
G0 X42.095 Y29.843
G1 F3600 X42.574 Y29.364 E5584.98243
G0 F7200 X42.574 Y29.516
G0 X49.522 Y29.516
G0 X49.522 Y29.364
G1 F3600 X50.001 Y29.843 E5585.03662
G0 F7200 X50.001 Y29.696
G0 X53.408 Y29.696
G0 X53.408 Y29.843
G1 F3600 X53.888 Y29.364 E5585.09087
G0 F7200 X53.888 Y29.516
G0 X60.836 Y29.516
G0 X60.836 Y29.364
G1 F3600 X61.315 Y29.843 E5585.14507
G0 F7200 X61.315 Y29.696
G0 X64.722 Y29.696
G0 X64.722 Y29.843
G1 F3600 X65.202 Y29.364 E5585.19931
G0 F7200 X65.202 Y29.516
G0 X72.23 Y29.444
G0 X71.927 Y29.141
G1 F3600 X72.628 Y29.843 E5585.27868
G1 X72.698 Y29.913
G0 F7200 X72.512 Y29.726
G0 X72.302 Y22.414
G0 X72.152 Y22.414
G1 F3600 X72.632 Y21.934 E5585.33299
G0 F7200 X72.482 Y21.934
G0 X72.482 Y18.533
G0 X72.632 Y18.533
G1 F3600 X72.152 Y18.052 E5585.38735
G0 F7200 X72.302 Y18.052
G0 X72.302 Y11.1
G0 X72.152 Y11.1
G1 F3600 X72.632 Y10.62 E5585.44165
G0 F7200 X72.482 Y10.62
G0 X72.482 Y7.219
G0 X72.632 Y7.219
G1 F3600 X72.152 Y6.739 E5585.49596
G0 F7200 X72.302 Y6.739
G0 X72.302 Y-.214
G0 X72.152 Y-.214
G1 F3600 X72.632 Y-.694 E5585.55027
G0 F7200 X72.482 Y-.694
G0 X72.482 Y-4.095
G0 X72.632 Y-4.095
G1 F3600 X72.152 Y-4.575 E5585.60457
G0 F7200 X72.302 Y-4.575
G0 X72.302 Y-11.527
G0 X72.152 Y-11.527
G1 F3600 X72.632 Y-12.007 E5585.65888
G0 F7200 X72.482 Y-12.007
G0 X72.482 Y-15.409
G0 X72.632 Y-15.409
G1 F3600 X72.152 Y-15.889 E5585.71318
G0 F7200 X72.302 Y-15.889
G0 X72.302 Y-22.841
G0 X72.152 Y-22.841
G1 F3600 X72.632 Y-23.321 E5585.76749
G0 F7200 X72.482 Y-23.321
G0 X72.482 Y-26.722
G0 X72.632 Y-26.722
G1 F3600 X72.152 Y-27.202 E5585.8218
G0 F7200 X72.302 Y-27.202
G0 X72.23 Y-34.232
G0 X71.925 Y-33.928
G1 F3600 X72.629 Y-34.632 E5585.90144
G1 X72.699 Y-34.702
G0 F7200 X72.512 Y-34.514
G0 X65.202 Y-34.304
G0 X65.202 Y-34.152
G1 F3600 X64.723 Y-34.631 E5585.95564
G0 F7200 X64.723 Y-34.484
G0 X61.315 Y-34.484
G0 X61.315 Y-34.632
G1 F3600 X60.835 Y-34.152 E5586.00994
G0 F7200 X60.835 Y-34.304
G0 X53.889 Y-34.304
G0 X53.889 Y-34.152
G1 F3600 X53.409 Y-34.631 E5586.06419
G0 F7200 X53.409 Y-34.484
G0 X50.002 Y-34.484
G0 X50.002 Y-34.632
G1 F3600 X49.522 Y-34.152 E5586.1185
G0 F7200 X49.522 Y-34.304
G0 X42.575 Y-34.304
G0 X42.575 Y-34.152
G1 F3600 X42.095 Y-34.631 E5586.17275
G0 F7200 X42.095 Y-34.484
G0 X38.688 Y-34.484
G0 X38.688 Y-34.632
G1 F3600 X38.208 Y-34.152 E5586.22705
G0 F7200 X38.208 Y-34.304
G0 X31.261 Y-34.304
G0 X31.261 Y-34.152
G1 F3600 X30.782 Y-34.631 E5586.28124
G0 F7200 X30.782 Y-34.484
G0 X27.374 Y-34.484
G0 X27.374 Y-34.632
G1 F3600 X26.894 Y-34.152 E5586.33555
G0 F7200 X26.894 Y-34.304
G0 X19.947 Y-34.304
G0 X19.947 Y-34.152
G1 F3600 X19.468 Y-34.631 E5586.38974
G0 F7200 X19.468 Y-34.484
G0 X16.061 Y-34.484
G0 X16.061 Y-34.632
G1 F3600 X15.58 Y-34.152 E5586.44411
G0 F7200 X15.58 Y-34.304
G0 X8.554 Y-34.232
G0 X8.857 Y-33.929
G1 F3600 X8.154 Y-34.631 E5586.52358
G1 X8.084 Y-34.701
G0 F7200 X8.272 Y-34.514
G0 X8.482 Y-27.204
G0 X8.632 Y-27.204
G1 F3600 X8.153 Y-26.724 E5586.57783
G0 F7200 X8.302 Y-26.724
G0 X8.302 Y-23.319
G0 X8.153 Y-23.319
G1 F3600 X8.632 Y-22.84 E5586.63203
G0 F7200 X8.482 Y-22.84
G0 X8.482 Y-15.89
G0 X8.632 Y-15.89
G1 F3600 X8.153 Y-15.411 E5586.68622
G0 F7200 X8.302 Y-15.411
G0 X8.302 Y-12.005
G0 X8.153 Y-12.005
G1 F3600 X8.632 Y-11.526 E5586.74041
G0 F7200 X8.482 Y-11.526
G0 X8.482 Y-4.576
G0 X8.632 Y-4.576
G1 F3600 X8.153 Y-4.097 E5586.7946
G0 F7200 X8.302 Y-4.097
G0 X8.302 Y-.692
G0 X8.153 Y-.692
G1 F3600 X8.632 Y-.212 E5586.84885
G0 F7200 X8.482 Y-.212
G0 X8.482 Y6.737
G0 X8.632 Y6.737
G1 F3600 X8.153 Y7.217 E5586.9031
G0 F7200 X8.302 Y7.217
G0 X8.302 Y10.622
G0 X8.153 Y10.622
G1 F3600 X8.632 Y11.102 E5586.95735
G0 F7200 X8.482 Y11.102
G0 X8.482 Y18.051
G0 X8.632 Y18.051
G1 F3600 X8.153 Y18.53 E5587.01155
G0 F7200 X8.302 Y18.53
G0 X8.302 Y21.936
G0 X8.153 Y21.936
G1 F3600 X8.632 Y22.415 E5587.06574
G0 F7200 X8.482 Y22.415
G0 X8.554 Y29.444
G0 X72.23 Y29.444
G0 X71.816 Y29.028
;TYPE:WALL-INNER
G1 F3600 X71.481 Y29.204 E5587.09601
G1 X9.392 Y29.204 E5592.06313
G1 X8.967 Y29.029 E5592.0999
G1 X8.792 Y28.693 E5592.13021
G1 X8.792 Y-33.392 E5597.09701
G1 X8.967 Y-33.817 E5597.13378
G1 X9.303 Y-33.992 E5597.16408
G1 X71.392 Y-33.992 E5602.1312
G1 X71.816 Y-33.816 E5602.16793
G1 X71.992 Y-33.392 E5602.20466
G1 X71.992 Y28.693 E5607.17146
G1 X71.816 Y29.028 E5607.20173
G0 F7200 X72.302 Y29.028
G0 X72.792 Y30.004
G1 F3600 X72.792 Y-34.792 E5612.38541
G1 X7.993 Y-34.791 E5617.56933
G1 X7.993 Y30.003 E5622.75285
G1 X72.792 Y30.004 E5627.93677
G0 F7200 X73.192 Y30.404
;TYPE:WALL-OUTER
G1 F1800 X73.192 Y-35.192 E5633.18445
G1 X7.593 Y-35.191 E5638.43237
G1 X7.593 Y30.403 E5643.67989
G1 X73.192 Y30.404 E5648.92781
G0 F7200 X73.192 Y30.204
G0 X72.512 Y29.726
G0 X72.302 Y28.639
G0 X71.59 Y28.639
G1 F1800 X71.534 Y28.746 E5648.93747
G1 X71.427 Y28.802 E5648.94713
G1 X9.392 Y28.804 E5653.90993
G1 X9.25 Y28.746 E5653.9222
G1 X9.194 Y28.639 E5653.93187
G1 X9.192 Y-33.392 E5658.89435
G1 X9.25 Y-33.534 E5658.90662
G1 X9.357 Y-33.59 E5658.91628
G1 X71.392 Y-33.592 E5663.87908
G1 X71.534 Y-33.534 E5663.89135
G1 X71.592 Y-33.392 E5663.90362
G1 X71.59 Y28.639 E5668.8661
G0 F7200 X71.534 Y28.746
G0 X71.465 Y28.782
G10
;MESH:NONMESH
G0 F600 Z3.9
G0 F7200 X72.302 Y28.782
G0 X8.954 Y29.044
G0 X7.822 Y2.99
G0 X6.727 Y2.99
G0 X-6.142 Y2.99
G0 X-7.237 Y2.99
G0 X-7.564 Y2.99
;TIME_ELAPSED:5943.775453
;LAYER:18
;TYPE:FILL
;MESH:tapacarcvincha prueba 1.stl
G11
G1 F3600 X-33.706 Y29.132 E5671.82373
G1 X-33.776 Y29.202
G0 F7200 X-33.776 Y28.982
G0 X-30.194 Y28.982
G0 X-30.194 Y29.132
G1 F3600 X-67.644 Y-8.318 E5676.06071
G1 X-67.714 Y-8.388
G0 F7200 X-67.497 Y-8.388
G0 X-67.497 Y-4.812
G0 X-67.644 Y-4.812
G1 F3600 X-41.508 Y-30.948 E5679.01767
G1 X-41.438 Y-31.018
G0 F7200 X-41.438 Y-30.798
G0 X-45.019 Y-30.798
G0 X-45.019 Y-30.948
G1 F3600 X-7.564 Y6.508 E5683.25527
G1 X-7.494 Y6.578
G0 F7200 X-7.717 Y6.578
G0 X-7.717 Y14.304
G0 X-7.564 Y14.304
G1 F3600 X-22.392 Y29.132 E5684.93287
G1 X-22.462 Y29.202
G0 F7200 X-22.462 Y28.982
G0 X-18.88 Y28.982
G0 X-18.88 Y29.132
G1 F3600 X-67.644 Y-19.631 E5690.44983
G1 X-67.714 Y-19.701
G0 F7200 X-67.497 Y-19.701
G0 X-67.497 Y-16.126
G0 X-67.644 Y-16.126
G1 F3600 X-52.822 Y-30.948 E5692.12675
G1 X-52.752 Y-31.018
G0 F7200 X-52.752 Y-30.798
G0 X-56.333 Y-30.798
G0 X-56.333 Y-30.948
G1 F3600 X-7.564 Y17.821 E5697.64433
G1 X-7.494 Y17.891
G0 F7200 X-7.717 Y17.891
G0 X-7.717 Y25.618
G0 X-7.564 Y25.618
G1 F3600 X-11.078 Y29.132 E5698.04189
G1 X-11.148 Y29.202
G0 F7200 X-11.148 Y28.982
G0 X-7.687 Y29.012
G0 X-7.567 Y29.132
G1 F3600 X-67.644 Y-30.945 E5704.83883
G1 X-67.714 Y-31.015
G0 F7200 X-67.527 Y-30.828
G0 X-67.497 Y-27.439
G0 X-67.644 Y-27.439
G1 F3600 X-64.135 Y-30.948 E5705.23583
G1 X-64.065 Y-31.018
G0 F7200 X-64.065 Y-30.798
G0 X-33.706 Y-30.798
G0 X-33.706 Y-30.948
G1 F3600 X-7.564 Y-4.806 E5708.19346
G1 X-7.494 Y-4.736
G0 F7200 X-7.717 Y-4.736
G0 X-7.717 Y-8.323
G0 X-7.564 Y-8.323
G1 F3600 X-45.019 Y29.132 E5712.43101
G1 X-45.089 Y29.202
G0 F7200 X-45.089 Y28.982
G0 X-41.508 Y28.982
G0 X-41.508 Y29.132
G1 F3600 X-67.644 Y2.996 E5715.38796
G1 X-67.714 Y2.926
G0 F7200 X-67.497 Y2.926
G0 X-67.497 Y6.502
G0 X-67.644 Y6.502
G1 F3600 X-30.194 Y-30.948 E5719.62494
G1 X-30.124 Y-31.018
G0 F7200 X-30.124 Y-30.798
G0 X-22.392 Y-30.798
G0 X-22.392 Y-30.948
G1 F3600 X-7.564 Y-16.12 E5721.30254
G1 X-7.494 Y-16.05
G0 F7200 X-7.717 Y-16.05
G0 X-7.717 Y-19.637
G0 X-7.564 Y-19.637
G1 F3600 X-56.333 Y29.132 E5726.82012
G1 X-56.403 Y29.202
G0 F7200 X-56.403 Y28.982
G0 X-52.822 Y28.982
G0 X-52.822 Y29.132
G1 F3600 X-67.644 Y14.31 E5728.49704
G1 X-67.714 Y14.24
G0 F7200 X-67.497 Y14.24
G0 X-67.497 Y17.816
G0 X-67.644 Y17.816
G1 F3600 X-18.88 Y-30.948 E5734.01405
G1 X-18.81 Y-31.018
G0 F7200 X-18.81 Y-30.798
G0 X-11.078 Y-30.798
G0 X-11.078 Y-30.948
G1 F3600 X-7.564 Y-27.434 E5734.41162
G1 X-7.494 Y-27.364
G0 F7200 X-7.717 Y-27.364
G0 X-7.687 Y-30.828
G0 X-7.567 Y-30.948
G1 F3600 X-67.644 Y29.129 E5741.20856
G1 X-67.714 Y29.199
G0 F7200 X-67.527 Y29.012
G0 X-67.497 Y25.623
G0 X-67.644 Y25.623
G1 F3600 X-64.135 Y29.132 E5741.60555
G1 X-64.065 Y29.202
G0 F7200 X-64.065 Y28.982
G0 X-7.687 Y29.012
G0 X-7.404 Y29.292
;TYPE:WALL-INNER
G1 F3600 X-7.404 Y-31.108 E5746.43755
G1 X-67.804 Y-31.108 E5751.26955
G1 X-67.804 Y29.292 E5756.10155
G1 X-7.404 Y29.292 E5760.93355
G0 F7200 X-7.004 Y29.692
;TYPE:WALL-OUTER
G1 F1800 X-7.004 Y-31.508 E5765.82955
G1 X-68.204 Y-31.508 E5770.72555
G1 X-68.204 Y29.692 E5775.62155
G1 X-7.004 Y29.692 E5780.51755
G0 F7200 X-7.004 Y29.492
G0 X-8.017 Y28.8
G10
;MESH:base carc vincha prueba 1.stl
G0 X-7.231 Y29.468
G0 X-6.142 Y29.468
G0 X6.727 Y29.468
G0 X7.822 Y29.468
G0 X8.154 Y29.843
;TYPE:FILL
G11
G1 F3600 X8.857 Y29.14 E5780.59709
G1 X8.927 Y29.07
G0 F7200 X8.482 Y29.07
G0 X15.581 Y29.516
G0 X15.581 Y29.364
G1 F3600 X16.06 Y29.843 E5780.65128
G0 F7200 X16.06 Y29.696
G0 X19.467 Y29.696
G0 X19.467 Y29.843
G1 F3600 X19.947 Y29.364 E5780.70553
G0 F7200 X19.947 Y29.516
G0 X26.895 Y29.516
G0 X26.895 Y29.364
G1 F3600 X27.374 Y29.843 E5780.75972
G0 F7200 X27.374 Y29.696
G0 X30.781 Y29.696
G0 X30.781 Y29.843
G1 F3600 X31.26 Y29.364 E5780.81392
G0 F7200 X31.26 Y29.516
G0 X38.209 Y29.516
G0 X38.209 Y29.364
G1 F3600 X38.687 Y29.843 E5780.86805
G0 F7200 X38.687 Y29.696
G0 X42.095 Y29.696
G0 X42.095 Y29.843
G1 F3600 X42.574 Y29.364 E5780.92224
G0 F7200 X42.574 Y29.516
G0 X49.522 Y29.516
G0 X49.522 Y29.364
G1 F3600 X50.001 Y29.843 E5780.97644
G0 F7200 X50.001 Y29.696
G0 X53.408 Y29.696
G0 X53.408 Y29.843
G1 F3600 X53.888 Y29.364 E5781.03069
G0 F7200 X53.888 Y29.516
G0 X60.836 Y29.516
G0 X60.836 Y29.364
G1 F3600 X61.315 Y29.843 E5781.08488
G0 F7200 X61.315 Y29.696
G0 X64.722 Y29.696
G0 X64.722 Y29.843
G1 F3600 X65.202 Y29.364 E5781.13913
G0 F7200 X65.202 Y29.516
G0 X72.23 Y29.444
G0 X71.927 Y29.141
G1 F3600 X72.628 Y29.843 E5781.21849
G1 X72.698 Y29.913
G0 F7200 X72.512 Y29.726
G0 X72.302 Y22.414
G0 X72.152 Y22.414
G1 F3600 X72.632 Y21.934 E5781.2728
G0 F7200 X72.482 Y21.934
G0 X72.482 Y18.533
G0 X72.632 Y18.533
G1 F3600 X72.152 Y18.052 E5781.32716
G0 F7200 X72.302 Y18.052
G0 X72.302 Y11.1
G0 X72.152 Y11.1
G1 F3600 X72.632 Y10.62 E5781.38147
G0 F7200 X72.482 Y10.62
G0 X72.482 Y7.219
G0 X72.632 Y7.219
G1 F3600 X72.152 Y6.739 E5781.43577
G0 F7200 X72.302 Y6.739
G0 X72.302 Y-.214
G0 X72.152 Y-.214
G1 F3600 X72.632 Y-.694 E5781.49008
G0 F7200 X72.482 Y-.694
G0 X72.482 Y-4.095
G0 X72.632 Y-4.095
G1 F3600 X72.152 Y-4.575 E5781.54439
G0 F7200 X72.302 Y-4.575
G0 X72.302 Y-11.527
G0 X72.152 Y-11.527
G1 F3600 X72.632 Y-12.007 E5781.59869
G0 F7200 X72.482 Y-12.007
G0 X72.482 Y-15.409
G0 X72.632 Y-15.409
G1 F3600 X72.152 Y-15.889 E5781.653
G0 F7200 X72.302 Y-15.889
G0 X72.302 Y-22.841
G0 X72.152 Y-22.841
G1 F3600 X72.632 Y-23.321 E5781.7073
G0 F7200 X72.482 Y-23.321
G0 X72.482 Y-26.722
G0 X72.632 Y-26.722
G1 F3600 X72.152 Y-27.202 E5781.76161
G0 F7200 X72.302 Y-27.202
G0 X72.23 Y-34.232
G0 X71.925 Y-33.928
G1 F3600 X72.629 Y-34.632 E5781.84126
G1 X72.699 Y-34.702
G0 F7200 X72.512 Y-34.514
G0 X65.202 Y-34.304
G0 X65.202 Y-34.152
G1 F3600 X64.723 Y-34.631 E5781.89545
G0 F7200 X64.723 Y-34.484
G0 X61.315 Y-34.484
G0 X61.315 Y-34.632
G1 F3600 X60.835 Y-34.152 E5781.94976
G0 F7200 X60.835 Y-34.304
G0 X53.889 Y-34.304
G0 X53.889 Y-34.152
G1 F3600 X53.409 Y-34.631 E5782.00401
G0 F7200 X53.409 Y-34.484
G0 X50.002 Y-34.484
G0 X50.002 Y-34.632
G1 F3600 X49.522 Y-34.152 E5782.05831
G0 F7200 X49.522 Y-34.304
G0 X42.575 Y-34.304
G0 X42.575 Y-34.152
G1 F3600 X42.095 Y-34.631 E5782.11256
G0 F7200 X42.095 Y-34.484
G0 X38.688 Y-34.484
G0 X38.688 Y-34.632
G1 F3600 X38.208 Y-34.152 E5782.16687
G0 F7200 X38.208 Y-34.304
G0 X31.261 Y-34.304
G0 X31.261 Y-34.152
G1 F3600 X30.782 Y-34.631 E5782.22106
G0 F7200 X30.782 Y-34.484
G0 X27.374 Y-34.484
G0 X27.374 Y-34.632
G1 F3600 X26.894 Y-34.152 E5782.27536
G0 F7200 X26.894 Y-34.304
G0 X19.947 Y-34.304
G0 X19.947 Y-34.152
G1 F3600 X19.468 Y-34.631 E5782.32956
G0 F7200 X19.468 Y-34.484
G0 X16.061 Y-34.484
G0 X16.061 Y-34.632
G1 F3600 X15.58 Y-34.152 E5782.38392
G0 F7200 X15.58 Y-34.304
G0 X8.554 Y-34.232
G0 X8.857 Y-33.929
G1 F3600 X8.154 Y-34.631 E5782.4634
G1 X8.084 Y-34.701
G0 F7200 X8.272 Y-34.514
G0 X8.482 Y-27.204
G0 X8.632 Y-27.204
G1 F3600 X8.153 Y-26.724 E5782.51765
G0 F7200 X8.302 Y-26.724
G0 X8.302 Y-23.319
G0 X8.153 Y-23.319
G1 F3600 X8.632 Y-22.84 E5782.57184
G0 F7200 X8.482 Y-22.84
G0 X8.482 Y-15.89
G0 X8.632 Y-15.89
G1 F3600 X8.153 Y-15.411 E5782.62603
G0 F7200 X8.302 Y-15.411
G0 X8.302 Y-12.005
G0 X8.153 Y-12.005
G1 F3600 X8.632 Y-11.526 E5782.68023
G0 F7200 X8.482 Y-11.526
G0 X8.482 Y-4.576
G0 X8.632 Y-4.576
G1 F3600 X8.153 Y-4.097 E5782.73442
G0 F7200 X8.302 Y-4.097
G0 X8.302 Y-.692
G0 X8.153 Y-.692
G1 F3600 X8.632 Y-.212 E5782.78867
G0 F7200 X8.482 Y-.212
G0 X8.482 Y6.737
G0 X8.632 Y6.737
G1 F3600 X8.153 Y7.217 E5782.84292
G0 F7200 X8.302 Y7.217
G0 X8.302 Y10.622
G0 X8.153 Y10.622
G1 F3600 X8.632 Y11.102 E5782.89717
G0 F7200 X8.482 Y11.102
G0 X8.482 Y18.051
G0 X8.632 Y18.051
G1 F3600 X8.153 Y18.53 E5782.95136
G0 F7200 X8.302 Y18.53
G0 X8.302 Y21.936
G0 X8.153 Y21.936
G1 F3600 X8.632 Y22.415 E5783.00555
G0 F7200 X8.482 Y22.415
G0 X8.554 Y29.444
G0 X72.23 Y29.444
G0 X71.816 Y29.028
;TYPE:WALL-INNER
G1 F3600 X71.481 Y29.204 E5783.03582
G1 X9.392 Y29.204 E5788.00294
G1 X8.967 Y29.029 E5788.03971
G1 X8.792 Y28.693 E5788.07002
G1 X8.792 Y-33.392 E5793.03682
G1 X8.967 Y-33.817 E5793.07359
G1 X9.303 Y-33.992 E5793.1039
G1 X71.392 Y-33.992 E5798.07102
G1 X71.816 Y-33.816 E5798.10774
G1 X71.992 Y-33.392 E5798.14447
G1 X71.992 Y28.693 E5803.11127
G1 X71.816 Y29.028 E5803.14154
G0 F7200 X72.302 Y29.028
G0 X72.792 Y30.004
G1 F3600 X72.792 Y-34.792 E5808.32522
G1 X7.993 Y-34.791 E5813.50914
G1 X7.993 Y30.003 E5818.69266
G1 X72.792 Y30.004 E5823.87658
G0 F7200 X73.192 Y30.404
;TYPE:WALL-OUTER
G1 F1800 X73.192 Y-35.192 E5829.12426
G1 X7.593 Y-35.191 E5834.37218
G1 X7.593 Y30.403 E5839.6197
G1 X73.192 Y30.404 E5844.86762
G0 F7200 X73.192 Y30.204
G0 X72.512 Y29.726
G0 X72.302 Y28.639
G0 X71.59 Y28.639
G1 F1800 X71.534 Y28.746 E5844.87729
G1 X71.427 Y28.802 E5844.88695
G1 X9.392 Y28.804 E5849.84975
G1 X9.25 Y28.746 E5849.86202
G1 X9.194 Y28.639 E5849.87168
G1 X9.192 Y-33.392 E5854.83416
G1 X9.25 Y-33.534 E5854.84643
G1 X9.357 Y-33.59 E5854.85609
G1 X71.392 Y-33.592 E5859.81889
G1 X71.534 Y-33.534 E5859.83116
G1 X71.592 Y-33.392 E5859.84343
G1 X71.59 Y28.639 E5864.80591
G0 F7200 X71.534 Y28.746
G0 X71.465 Y28.782
G10
;MESH:NONMESH
G0 F600 Z4.1
G0 F7200 X72.302 Y28.782
G0 X8.954 Y29.044
G0 X7.822 Y0.085
G0 X6.727 Y0.085
G0 X-6.142 Y0.085
G0 X-7.237 Y0.085
G0 X-7.764 Y0.085
;TIME_ELAPSED:6006.626305
;LAYER:19
;TYPE:FILL
;MESH:tapacarcvincha prueba 1.stl
G11
G1 F900 X-38.597 Y-30.748 E5866.89893
G0 F7200 X-39.162 Y-30.748
G1 F900 X-7.764 Y0.651 E5869.03033
G0 F7200 X-7.764 Y1.216
G1 F900 X-39.728 Y-30.748 E5871.20012
G0 F7200 X-40.294 Y-30.748
G1 F900 X-7.764 Y1.782 E5873.40833
G0 F7200 X-7.764 Y2.348
G1 F900 X-40.859 Y-30.748 E5875.65492
G0 F7200 X-41.425 Y-30.748
G1 F900 X-7.764 Y2.913 E5877.93991
G0 F7200 X-7.764 Y3.479
G1 F900 X-41.991 Y-30.748 E5880.26331
G0 F7200 X-42.557 Y-30.748
G1 F900 X-7.764 Y4.045 E5882.62514
G0 F7200 X-7.764 Y4.61
G1 F900 X-43.122 Y-30.748 E5885.02532
G0 F7200 X-43.688 Y-30.748
G1 F900 X-7.764 Y5.176 E5887.46392
G0 F7200 X-7.764 Y5.742
G1 F900 X-44.254 Y-30.748 E5889.94095
G0 F7200 X-44.819 Y-30.748
G1 F900 X-7.764 Y6.307 E5892.45632
G0 F7200 X-7.764 Y6.873
G1 F900 X-45.385 Y-30.748 E5895.01012
G0 F7200 X-45.951 Y-30.748
G1 F900 X-7.764 Y7.439 E5897.60234
G0 F7200 X-7.764 Y8.004
G1 F900 X-46.516 Y-30.748 E5900.23291
G0 F7200 X-47.082 Y-30.748
G1 F900 X-7.764 Y8.57 E5902.90191
G0 F7200 X-7.764 Y9.136
G1 F900 X-47.648 Y-30.748 E5905.60932
G0 F7200 X-48.213 Y-30.748
G1 F900 X-7.764 Y9.702 E5908.35513
G0 F7200 X-7.764 Y10.267
G1 F900 X-48.779 Y-30.748 E5911.13932
G0 F7200 X-49.345 Y-30.748
G1 F900 X-7.764 Y10.833 E5913.96193
G0 F7200 X-7.764 Y11.399
G1 F900 X-49.91 Y-30.748 E5916.82293
G0 F7200 X-50.476 Y-30.748
G1 F900 X-7.764 Y11.964 E5919.72232
G0 F7200 X-7.764 Y12.53
G1 F900 X-51.042 Y-30.748 E5922.66012
G0 F7200 X-51.607 Y-30.748
G1 F900 X-7.764 Y13.096 E5925.63632
G0 F7200 X-7.764 Y13.661
G1 F900 X-52.173 Y-30.748 E5928.6509
G0 F7200 X-52.739 Y-30.748
G1 F900 X-7.764 Y14.227 E5931.70391
G0 F7200 X-7.764 Y14.793
G1 F900 X-53.305 Y-30.748 E5934.79533
G0 F7200 X-53.87 Y-30.748
G1 F900 X-7.764 Y15.358 E5937.92511
G0 F7200 X-7.764 Y15.924
G1 F900 X-54.436 Y-30.748 E5941.09331
G0 F7200 X-55.002 Y-30.748
G1 F900 X-7.764 Y16.49 E5944.29993
G0 F7200 X-7.764 Y17.055
G1 F900 X-55.567 Y-30.748 E5947.54491
G0 F7200 X-56.133 Y-30.748
G1 F900 X-7.764 Y17.621 E5950.82831
G0 F7200 X-7.764 Y18.187
G1 F900 X-56.699 Y-30.748 E5954.15012
G0 F7200 X-57.264 Y-30.748
G1 F900 X-7.764 Y18.752 E5957.5103
G0 F7200 X-7.764 Y19.318
G1 F900 X-57.83 Y-30.748 E5960.90889
G0 F7200 X-58.396 Y-30.748
G1 F900 X-7.764 Y19.884 E5964.3459
G0 F7200 X-7.764 Y20.45
G1 F900 X-58.961 Y-30.748 E5967.8213
G0 F7200 X-59.527 Y-30.748
G1 F900 X-7.764 Y21.015 E5971.33509
G0 F7200 X-7.764 Y21.581
G1 F900 X-60.093 Y-30.748 E5974.8873
G0 F7200 X-60.658 Y-30.748
G1 F900 X-7.764 Y22.147 E5978.4779
G0 F7200 X-7.764 Y22.712
G1 F900 X-61.224 Y-30.748 E5982.10689
G0 F7200 X-61.79 Y-30.748
G1 F900 X-7.764 Y23.278 E5985.77429
G0 F7200 X-7.764 Y23.844
G1 F900 X-62.356 Y-30.748 E5989.48012
G0 F7200 X-62.921 Y-30.748
G1 F900 X-7.764 Y24.409 E5993.2243
G0 F7200 X-7.764 Y24.975
G1 F900 X-63.487 Y-30.748 E5997.0069
G0 F7200 X-64.053 Y-30.748
G1 F900 X-7.764 Y25.541 E6000.82793
G0 F7200 X-7.764 Y26.106
G1 F900 X-64.618 Y-30.748 E6004.68731
G0 F7200 X-65.184 Y-30.748
G1 F900 X-7.764 Y26.672 E6008.5851
G0 F7200 X-7.764 Y27.238
G1 F900 X-65.75 Y-30.748 E6012.52132
G0 F7200 X-66.315 Y-30.748
G1 F900 X-7.764 Y27.803 E6016.4959
G0 F7200 X-7.764 Y28.369
G1 F900 X-66.881 Y-30.748 E6020.50889
G0 F7200 X-67.444 Y-30.745
G1 F900 X-7.767 Y28.932 E6024.5599
G0 F7200 X-8.333 Y28.932
G1 F900 X-67.444 Y-30.179 E6028.57249
G0 F7200 X-67.444 Y-29.614
G1 F900 X-8.898 Y28.932 E6032.54672
G0 F7200 X-9.464 Y28.932
G1 F900 X-67.444 Y-29.048 E6036.48254
G0 F7200 X-67.444 Y-28.482
G1 F900 X-10.03 Y28.932 E6040.37993
G0 F7200 X-10.595 Y28.932
G1 F900 X-67.444 Y-27.917 E6044.23897
G0 F7200 X-67.444 Y-27.351
G1 F900 X-11.161 Y28.932 E6048.05958
G0 F7200 X-11.727 Y28.932
G1 F900 X-67.444 Y-26.785 E6051.84178
G0 F7200 X-67.444 Y-26.22
G1 F900 X-12.292 Y28.932 E6055.58562
G0 F7200 X-12.858 Y28.932
G1 F900 X-67.444 Y-25.654 E6059.29104
G0 F7200 X-67.444 Y-25.088
G1 F900 X-13.424 Y28.932 E6062.95804
G0 F7200 X-13.989 Y28.932
G1 F900 X-67.444 Y-24.522 E6066.58665
G0 F7200 X-67.444 Y-23.957
G1 F900 X-14.555 Y28.932 E6070.17688
G0 F7200 X-15.121 Y28.932
G1 F900 X-67.444 Y-23.391 E6073.72868
G0 F7200 X-67.444 Y-22.825
G1 F900 X-15.686 Y28.932 E6077.2421
G0 F7200 X-16.252 Y28.932
G1 F900 X-67.444 Y-22.26 E6080.71712
G0 F7200 X-67.444 Y-21.694
G1 F900 X-16.818 Y28.932 E6084.15373
G0 F7200 X-17.384 Y28.932
G1 F900 X-67.444 Y-21.128 E6087.55192
G0 F7200 X-67.444 Y-20.563
G1 F900 X-17.949 Y28.932 E6090.91175
G0 F7200 X-18.515 Y28.932
G1 F900 X-67.444 Y-19.997 E6094.23316
G0 F7200 X-67.444 Y-19.431
G1 F900 X-19.081 Y28.932 E6097.51615
G0 F7200 X-19.646 Y28.932
G1 F900 X-67.444 Y-18.866 E6100.76078
G0 F7200 X-67.444 Y-18.3
G1 F900 X-20.212 Y28.932 E6103.967
G0 F7200 X-20.778 Y28.932
G1 F900 X-67.444 Y-17.734 E6107.13479
G0 F7200 X-67.444 Y-17.169
G1 F900 X-21.343 Y28.932 E6110.26423
G0 F7200 X-21.909 Y28.932
G1 F900 X-67.444 Y-16.603 E6113.35525
G0 F7200 X-67.444 Y-16.037
G1 F900 X-22.475 Y28.932 E6116.40785
G0 F7200 X-23.04 Y28.932
G1 F900 X-67.444 Y-15.471 E6119.42206
G0 F7200 X-67.444 Y-14.906
G1 F900 X-23.606 Y28.932 E6122.39788
G0 F7200 X-24.172 Y28.932
G1 F900 X-67.444 Y-14.34 E6125.33528
G0 F7200 X-67.444 Y-13.774
G1 F900 X-24.737 Y28.932 E6128.23429
G0 F7200 X-25.303 Y28.932
G1 F900 X-67.444 Y-13.209 E6131.09492
G0 F7200 X-67.444 Y-12.643
G1 F900 X-25.869 Y28.932 E6133.91712
G0 F7200 X-26.434 Y28.932
G1 F900 X-67.444 Y-12.077 E6136.70094
G0 F7200 X-67.444 Y-11.512
G1 F900 X-27 Y28.932 E6139.44637
G0 F7200 X-27.566 Y28.932
G1 F900 X-67.444 Y-10.946 E6142.15338
G0 F7200 X-67.444 Y-10.38
G1 F900 X-28.132 Y28.932 E6144.82197
G0 F7200 X-28.697 Y28.932
G1 F900 X-67.444 Y-9.815 E6147.4522
G0 F7200 X-67.444 Y-9.249
G1 F900 X-29.263 Y28.932 E6150.04401
G0 F7200 X-29.829 Y28.932
G1 F900 X-67.444 Y-8.683 E6152.5974
G0 F7200 X-67.444 Y-8.118
G1 F900 X-30.394 Y28.932 E6155.11244
G0 F7200 X-30.96 Y28.932
G1 F900 X-67.444 Y-7.552 E6157.58906
G0 F7200 X-67.444 Y-6.986
G1 F900 X-31.526 Y28.932 E6160.02725
G0 F7200 X-32.091 Y28.932
G1 F900 X-67.444 Y-6.421 E6162.42709
G0 F7200 X-67.444 Y-5.855
G1 F900 X-32.657 Y28.932 E6164.78851
G0 F7200 X-33.223 Y28.932
G1 F900 X-67.444 Y-5.289 E6167.11151
G0 F7200 X-67.444 Y-4.723
G1 F900 X-33.788 Y28.932 E6169.39612
G0 F7200 X-34.354 Y28.932
G1 F900 X-67.444 Y-4.158 E6171.64234
G0 F7200 X-67.444 Y-3.592
G1 F900 X-34.92 Y28.932 E6173.85015
G0 F7200 X-35.485 Y28.932
G1 F900 X-67.444 Y-3.026 E6176.01956
G0 F7200 X-67.444 Y-2.461
G1 F900 X-36.051 Y28.932 E6178.15059
G0 F7200 X-36.617 Y28.932
G1 F900 X-67.444 Y-1.895 E6180.2432
G0 F7200 X-67.444 Y-1.329
G1 F900 X-37.183 Y28.932 E6182.29738
G0 F7200 X-37.748 Y28.932
G1 F900 X-67.444 Y-.764 E6184.31321
G0 F7200 X-67.444 Y-.198
G1 F900 X-38.314 Y28.932 E6186.29062
G0 F7200 X-38.88 Y28.932
G1 F900 X-67.444 Y0.368 E6188.22961
G0 F7200 X-67.444 Y0.933
G1 F900 X-39.445 Y28.932 E6190.13025
G0 F7200 X-40.011 Y28.932
G1 F900 X-67.444 Y1.499 E6191.99246
G0 F7200 X-67.444 Y2.065
G1 F900 X-40.577 Y28.932 E6193.81625
G0 F7200 X-41.142 Y28.932
G1 F900 X-67.444 Y2.63 E6195.60169
G0 F7200 X-67.444 Y3.196
G1 F900 X-41.708 Y28.932 E6197.34871
G0 F7200 X-42.274 Y28.932
G1 F900 X-67.444 Y3.762 E6199.0573
G0 F7200 X-67.444 Y4.327
G1 F900 X-42.839 Y28.932 E6200.72755
G0 F7200 X-43.405 Y28.932
G1 F900 X-67.444 Y4.893 E6202.35937
G0 F7200 X-67.444 Y5.459
G1 F900 X-43.971 Y28.932 E6203.95277
G0 F7200 X-44.536 Y28.932
G1 F900 X-67.444 Y6.025 E6205.50778
G0 F7200 X-67.444 Y6.59
G1 F900 X-45.102 Y28.932 E6207.02441
G0 F7200 X-45.668 Y28.932
G1 F900 X-67.444 Y7.156 E6208.50261
G0 F7200 X-67.444 Y7.722
G1 F900 X-46.233 Y28.932 E6209.94243
G0 F7200 X-46.799 Y28.932
G1 F900 X-67.444 Y8.287 E6211.34386
G0 F7200 X-67.444 Y8.853
G1 F900 X-47.365 Y28.932 E6212.70686
G0 F7200 X-47.931 Y28.932
G1 F900 X-67.444 Y9.419 E6214.03145
G0 F7200 X-67.444 Y9.984
G1 F900 X-48.496 Y28.932 E6215.31768
G0 F7200 X-49.062 Y28.932
G1 F900 X-67.444 Y10.55 E6216.56549
G0 F7200 X-67.444 Y11.116
G1 F900 X-49.628 Y28.932 E6217.77488
G0 F7200 X-50.193 Y28.932
G1 F900 X-67.444 Y11.681 E6218.94592
G0 F7200 X-67.444 Y12.247
G1 F900 X-50.759 Y28.932 E6220.07854
G0 F7200 X-51.325 Y28.932
G1 F900 X-67.444 Y12.813 E6221.17273
G0 F7200 X-67.444 Y13.378
G1 F900 X-51.89 Y28.932 E6222.22857
G0 F7200 X-52.456 Y28.932
G1 F900 X-67.444 Y13.944 E6223.24599
G0 F7200 X-67.444 Y14.51
G1 F900 X-53.022 Y28.932 E6224.22499
G0 F7200 X-53.587 Y28.932
G1 F900 X-67.444 Y15.076 E6225.1656
G0 F7200 X-67.444 Y15.641
G1 F900 X-54.153 Y28.932 E6226.06782
G0 F7200 X-54.719 Y28.932
G1 F900 X-67.444 Y16.207 E6226.93162
G0 F7200 X-67.444 Y16.773
G1 F900 X-55.284 Y28.932 E6227.75704
G0 F7200 X-55.85 Y28.932
G1 F900 X-67.444 Y17.338 E6228.54406
G0 F7200 X-67.444 Y17.904
G1 F900 X-56.416 Y28.932 E6229.29267
G0 F7200 X-56.981 Y28.932
G1 F900 X-67.444 Y18.47 E6230.00289
G0 F7200 X-67.444 Y19.035
G1 F900 X-57.547 Y28.932 E6230.67472
G0 F7200 X-58.113 Y28.932
G1 F900 X-67.444 Y19.601 E6231.30813
G0 F7200 X-67.444 Y20.167
G1 F900 X-58.679 Y28.932 E6231.90312
G0 F7200 X-59.244 Y28.932
G1 F900 X-67.444 Y20.732 E6232.45975
G0 F7200 X-67.444 Y21.298
G1 F900 X-59.81 Y28.932 E6232.97796
G0 F7200 X-60.376 Y28.932
G1 F900 X-67.444 Y21.864 E6233.45775
G0 F7200 X-67.444 Y22.429
G1 F900 X-60.941 Y28.932 E6233.89919
G0 F7200 X-61.507 Y28.932
G1 F900 X-67.444 Y22.995 E6234.30221
G0 F7200 X-67.444 Y23.561
G1 F900 X-62.073 Y28.932 E6234.66681
G0 F7200 X-62.638 Y28.932
G1 F900 X-67.444 Y24.126 E6234.99305
G0 F7200 X-67.444 Y24.692
G1 F900 X-63.204 Y28.932 E6235.28087
G0 F7200 X-63.77 Y28.932
G1 F900 X-67.444 Y25.258 E6235.53027
G0 F7200 X-67.444 Y25.824
G1 F900 X-64.335 Y28.932 E6235.74128
G0 F7200 X-64.901 Y28.932
G1 F900 X-67.444 Y26.389 E6235.9139
G0 F7200 X-67.444 Y26.955
G1 F900 X-65.467 Y28.932 E6236.04811
G0 F7200 X-66.032 Y28.932
G1 F900 X-67.444 Y27.521 E6236.14392
G0 F7200 X-67.444 Y28.086
G1 F900 X-66.598 Y28.932 E6236.20135
G0 F7200 X-67.164 Y28.932
G1 F900 X-67.444 Y28.652 E6236.22036
G0 F7200 X-38.031 Y-30.748
G1 F900 X-7.764 Y-.481 E6238.27495
G0 F7200 X-7.764 Y-1.047
G1 F900 X-37.465 Y-30.748 E6240.29112
G0 F7200 X-36.9 Y-30.748
G1 F900 X-7.764 Y-1.612 E6242.26894
G0 F7200 X-7.764 Y-2.178
G1 F900 X-36.334 Y-30.748 E6244.20833
G0 F7200 X-35.768 Y-30.748
G1 F900 X-7.764 Y-2.744 E6246.10931
G0 F7200 X-7.764 Y-3.309
G1 F900 X-35.203 Y-30.748 E6247.97193
G0 F7200 X-34.637 Y-30.748
G1 F900 X-7.764 Y-3.875 E6249.79613
G0 F7200 X-7.764 Y-4.441
G1 F900 X-34.071 Y-30.748 E6251.58191
G0 F7200 X-33.506 Y-30.748
G1 F900 X-7.764 Y-5.006 E6253.32933
G0 F7200 X-7.764 Y-5.572
G1 F900 X-32.94 Y-30.748 E6255.03834
G0 F7200 X-32.374 Y-30.748
G1 F900 X-7.764 Y-6.138 E6256.70892
G0 F7200 X-7.764 Y-6.703
G1 F900 X-31.808 Y-30.748 E6258.34111
G0 F7200 X-31.243 Y-30.748
G1 F900 X-7.764 Y-7.269 E6259.93492
G0 F7200 X-7.764 Y-7.835
G1 F900 X-30.677 Y-30.748 E6261.49031
G0 F7200 X-30.111 Y-30.748
G1 F900 X-7.764 Y-8.4 E6263.00731
G0 F7200 X-7.764 Y-8.966
G1 F900 X-29.546 Y-30.748 E6264.48592
G0 F7200 X-28.98 Y-30.748
G1 F900 X-7.764 Y-9.532 E6265.92611
G0 F7200 X-7.764 Y-10.097
G1 F900 X-28.414 Y-30.748 E6267.32791
G0 F7200 X-27.849 Y-30.748
G1 F900 X-7.764 Y-10.663 E6268.69132
G0 F7200 X-7.764 Y-11.229
G1 F900 X-27.283 Y-30.748 E6270.01632
G0 F7200 X-26.717 Y-30.748
G1 F900 X-7.764 Y-11.795 E6271.30289
G0 F7200 X-7.764 Y-12.36
G1 F900 X-26.152 Y-30.748 E6272.55111
G0 F7200 X-25.586 Y-30.748
G1 F900 X-7.764 Y-12.926 E6273.76091
G0 F7200 X-7.764 Y-13.492
G1 F900 X-25.02 Y-30.748 E6274.93228
G0 F7200 X-24.455 Y-30.748
G1 F900 X-7.764 Y-14.057 E6276.06531
G0 F7200 X-7.764 Y-14.623
G1 F900 X-23.889 Y-30.748 E6277.15991
G0 F7200 X-23.323 Y-30.748
G1 F900 X-7.764 Y-15.189 E6278.21609
G0 F7200 X-7.764 Y-15.754
G1 F900 X-22.758 Y-30.748 E6279.23391
G0 F7200 X-22.192 Y-30.748
G1 F900 X-7.764 Y-16.32 E6280.21332
G0 F7200 X-7.764 Y-16.886
G1 F900 X-21.626 Y-30.748 E6281.1543
G0 F7200 X-21.06 Y-30.748
G1 F900 X-7.764 Y-17.451 E6282.0569
G0 F7200 X-7.764 Y-18.017
G1 F900 X-20.495 Y-30.748 E6282.92111
G0 F7200 X-19.929 Y-30.748
G1 F900 X-7.764 Y-18.583 E6283.74689
G0 F7200 X-7.764 Y-19.148
G1 F900 X-19.363 Y-30.748 E6284.5343
G0 F7200 X-18.798 Y-30.748
G1 F900 X-7.764 Y-19.714 E6285.28331
G0 F7200 X-7.764 Y-20.28
G1 F900 X-18.232 Y-30.748 E6285.9939
G0 F7200 X-17.666 Y-30.748
G1 F900 X-7.764 Y-20.846 E6286.66607
G0 F7200 X-7.764 Y-21.411
G1 F900 X-17.101 Y-30.748 E6287.29989
G0 F7200 X-16.535 Y-30.748
G1 F900 X-7.764 Y-21.977 E6287.89528
G0 F7200 X-7.764 Y-22.543
G1 F900 X-15.969 Y-30.748 E6288.45226
G0 F7200 X-15.404 Y-30.748
G1 F900 X-7.764 Y-23.108 E6288.97088
G0 F7200 X-7.764 Y-23.674
G1 F900 X-14.838 Y-30.748 E6289.45107
G0 F7200 X-14.272 Y-30.748
G1 F900 X-7.764 Y-24.24 E6289.89285
G0 F7200 X-7.764 Y-24.805
G1 F900 X-13.707 Y-30.748 E6290.29628
G0 F7200 X-13.141 Y-30.748
G1 F900 X-7.764 Y-25.371 E6290.66128
G0 F7200 X-7.764 Y-25.937
G1 F900 X-12.575 Y-30.748 E6290.98786
G0 F7200 X-12.01 Y-30.748
G1 F900 X-7.764 Y-26.502 E6291.27609
G0 F7200 X-7.764 Y-27.068
G1 F900 X-11.444 Y-30.748 E6291.5259
G0 F7200 X-10.878 Y-30.748
G1 F900 X-7.764 Y-27.634 E6291.73728
G0 F7200 X-7.764 Y-28.199
G1 F900 X-10.312 Y-30.748 E6291.91028
G0 F7200 X-9.747 Y-30.748
G1 F900 X-7.764 Y-28.765 E6292.04489
G0 F7200 X-7.764 Y-29.331
G1 F900 X-9.181 Y-30.748 E6292.14108
G0 F7200 X-8.615 Y-30.748
G1 F900 X-7.764 Y-29.896 E6292.19888
G0 F7200 X-7.764 Y-30.462
G1 F900 X-8.05 Y-30.748 E6292.21829
G0 F7200 X-7.687 Y29.012
G0 X-7.404 Y29.292
;TYPE:WALL-INNER
G1 F3600 X-7.404 Y-31.108 E6297.05029
G1 X-67.804 Y-31.108 E6301.88229
G1 X-67.804 Y29.292 E6306.71429
G1 X-7.404 Y29.292 E6311.54629
G0 F7200 X-7.004 Y29.692
;TYPE:WALL-OUTER
G1 F1800 X-7.004 Y-31.508 E6316.44229
G1 X-68.204 Y-31.508 E6321.33829
G1 X-68.204 Y29.692 E6326.23429
G1 X-7.004 Y29.692 E6331.13029
G0 F7200 X-7.004 Y29.492
G0 X-8.017 Y28.8
G10
;MESH:base carc vincha prueba 1.stl
G0 X-7.231 Y29.468
G0 X-6.142 Y29.468
G0 X6.727 Y29.468
G0 X7.822 Y29.468
G0 X8.154 Y29.843
;TYPE:FILL
G11
G1 F3600 X8.857 Y29.14 E6331.20983
G1 X8.927 Y29.07
G0 F7200 X8.482 Y29.07
G0 X15.581 Y29.516
G0 X15.581 Y29.364
G1 F3600 X16.06 Y29.843 E6331.26402
G0 F7200 X16.06 Y29.696
G0 X19.467 Y29.696
G0 X19.467 Y29.843
G1 F3600 X19.947 Y29.364 E6331.31827
G0 F7200 X19.947 Y29.516
G0 X26.895 Y29.516
G0 X26.895 Y29.364
G1 F3600 X27.374 Y29.843 E6331.37246
G0 F7200 X27.374 Y29.696
G0 X30.781 Y29.696
G0 X30.781 Y29.843
G1 F3600 X31.26 Y29.364 E6331.42666
G0 F7200 X31.26 Y29.516
G0 X38.209 Y29.516
G0 X38.209 Y29.364
G1 F3600 X38.687 Y29.843 E6331.48079
G0 F7200 X38.687 Y29.696
G0 X42.095 Y29.696
G0 X42.095 Y29.843
G1 F3600 X42.574 Y29.364 E6331.53499
G0 F7200 X42.574 Y29.516
G0 X49.522 Y29.516
G0 X49.522 Y29.364
G1 F3600 X50.001 Y29.843 E6331.58918
G0 F7200 X50.001 Y29.696
G0 X53.408 Y29.696
G0 X53.408 Y29.843
G1 F3600 X53.888 Y29.364 E6331.64343
G0 F7200 X53.888 Y29.516
G0 X60.836 Y29.516
G0 X60.836 Y29.364
G1 F3600 X61.315 Y29.843 E6331.69762
G0 F7200 X61.315 Y29.696
G0 X64.722 Y29.696
G0 X64.722 Y29.843
G1 F3600 X65.202 Y29.364 E6331.75187
G0 F7200 X65.202 Y29.516
G0 X72.23 Y29.444
G0 X71.927 Y29.141
G1 F3600 X72.628 Y29.843 E6331.83124
G1 X72.698 Y29.913
G0 F7200 X72.512 Y29.726
G0 X72.302 Y22.414
G0 X72.152 Y22.414
G1 F3600 X72.632 Y21.934 E6331.88554
G0 F7200 X72.482 Y21.934
G0 X72.482 Y18.533
G0 X72.632 Y18.533
G1 F3600 X72.152 Y18.052 E6331.9399
G0 F7200 X72.302 Y18.052
G0 X72.302 Y11.1
G0 X72.152 Y11.1
G1 F3600 X72.632 Y10.62 E6331.99421
G0 F7200 X72.482 Y10.62
G0 X72.482 Y7.219
G0 X72.632 Y7.219
G1 F3600 X72.152 Y6.739 E6332.04852
G0 F7200 X72.302 Y6.739
G0 X72.302 Y-.214
G0 X72.152 Y-.214
G1 F3600 X72.632 Y-.694 E6332.10282
G0 F7200 X72.482 Y-.694
G0 X72.482 Y-4.095
G0 X72.632 Y-4.095
G1 F3600 X72.152 Y-4.575 E6332.15713
G0 F7200 X72.302 Y-4.575
G0 X72.302 Y-11.527
G0 X72.152 Y-11.527
G1 F3600 X72.632 Y-12.007 E6332.21143
G0 F7200 X72.482 Y-12.007
G0 X72.482 Y-15.409
G0 X72.632 Y-15.409
G1 F3600 X72.152 Y-15.889 E6332.26574
G0 F7200 X72.302 Y-15.889
G0 X72.302 Y-22.841
G0 X72.152 Y-22.841
G1 F3600 X72.632 Y-23.321 E6332.32004
G0 F7200 X72.482 Y-23.321
G0 X72.482 Y-26.722
G0 X72.632 Y-26.722
G1 F3600 X72.152 Y-27.202 E6332.37435
G0 F7200 X72.302 Y-27.202
G0 X72.23 Y-34.232
G0 X71.925 Y-33.928
G1 F3600 X72.629 Y-34.632 E6332.454
G1 X72.699 Y-34.702
G0 F7200 X72.512 Y-34.514
G0 X65.202 Y-34.304
G0 X65.202 Y-34.152
G1 F3600 X64.723 Y-34.631 E6332.50819
G0 F7200 X64.723 Y-34.484
G0 X61.315 Y-34.484
G0 X61.315 Y-34.632
G1 F3600 X60.835 Y-34.152 E6332.5625
G0 F7200 X60.835 Y-34.304
G0 X53.889 Y-34.304
G0 X53.889 Y-34.152
G1 F3600 X53.409 Y-34.631 E6332.61675
G0 F7200 X53.409 Y-34.484
G0 X50.002 Y-34.484
G0 X50.002 Y-34.632
G1 F3600 X49.522 Y-34.152 E6332.67105
G0 F7200 X49.522 Y-34.304
G0 X42.575 Y-34.304
G0 X42.575 Y-34.152
G1 F3600 X42.095 Y-34.631 E6332.7253
G0 F7200 X42.095 Y-34.484
G0 X38.688 Y-34.484
G0 X38.688 Y-34.632
G1 F3600 X38.208 Y-34.152 E6332.77961
G0 F7200 X38.208 Y-34.304
G0 X31.261 Y-34.304
G0 X31.261 Y-34.152
G1 F3600 X30.782 Y-34.631 E6332.8338
G0 F7200 X30.782 Y-34.484
G0 X27.374 Y-34.484
G0 X27.374 Y-34.632
G1 F3600 X26.894 Y-34.152 E6332.88811
G0 F7200 X26.894 Y-34.304
G0 X19.947 Y-34.304
G0 X19.947 Y-34.152
G1 F3600 X19.468 Y-34.631 E6332.9423
G0 F7200 X19.468 Y-34.484
G0 X16.061 Y-34.484
G0 X16.061 Y-34.632
G1 F3600 X15.58 Y-34.152 E6332.99666
G0 F7200 X15.58 Y-34.304
G0 X8.554 Y-34.232
G0 X8.857 Y-33.929
G1 F3600 X8.154 Y-34.631 E6333.07614
G1 X8.084 Y-34.701
G0 F7200 X8.272 Y-34.514
G0 X8.482 Y-27.204
G0 X8.632 Y-27.204
G1 F3600 X8.153 Y-26.724 E6333.13039
G0 F7200 X8.302 Y-26.724
G0 X8.302 Y-23.319
G0 X8.153 Y-23.319
G1 F3600 X8.632 Y-22.84 E6333.18458
G0 F7200 X8.482 Y-22.84
G0 X8.482 Y-15.89
G0 X8.632 Y-15.89
G1 F3600 X8.153 Y-15.411 E6333.23877
G0 F7200 X8.302 Y-15.411
G0 X8.302 Y-12.005
G0 X8.153 Y-12.005
G1 F3600 X8.632 Y-11.526 E6333.29297
G0 F7200 X8.482 Y-11.526
G0 X8.482 Y-4.576
G0 X8.632 Y-4.576
G1 F3600 X8.153 Y-4.097 E6333.34716
G0 F7200 X8.302 Y-4.097
G0 X8.302 Y-.692
G0 X8.153 Y-.692
G1 F3600 X8.632 Y-.212 E6333.40141
G0 F7200 X8.482 Y-.212
G0 X8.482 Y6.737
G0 X8.632 Y6.737
G1 F3600 X8.153 Y7.217 E6333.45566
G0 F7200 X8.302 Y7.217
G0 X8.302 Y10.622
G0 X8.153 Y10.622
G1 F3600 X8.632 Y11.102 E6333.50991
G0 F7200 X8.482 Y11.102
G0 X8.482 Y18.051
G0 X8.632 Y18.051
G1 F3600 X8.153 Y18.53 E6333.5641
G0 F7200 X8.302 Y18.53
G0 X8.302 Y21.936
G0 X8.153 Y21.936
G1 F3600 X8.632 Y22.415 E6333.61829
G0 F7200 X8.482 Y22.415
G0 X8.554 Y29.444
G0 X72.23 Y29.444
G0 X71.816 Y29.028
;TYPE:WALL-INNER
G1 F3600 X71.481 Y29.204 E6333.64857
G1 X9.392 Y29.204 E6338.61569
G1 X8.967 Y29.029 E6338.65246
G1 X8.792 Y28.693 E6338.68276
G1 X8.792 Y-33.392 E6343.64956
G1 X8.967 Y-33.817 E6343.68633
G1 X9.303 Y-33.992 E6343.71664
G1 X71.392 Y-33.992 E6348.68376
G1 X71.816 Y-33.816 E6348.72049
G1 X71.992 Y-33.392 E6348.75721
G1 X71.992 Y28.693 E6353.72401
G1 X71.816 Y29.028 E6353.75429
G0 F7200 X72.302 Y29.028
G0 X72.792 Y30.004
G1 F3600 X72.792 Y-34.792 E6358.93797
G1 X7.993 Y-34.791 E6364.12189
G1 X7.993 Y30.003 E6369.30541
G1 X72.792 Y30.004 E6374.48933
G0 F7200 X73.192 Y30.404
;TYPE:WALL-OUTER
G1 F1800 X73.192 Y-35.192 E6379.73701
G1 X7.593 Y-35.191 E6384.98493
G1 X7.593 Y30.403 E6390.23245
G1 X73.192 Y30.404 E6395.48037
G0 F7200 X73.192 Y30.204
G0 X72.512 Y29.726
G0 X72.302 Y28.639
G0 X71.59 Y28.639
G1 F1800 X71.534 Y28.746 E6395.49003
G1 X71.427 Y28.802 E6395.49969
G1 X9.392 Y28.804 E6400.46249
G1 X9.25 Y28.746 E6400.47476
G1 X9.194 Y28.639 E6400.48442
G1 X9.192 Y-33.392 E6405.4469
G1 X9.25 Y-33.534 E6405.45917
G1 X9.357 Y-33.59 E6405.46883
G1 X71.392 Y-33.592 E6410.43163
G1 X71.534 Y-33.534 E6410.4439
G1 X71.592 Y-33.392 E6410.45618
G1 X71.59 Y28.639 E6415.41866
G0 F7200 X71.534 Y28.746
G0 X71.465 Y28.782
G10
;MESH:NONMESH
G0 F600 Z4.3
G0 F7200 X72.302 Y28.782
G0 X15.242 Y29.044
G0 X7.822 Y29.012
G0 X6.727 Y29.012
G0 X-6.142 Y29.012
G0 X-7.237 Y29.012
G0 X-7.404 Y29.292
;TIME_ELAPSED:6650.629606
;LAYER:20
;TYPE:WALL-INNER
;MESH:tapacarcvincha prueba 1.stl
G11
G1 F3600 X-7.404 Y-31.108 E6420.25066
G1 X-67.804 Y-31.108 E6425.08266
G1 X-67.804 Y29.292 E6429.91466
G1 X-7.404 Y29.292 E6434.74666
G0 F7200 X-7.004 Y29.692
;TYPE:WALL-OUTER
G1 F1800 X-7.004 Y-31.508 E6439.64266
G1 X-68.204 Y-31.508 E6444.53866
G1 X-68.204 Y29.692 E6449.43466
G1 X-7.004 Y29.692 E6454.33066
G0 F7200 X-7.004 Y29.492
G0 X-7.784 Y28.912
;TYPE:SKIN
G1 F1800 X-67.424 Y28.912 E6459.10186
G1 X-67.424 Y-30.728 E6463.87306
G1 X-7.784 Y-30.728 E6468.64426
G1 X-7.784 Y28.912 E6473.41546
G0 F7200 X-8.466 Y-30.528
G1 F1800 X-7.984 Y-30.046 E6473.46999
G0 F7200 X-7.984 Y-29.48
G1 F1800 X-9.032 Y-30.528 E6473.58856
G0 F7200 X-9.598 Y-30.528
G1 F1800 X-7.984 Y-28.914 E6473.77116
G0 F7200 X-7.984 Y-28.349
G1 F1800 X-10.163 Y-30.528 E6474.01768
G0 F7200 X-10.729 Y-30.528
G1 F1800 X-7.984 Y-27.783 E6474.32825
G0 F7200 X-7.984 Y-27.217
G1 F1800 X-11.295 Y-30.528 E6474.70284
G0 F7200 X-11.86 Y-30.528
G1 F1800 X-7.984 Y-26.652 E6475.14136
G0 F7200 X-7.984 Y-26.086
G1 F1800 X-12.426 Y-30.528 E6475.64392
G0 F7200 X-12.992 Y-30.528
G1 F1800 X-7.984 Y-25.52 E6476.21051
G0 F7200 X-7.984 Y-24.955
G1 F1800 X-13.557 Y-30.528 E6476.84102
G0 F7200 X-14.123 Y-30.528
G1 F1800 X-7.984 Y-24.389 E6477.53557
G0 F7200 X-7.984 Y-23.823
G1 F1800 X-14.689 Y-30.528 E6478.29415
G0 F7200 X-15.254 Y-30.528
G1 F1800 X-7.984 Y-23.257 E6479.11672
G0 F7200 X-7.984 Y-22.692
G1 F1800 X-15.82 Y-30.528 E6480.00326
G0 F7200 X-16.386 Y-30.528
G1 F1800 X-7.984 Y-22.126 E6480.95384
G0 F7200 X-7.984 Y-21.56
G1 F1800 X-16.951 Y-30.528 E6481.96839
G0 F7200 X-17.517 Y-30.528
G1 F1800 X-7.984 Y-20.995 E6483.04693
G0 F7200 X-7.984 Y-20.429
G1 F1800 X-18.083 Y-30.528 E6484.1895
G0 F7200 X-18.649 Y-30.528
G1 F1800 X-7.984 Y-19.863 E6485.39611
G0 F7200 X-7.984 Y-19.298
G1 F1800 X-19.214 Y-30.528 E6486.66664
G0 F7200 X-19.78 Y-30.528
G1 F1800 X-7.984 Y-18.732 E6488.0012
G0 F7200 X-7.984 Y-18.166
G1 F1800 X-20.346 Y-30.528 E6489.3998
G0 F7200 X-20.911 Y-30.528
G1 F1800 X-7.984 Y-17.601 E6490.86233
G0 F7200 X-7.984 Y-17.035
G1 F1800 X-21.477 Y-30.528 E6492.38888
G0 F7200 X-22.043 Y-30.528
G1 F1800 X-7.984 Y-16.469 E6493.97948
G0 F7200 X-7.984 Y-15.904
G1 F1800 X-22.608 Y-30.528 E6495.634
G0 F7200 X-23.174 Y-30.528
G1 F1800 X-7.984 Y-15.338 E6497.35255
G0 F7200 X-7.984 Y-14.772
G1 F1800 X-23.74 Y-30.528 E6499.13514
G0 F7200 X-24.305 Y-30.528
G1 F1800 X-7.984 Y-14.206 E6500.9817
G0 F7200 X-7.984 Y-13.641
G1 F1800 X-24.871 Y-30.528 E6502.89225
G0 F7200 X-25.437 Y-30.528
G1 F1800 X-7.984 Y-13.075 E6504.86683
G0 F7200 X-7.984 Y-12.509
G1 F1800 X-26.002 Y-30.528 E6506.90539
G0 F7200 X-26.568 Y-30.528
G1 F1800 X-7.984 Y-11.944 E6509.00793
G0 F7200 X-7.984 Y-11.378
G1 F1800 X-27.134 Y-30.528 E6511.17451
G0 F7200 X-27.699 Y-30.528
G1 F1800 X-7.984 Y-10.812 E6513.40506
G0 F7200 X-7.984 Y-10.247
G1 F1800 X-28.265 Y-30.528 E6515.69959
G0 F7200 X-28.831 Y-30.528
G1 F1800 X-7.984 Y-9.681 E6518.05816
G0 F7200 X-7.984 Y-9.115
G1 F1800 X-29.397 Y-30.528 E6520.48077
G0 F7200 X-29.962 Y-30.528
G1 F1800 X-7.984 Y-8.55 E6522.96729
G0 F7200 X-7.984 Y-7.984
G1 F1800 X-30.528 Y-30.528 E6525.51786
G0 F7200 X-31.094 Y-30.528
G1 F1800 X-7.984 Y-7.418 E6528.13245
G0 F7200 X-7.984 Y-6.853
G1 F1800 X-31.659 Y-30.528 E6530.81097
G0 F7200 X-32.225 Y-30.528
G1 F1800 X-7.984 Y-6.287 E6533.55353
G0 F7200 X-7.984 Y-5.721
G1 F1800 X-32.791 Y-30.528 E6536.36012
G0 F7200 X-33.356 Y-30.528
G1 F1800 X-7.984 Y-5.156 E6539.23064
G0 F7200 X-7.984 Y-4.59
G1 F1800 X-33.922 Y-30.528 E6542.16519
G0 F7200 X-34.488 Y-30.528
G1 F1800 X-7.984 Y-4.024 E6545.16377
G0 F7200 X-7.984 Y-3.458
G1 F1800 X-35.053 Y-30.528 E6548.22634
G0 F7200 X-35.619 Y-30.528
G1 F1800 X-7.984 Y-2.893 E6551.35288
G0 F7200 X-7.984 Y-2.327
G1 F1800 X-36.185 Y-30.528 E6554.54346
G0 F7200 X-36.75 Y-30.528
G1 F1800 X-7.984 Y-1.761 E6557.79802
G0 F7200 X-7.984 Y-1.196
G1 F1800 X-37.316 Y-30.528 E6561.11655
G0 F7200 X-37.882 Y-30.528
G1 F1800 X-7.984 Y-.63 E6564.49912
G0 F7200 X-7.984 Y-0.064
G1 F1800 X-38.448 Y-30.528 E6567.94573
G0 F7200 X-39.013 Y-30.528
G1 F1800 X-7.984 Y0.501 E6571.45626
G0 F7200 X-7.984 Y1.067
G1 F1800 X-39.579 Y-30.528 E6575.03083
G0 F7200 X-40.145 Y-30.528
G1 F1800 X-7.984 Y1.633 E6578.66943
G0 F7200 X-7.984 Y2.198
G1 F1800 X-40.71 Y-30.528 E6582.37196
G0 F7200 X-41.276 Y-30.528
G1 F1800 X-7.984 Y2.764 E6586.13852
G0 F7200 X-7.984 Y3.33
G1 F1800 X-41.842 Y-30.528 E6589.96911
G0 F7200 X-42.407 Y-30.528
G1 F1800 X-7.984 Y3.895 E6593.86363
G0 F7200 X-7.984 Y4.461
G1 F1800 X-42.973 Y-30.528 E6597.82218
G0 F7200 X-43.539 Y-30.528
G1 F1800 X-7.984 Y5.027 E6601.84477
G0 F7200 X-7.984 Y5.593
G1 F1800 X-44.104 Y-30.528 E6605.93134
G0 F7200 X-44.67 Y-30.528
G1 F1800 X-7.984 Y6.158 E6610.08189
G0 F7200 X-7.984 Y6.724
G1 F1800 X-45.236 Y-30.528 E6614.29647
G0 F7200 X-45.801 Y-30.528
G1 F1800 X-7.984 Y7.29 E6618.57503
G0 F7200 X-7.984 Y7.855
G1 F1800 X-46.367 Y-30.528 E6622.91757
G0 F7200 X-46.933 Y-30.528
G1 F1800 X-7.984 Y8.421 E6627.32415
G0 F7200 X-7.984 Y8.987
G1 F1800 X-47.498 Y-30.528 E6631.7947
G0 F7200 X-48.064 Y-30.528
G1 F1800 X-7.984 Y9.552 E6636.32924
G0 F7200 X-7.984 Y10.118
G1 F1800 X-48.63 Y-30.528 E6640.92781
G0 F7200 X-49.196 Y-30.528
G1 F1800 X-7.984 Y10.684 E6645.59041
G0 F7200 X-7.984 Y11.249
G1 F1800 X-49.761 Y-30.528 E6650.31694
G0 F7200 X-50.327 Y-30.528
G1 F1800 X-7.984 Y11.815 E6655.1075
G0 F7200 X-7.984 Y12.381
G1 F1800 X-50.893 Y-30.528 E6659.9621
G0 F7200 X-51.458 Y-30.528
G1 F1800 X-7.984 Y12.946 E6664.88063
G0 F7200 X-7.984 Y13.512
G1 F1800 X-52.024 Y-30.528 E6669.86318
G0 F7200 X-52.59 Y-30.528
G1 F1800 X-7.984 Y14.078 E6674.90978
G0 F7200 X-7.984 Y14.643
G1 F1800 X-53.155 Y-30.528 E6680.02029
G0 F7200 X-53.721 Y-30.528
G1 F1800 X-7.984 Y15.209 E6685.19484
G0 F7200 X-7.984 Y15.775
G1 F1800 X-54.287 Y-30.528 E6690.43343
G0 F7200 X-54.852 Y-30.528
G1 F1800 X-7.984 Y16.341 E6695.73599
G0 F7200 X-7.984 Y16.906
G1 F1800 X-55.418 Y-30.528 E6701.10254
G0 F7200 X-55.984 Y-30.528
G1 F1800 X-7.984 Y17.472 E6706.53312
G0 F7200 X-7.984 Y18.038
G1 F1800 X-56.549 Y-30.528 E6712.02768
G0 F7200 X-57.115 Y-30.528
G1 F1800 X-7.984 Y18.603 E6717.58622
G0 F7200 X-7.984 Y19.169
G1 F1800 X-57.681 Y-30.528 E6723.20879
G0 F7200 X-58.247 Y-30.528
G1 F1800 X-7.984 Y19.735 E6728.8954
G0 F7200 X-7.984 Y20.3
G1 F1800 X-58.812 Y-30.528 E6734.64593
G0 F7200 X-59.378 Y-30.528
G1 F1800 X-7.984 Y20.866 E6740.4605
G0 F7200 X-7.984 Y21.432
G1 F1800 X-59.944 Y-30.528 E6746.3391
G0 F7200 X-60.509 Y-30.528
G1 F1800 X-7.984 Y21.997 E6752.28163
G0 F7200 X-7.984 Y22.563
G1 F1800 X-61.075 Y-30.528 E6758.28819
G0 F7200 X-61.641 Y-30.528
G1 F1800 X-7.984 Y23.129 E6764.35878
G0 F7200 X-7.984 Y23.694
G1 F1800 X-62.206 Y-30.528 E6770.4933
G0 F7200 X-62.772 Y-30.528
G1 F1800 X-7.984 Y24.26 E6776.69186
G0 F7200 X-7.984 Y24.826
G1 F1800 X-63.338 Y-30.528 E6782.95445
G0 F7200 X-63.903 Y-30.528
G1 F1800 X-7.984 Y25.391 E6789.28096
G0 F7200 X-7.984 Y25.957
G1 F1800 X-64.469 Y-30.528 E6795.67151
G0 F7200 X-65.035 Y-30.528
G1 F1800 X-7.984 Y26.523 E6802.12609
G0 F7200 X-7.984 Y27.089
G1 F1800 X-65.6 Y-30.528 E6808.64466
G0 F7200 X-66.166 Y-30.528
G1 F1800 X-7.984 Y27.654 E6815.2272
G0 F7200 X-7.984 Y28.22
G1 F1800 X-66.732 Y-30.528 E6821.87377
G0 F7200 X-67.224 Y-30.454
G1 F1800 X-8.057 Y28.712 E6828.5677
G0 F7200 X-8.623 Y28.712
G1 F1800 X-67.224 Y-29.889 E6835.19765
G0 F7200 X-67.224 Y-29.323
G1 F1800 X-9.189 Y28.712 E6841.76356
G0 F7200 X-9.755 Y28.712
G1 F1800 X-67.224 Y-28.757 E6848.26543
G0 F7200 X-67.224 Y-28.192
G1 F1800 X-10.32 Y28.712 E6854.70338
G0 F7200 X-10.886 Y28.712
G1 F1800 X-67.224 Y-27.626 E6861.0773
G0 F7200 X-67.224 Y-27.06
G1 F1800 X-11.452 Y28.712 E6867.38718
G0 F7200 X-12.017 Y28.712
G1 F1800 X-67.224 Y-26.495 E6873.63314
G0 F7200 X-67.224 Y-25.929
G1 F1800 X-12.583 Y28.712 E6879.81507
G0 F7200 X-13.149 Y28.712
G1 F1800 X-67.224 Y-25.363 E6885.93295
G0 F7200 X-67.224 Y-24.798
G1 F1800 X-13.714 Y28.712 E6891.98692
G0 F7200 X-14.28 Y28.712
G1 F1800 X-67.224 Y-24.232 E6897.97685
G0 F7200 X-67.224 Y-23.666
G1 F1800 X-14.846 Y28.712 E6903.90274
G0 F7200 X-15.411 Y28.712
G1 F1800 X-67.224 Y-23.1 E6909.76466
G0 F7200 X-67.224 Y-22.535
G1 F1800 X-15.977 Y28.712 E6915.56259
G0 F7200 X-16.543 Y28.712
G1 F1800 X-67.224 Y-21.969 E6921.2965
G0 F7200 X-67.224 Y-21.403
G1 F1800 X-17.108 Y28.712 E6926.96642
G0 F7200 X-17.674 Y28.712
G1 F1800 X-67.224 Y-20.838 E6932.57236
G0 F7200 X-67.224 Y-20.272
G1 F1800 X-18.24 Y28.712 E6938.11427
G0 F7200 X-18.806 Y28.712
G1 F1800 X-67.224 Y-19.706 E6943.59214
G0 F7200 X-67.224 Y-19.141
G1 F1800 X-19.371 Y28.712 E6949.00609
G0 F7200 X-19.937 Y28.712
G1 F1800 X-67.224 Y-18.575 E6954.356
G0 F7200 X-67.224 Y-18.009
G1 F1800 X-20.503 Y28.712 E6959.64188
G0 F7200 X-21.068 Y28.712
G1 F1800 X-67.224 Y-17.444 E6964.86383
G0 F7200 X-67.224 Y-16.878
G1 F1800 X-21.634 Y28.712 E6970.02175
G0 F7200 X-22.2 Y28.712
G1 F1800 X-67.224 Y-16.312 E6975.11564
G0 F7200 X-67.224 Y-15.747
G1 F1800 X-22.765 Y28.712 E6980.1456
G0 F7200 X-23.331 Y28.712
G1 F1800 X-67.224 Y-15.181 E6985.11152
G0 F7200 X-67.224 Y-14.615
G1 F1800 X-23.897 Y28.712 E6990.01341
G0 F7200 X-24.462 Y28.712
G1 F1800 X-67.224 Y-14.05 E6994.85138
G0 F7200 X-67.224 Y-13.484
G1 F1800 X-25.028 Y28.712 E6999.62532
G0 F7200 X-25.594 Y28.712
G1 F1800 X-67.224 Y-12.918 E7004.33521
G0 F7200 X-67.224 Y-12.352
G1 F1800 X-26.159 Y28.712 E7008.98113
G0 F7200 X-26.725 Y28.712
G1 F1800 X-67.224 Y-11.787 E7013.56307
G0 F7200 X-67.224 Y-11.221
G1 F1800 X-27.291 Y28.712 E7018.08097
G0 F7200 X-27.856 Y28.712
G1 F1800 X-67.224 Y-10.655 E7022.5349
G0 F7200 X-67.224 Y-10.09
G1 F1800 X-28.422 Y28.712 E7026.92484
G0 F7200 X-28.988 Y28.712
G1 F1800 X-67.224 Y-9.524 E7031.25075
G0 F7200 X-67.224 Y-8.958
G1 F1800 X-29.554 Y28.712 E7035.51263
G0 F7200 X-30.119 Y28.712
G1 F1800 X-67.224 Y-8.393 E7039.71058
G0 F7200 X-67.224 Y-7.827
G1 F1800 X-30.685 Y28.712 E7043.84449
G0 F7200 X-31.251 Y28.712
G1 F1800 X-67.224 Y-7.261 E7047.91437
G0 F7200 X-67.224 Y-6.696
G1 F1800 X-31.816 Y28.712 E7051.92033
G0 F7200 X-32.382 Y28.712
G1 F1800 X-67.224 Y-6.13 E7055.86225
G0 F7200 X-67.224 Y-5.564
G1 F1800 X-32.948 Y28.712 E7059.74014
G0 F7200 X-33.513 Y28.712
G1 F1800 X-67.224 Y-4.999 E7063.5541
G0 F7200 X-67.224 Y-4.433
G1 F1800 X-34.079 Y28.712 E7067.30403
G0 F7200 X-34.645 Y28.712
G1 F1800 X-67.224 Y-3.867 E7070.98993
G0 F7200 X-67.224 Y-3.301
G1 F1800 X-35.21 Y28.712 E7074.61184
G0 F7200 X-35.776 Y28.712
G1 F1800 X-67.224 Y-2.736 E7078.16977
G0 F7200 X-67.224 Y-2.17
G1 F1800 X-36.342 Y28.712 E7081.66367
G0 F7200 X-36.907 Y28.712
G1 F1800 X-67.224 Y-1.604 E7085.09359
G0 F7200 X-67.224 Y-1.039
G1 F1800 X-37.473 Y28.712 E7088.45954
G0 F7200 X-38.039 Y28.712
G1 F1800 X-67.224 Y-.473 E7091.76144
G0 F7200 X-67.224 Y0.093
G1 F1800 X-38.604 Y28.712 E7094.99937
G0 F7200 X-39.17 Y28.712
G1 F1800 X-67.224 Y0.658 E7098.17332
G0 F7200 X-67.224 Y1.224
G1 F1800 X-39.736 Y28.712 E7101.28323
G0 F7200 X-40.302 Y28.712
G1 F1800 X-67.224 Y1.79 E7104.32911
G0 F7200 X-67.224 Y2.355
G1 F1800 X-40.867 Y28.712 E7107.31106
G0 F7200 X-41.433 Y28.712
G1 F1800 X-67.224 Y2.921 E7110.22898
G0 F7200 X-67.224 Y3.487
G1 F1800 X-41.999 Y28.712 E7113.08286
G0 F7200 X-42.564 Y28.712
G1 F1800 X-67.224 Y4.052 E7115.87282
G0 F7200 X-67.224 Y4.618
G1 F1800 X-43.13 Y28.712 E7118.59875
G0 F7200 X-43.696 Y28.712
G1 F1800 X-67.224 Y5.184 E7121.26064
G0 F7200 X-67.224 Y5.749
G1 F1800 X-44.261 Y28.712 E7123.8586
G0 F7200 X-44.827 Y28.712
G1 F1800 X-67.224 Y6.315 E7126.39253
G0 F7200 X-67.224 Y6.881
G1 F1800 X-45.393 Y28.712 E7128.86243
G0 F7200 X-45.958 Y28.712
G1 F1800 X-67.224 Y7.447 E7131.26835
G0 F7200 X-67.224 Y8.012
G1 F1800 X-46.524 Y28.712 E7133.61028
G0 F7200 X-47.09 Y28.712
G1 F1800 X-67.224 Y8.578 E7135.88819
G0 F7200 X-67.224 Y9.144
G1 F1800 X-47.655 Y28.712 E7138.10211
G0 F7200 X-48.221 Y28.712
G1 F1800 X-67.224 Y9.709 E7140.25205
G0 F7200 X-67.224 Y10.275
G1 F1800 X-48.787 Y28.712 E7142.33796
G0 F7200 X-49.353 Y28.712
G1 F1800 X-67.224 Y10.841 E7144.35983
G0 F7200 X-67.224 Y11.406
G1 F1800 X-49.918 Y28.712 E7146.31778
G0 F7200 X-50.484 Y28.712
G1 F1800 X-67.224 Y11.972 E7148.2117
G0 F7200 X-67.224 Y12.538
G1 F1800 X-51.05 Y28.712 E7150.04158
G0 F7200 X-51.615 Y28.712
G1 F1800 X-67.224 Y13.103 E7151.80754
G0 F7200 X-67.224 Y13.669
G1 F1800 X-52.181 Y28.712 E7153.50946
G0 F7200 X-52.747 Y28.712
G1 F1800 X-67.224 Y14.235 E7155.14734
G0 F7200 X-67.224 Y14.8
G1 F1800 X-53.312 Y28.712 E7156.72131
G0 F7200 X-53.878 Y28.712
G1 F1800 X-67.224 Y15.366 E7158.23123
G0 F7200 X-67.224 Y15.932
G1 F1800 X-54.444 Y28.712 E7159.67713
G0 F7200 X-55.009 Y28.712
G1 F1800 X-67.224 Y16.498 E7161.05904
G0 F7200 X-67.224 Y17.063
G1 F1800 X-55.575 Y28.712 E7162.37697
G0 F7200 X-56.141 Y28.712
G1 F1800 X-67.224 Y17.629 E7163.63087
G0 F7200 X-67.224 Y18.195
G1 F1800 X-56.706 Y28.712 E7164.82079
G0 F7200 X-57.272 Y28.712
G1 F1800 X-67.224 Y18.76 E7165.94673
G0 F7200 X-67.224 Y19.326
G1 F1800 X-57.838 Y28.712 E7167.00863
G0 F7200 X-58.403 Y28.712
G1 F1800 X-67.224 Y19.892 E7168.00656
G0 F7200 X-67.224 Y20.457
G1 F1800 X-58.969 Y28.712 E7168.94051
G0 F7200 X-59.535 Y28.712
G1 F1800 X-67.224 Y21.023 E7169.81042
G0 F7200 X-67.224 Y21.589
G1 F1800 X-60.101 Y28.712 E7170.61629
G0 F7200 X-60.666 Y28.712
G1 F1800 X-67.224 Y22.154 E7171.35825
G0 F7200 X-67.224 Y22.72
G1 F1800 X-61.232 Y28.712 E7172.03616
G0 F7200 X-61.798 Y28.712
G1 F1800 X-67.224 Y23.286 E7172.65005
G0 F7200 X-67.224 Y23.851
G1 F1800 X-62.363 Y28.712 E7173.2
G0 F7200 X-62.929 Y28.712
G1 F1800 X-67.224 Y24.417 E7173.68593
G0 F7200 X-67.224 Y24.983
G1 F1800 X-63.495 Y28.712 E7174.10782
G0 F7200 X-64.06 Y28.712
G1 F1800 X-67.224 Y25.548 E7174.46578
G0 F7200 X-67.224 Y26.114
G1 F1800 X-64.626 Y28.712 E7174.75971
G0 F7200 X-65.192 Y28.712
G1 F1800 X-67.224 Y26.68 E7174.98961
G0 F7200 X-67.224 Y27.246
G1 F1800 X-65.757 Y28.712 E7175.15552
G0 F7200 X-66.323 Y28.712
G1 F1800 X-67.224 Y27.811 E7175.25746
G0 F7200 X-67.224 Y28.377
G1 F1800 X-66.889 Y28.712 E7175.29536
G0 F7200 X-66.889 Y28.682
G10
;MESH:base carc vincha prueba 1.stl
G0 X-7.231 Y29.468
G0 X-6.142 Y29.468
G0 X6.727 Y29.468
G0 X7.822 Y29.468
G0 X8.154 Y29.843
;TYPE:FILL
G11
G1 F3600 X8.857 Y29.14 E7175.3749
G1 X8.927 Y29.07
G0 F7200 X8.482 Y29.07
G0 X15.581 Y29.516
G0 X15.581 Y29.364
G1 F3600 X16.06 Y29.843 E7175.42909
G0 F7200 X16.06 Y29.696
G0 X19.467 Y29.696
G0 X19.467 Y29.843
G1 F3600 X19.947 Y29.364 E7175.48334
G0 F7200 X19.947 Y29.516
G0 X26.895 Y29.516
G0 X26.895 Y29.364
G1 F3600 X27.374 Y29.843 E7175.53753
G0 F7200 X27.374 Y29.696
G0 X30.781 Y29.696
G0 X30.781 Y29.843
G1 F3600 X31.26 Y29.364 E7175.59172
G0 F7200 X31.26 Y29.516
G0 X38.209 Y29.516
G0 X38.209 Y29.364
G1 F3600 X38.687 Y29.843 E7175.64586
G0 F7200 X38.687 Y29.696
G0 X42.095 Y29.696
G0 X42.095 Y29.843
G1 F3600 X42.574 Y29.364 E7175.70005
G0 F7200 X42.574 Y29.516
G0 X49.522 Y29.516
G0 X49.522 Y29.364
G1 F3600 X50.001 Y29.843 E7175.75424
G0 F7200 X50.001 Y29.696
G0 X53.408 Y29.696
G0 X53.408 Y29.843
G1 F3600 X53.888 Y29.364 E7175.80849
G0 F7200 X53.888 Y29.516
G0 X60.836 Y29.516
G0 X60.836 Y29.364
G1 F3600 X61.315 Y29.843 E7175.86269
G0 F7200 X61.315 Y29.696
G0 X64.722 Y29.696
G0 X64.722 Y29.843
G1 F3600 X65.202 Y29.364 E7175.91694
G0 F7200 X65.202 Y29.516
G0 X72.23 Y29.444
G0 X71.927 Y29.141
G1 F3600 X72.628 Y29.843 E7175.9963
G1 X72.698 Y29.913
G0 F7200 X72.512 Y29.726
G0 X72.302 Y22.414
G0 X72.152 Y22.414
G1 F3600 X72.632 Y21.934 E7176.05061
G0 F7200 X72.482 Y21.934
G0 X72.482 Y18.533
G0 X72.632 Y18.533
G1 F3600 X72.152 Y18.052 E7176.10497
G0 F7200 X72.302 Y18.052
G0 X72.302 Y11.1
G0 X72.152 Y11.1
G1 F3600 X72.632 Y10.62 E7176.15928
G0 F7200 X72.482 Y10.62
G0 X72.482 Y7.219
G0 X72.632 Y7.219
G1 F3600 X72.152 Y6.739 E7176.21358
G0 F7200 X72.302 Y6.739
G0 X72.302 Y-.214
G0 X72.152 Y-.214
G1 F3600 X72.632 Y-.694 E7176.26789
G0 F7200 X72.482 Y-.694
G0 X72.482 Y-4.095
G0 X72.632 Y-4.095
G1 F3600 X72.152 Y-4.575 E7176.32219
G0 F7200 X72.302 Y-4.575
G0 X72.302 Y-11.527
G0 X72.152 Y-11.527
G1 F3600 X72.632 Y-12.007 E7176.3765
G0 F7200 X72.482 Y-12.007
G0 X72.482 Y-15.409
G0 X72.632 Y-15.409
G1 F3600 X72.152 Y-15.889 E7176.4308
G0 F7200 X72.302 Y-15.889
G0 X72.302 Y-22.841
G0 X72.152 Y-22.841
G1 F3600 X72.632 Y-23.321 E7176.48511
G0 F7200 X72.482 Y-23.321
G0 X72.482 Y-26.722
G0 X72.632 Y-26.722
G1 F3600 X72.152 Y-27.202 E7176.53942
G0 F7200 X72.302 Y-27.202
G0 X72.23 Y-34.232
G0 X71.925 Y-33.928
G1 F3600 X72.629 Y-34.632 E7176.61906
G1 X72.699 Y-34.702
G0 F7200 X72.512 Y-34.514
G0 X65.202 Y-34.304
G0 X65.202 Y-34.152
G1 F3600 X64.723 Y-34.631 E7176.67326
G0 F7200 X64.723 Y-34.484
G0 X61.315 Y-34.484
G0 X61.315 Y-34.632
G1 F3600 X60.835 Y-34.152 E7176.72756
G0 F7200 X60.835 Y-34.304
G0 X53.889 Y-34.304
G0 X53.889 Y-34.152
G1 F3600 X53.409 Y-34.631 E7176.78181
G0 F7200 X53.409 Y-34.484
G0 X50.002 Y-34.484
G0 X50.002 Y-34.632
G1 F3600 X49.522 Y-34.152 E7176.83612
G0 F7200 X49.522 Y-34.304
G0 X42.575 Y-34.304
G0 X42.575 Y-34.152
G1 F3600 X42.095 Y-34.631 E7176.89037
G0 F7200 X42.095 Y-34.484
G0 X38.688 Y-34.484
G0 X38.688 Y-34.632
G1 F3600 X38.208 Y-34.152 E7176.94467
G0 F7200 X38.208 Y-34.304
G0 X31.261 Y-34.304
G0 X31.261 Y-34.152
G1 F3600 X30.782 Y-34.631 E7176.99887
G0 F7200 X30.782 Y-34.484
G0 X27.374 Y-34.484
G0 X27.374 Y-34.632
G1 F3600 X26.894 Y-34.152 E7177.05317
G0 F7200 X26.894 Y-34.304
G0 X19.947 Y-34.304
G0 X19.947 Y-34.152
G1 F3600 X19.468 Y-34.631 E7177.10736
G0 F7200 X19.468 Y-34.484
G0 X16.061 Y-34.484
G0 X16.061 Y-34.632
G1 F3600 X15.58 Y-34.152 E7177.16173
G0 F7200 X15.58 Y-34.304
G0 X8.554 Y-34.232
G0 X8.857 Y-33.929
G1 F3600 X8.154 Y-34.631 E7177.24121
G1 X8.084 Y-34.701
G0 F7200 X8.272 Y-34.514
G0 X8.482 Y-27.204
G0 X8.632 Y-27.204
G1 F3600 X8.153 Y-26.724 E7177.29545
G0 F7200 X8.302 Y-26.724
G0 X8.302 Y-23.319
G0 X8.153 Y-23.319
G1 F3600 X8.632 Y-22.84 E7177.34965
G0 F7200 X8.482 Y-22.84
G0 X8.482 Y-15.89
G0 X8.632 Y-15.89
G1 F3600 X8.153 Y-15.411 E7177.40384
G0 F7200 X8.302 Y-15.411
G0 X8.302 Y-12.005
G0 X8.153 Y-12.005
G1 F3600 X8.632 Y-11.526 E7177.45803
G0 F7200 X8.482 Y-11.526
G0 X8.482 Y-4.576
G0 X8.632 Y-4.576
G1 F3600 X8.153 Y-4.097 E7177.51223
G0 F7200 X8.302 Y-4.097
G0 X8.302 Y-.692
G0 X8.153 Y-.692
G1 F3600 X8.632 Y-.212 E7177.56647
G0 F7200 X8.482 Y-.212
G0 X8.482 Y6.737
G0 X8.632 Y6.737
G1 F3600 X8.153 Y7.217 E7177.62072
G0 F7200 X8.302 Y7.217
G0 X8.302 Y10.622
G0 X8.153 Y10.622
G1 F3600 X8.632 Y11.102 E7177.67497
G0 F7200 X8.482 Y11.102
G0 X8.482 Y18.051
G0 X8.632 Y18.051
G1 F3600 X8.153 Y18.53 E7177.72917
G0 F7200 X8.302 Y18.53
G0 X8.302 Y21.936
G0 X8.153 Y21.936
G1 F3600 X8.632 Y22.415 E7177.78336
G0 F7200 X8.482 Y22.415
G0 X8.554 Y29.444
G0 X72.23 Y29.444
G0 X71.816 Y29.028
;TYPE:WALL-INNER
G1 F3600 X71.481 Y29.204 E7177.81363
G1 X9.392 Y29.204 E7182.78075
G1 X8.967 Y29.029 E7182.81752
G1 X8.792 Y28.693 E7182.84783
G1 X8.792 Y-33.392 E7187.81463
G1 X8.967 Y-33.817 E7187.8514
G1 X9.303 Y-33.992 E7187.88171
G1 X71.392 Y-33.992 E7192.84883
G1 X71.816 Y-33.816 E7192.88555
G1 X71.992 Y-33.392 E7192.92228
G1 X71.992 Y28.693 E7197.88908
G1 X71.816 Y29.028 E7197.91935
G0 F7200 X72.302 Y29.028
G0 X72.792 Y30.004
G1 F3600 X72.792 Y-34.792 E7203.10303
G1 X7.993 Y-34.791 E7208.28695
G1 X7.993 Y30.003 E7213.47047
G1 X72.792 Y30.004 E7218.65439
G0 F7200 X73.192 Y30.404
;TYPE:WALL-OUTER
G1 F1800 X73.192 Y-35.192 E7223.90207
G1 X7.593 Y-35.191 E7229.14999
G1 X7.593 Y30.403 E7234.39751
G1 X73.192 Y30.404 E7239.64543
G0 F7200 X73.192 Y30.204
G0 X72.512 Y29.726
G0 X72.302 Y28.639
G0 X71.59 Y28.639
G1 F1800 X71.534 Y28.746 E7239.65509
G1 X71.427 Y28.802 E7239.66475
G1 X9.392 Y28.804 E7244.62755
G1 X9.25 Y28.746 E7244.63983
G1 X9.194 Y28.639 E7244.64949
G1 X9.192 Y-33.392 E7249.61197
G1 X9.25 Y-33.534 E7249.62424
G1 X9.357 Y-33.59 E7249.6339
G1 X71.392 Y-33.592 E7254.5967
G1 X71.534 Y-33.534 E7254.60897
G1 X71.592 Y-33.392 E7254.62124
G1 X71.59 Y28.639 E7259.58372
G0 F7200 X71.534 Y28.746
G0 X71.465 Y28.782
G10
;MESH:NONMESH
G0 F600 Z4.5
G0 F7200 X72.302 Y28.782
G0 X15.242 Y29.044
G0 X7.822 Y29.012
G0 X6.727 Y29.012
G0 X-6.142 Y29.012
G0 X-7.237 Y29.012
G0 X-7.404 Y29.292
;TIME_ELAPSED:7001.364617
;LAYER:21
;TYPE:WALL-INNER
;MESH:tapacarcvincha prueba 1.stl
G11
G1 F3600 X-7.404 Y-31.108 E7264.41572
G1 X-67.804 Y-31.108 E7269.24772
G1 X-67.804 Y29.292 E7274.07972
G1 X-7.404 Y29.292 E7278.91172
G0 F7200 X-7.004 Y29.692
;TYPE:WALL-OUTER
G1 F1800 X-7.004 Y-31.508 E7283.80772
G1 X-68.204 Y-31.508 E7288.70372
G1 X-68.204 Y29.692 E7293.59972
G1 X-7.004 Y29.692 E7298.49572
G0 F7200 X-7.004 Y29.492
G0 X-7.784 Y28.912
;TYPE:SKIN
G1 F1800 X-67.424 Y28.912 E7303.26692
G1 X-67.424 Y-30.728 E7308.03812
G1 X-7.784 Y-30.728 E7312.80932
G1 X-7.784 Y28.912 E7317.58052
G0 F7200 X-8.347 Y28.712
G1 F1800 X-7.984 Y28.349 E7317.62159
G0 F7200 X-7.984 Y27.783
G1 F1800 X-8.913 Y28.712 E7317.72669
G0 F7200 X-9.479 Y28.712
G1 F1800 X-7.984 Y27.217 E7317.89583
G0 F7200 X-7.984 Y26.652
G1 F1800 X-10.044 Y28.712 E7318.1289
G0 F7200 X-10.61 Y28.712
G1 F1800 X-7.984 Y26.086 E7318.426
G0 F7200 X-7.984 Y25.52
G1 F1800 X-11.176 Y28.712 E7318.78713
G0 F7200 X-11.742 Y28.712
G1 F1800 X-7.984 Y24.955 E7319.21224
G0 F7200 X-7.984 Y24.389
G1 F1800 X-12.307 Y28.712 E7319.70133
G0 F7200 X-12.873 Y28.712
G1 F1800 X-7.984 Y23.823 E7320.25446
G0 F7200 X-7.984 Y23.257
G1 F1800 X-13.439 Y28.712 E7320.87162
G0 F7200 X-14.004 Y28.712
G1 F1800 X-7.984 Y22.692 E7321.55271
G0 F7200 X-7.984 Y22.126
G1 F1800 X-14.57 Y28.712 E7322.29783
G0 F7200 X-15.136 Y28.712
G1 F1800 X-7.984 Y21.56 E7323.10699
G0 F7200 X-7.984 Y20.995
G1 F1800 X-15.701 Y28.712 E7323.98006
G0 F7200 X-16.267 Y28.712
G1 F1800 X-7.984 Y20.429 E7324.91718
G0 F7200 X-7.984 Y19.863
G1 F1800 X-16.833 Y28.712 E7325.91833
G0 F7200 X-17.398 Y28.712
G1 F1800 X-7.984 Y19.298 E7326.9834
G0 F7200 X-7.984 Y18.732
G1 F1800 X-17.964 Y28.712 E7328.11251
G0 F7200 X-18.53 Y28.712
G1 F1800 X-7.984 Y18.166 E7329.30565
G0 F7200 X-7.984 Y17.601
G1 F1800 X-19.095 Y28.712 E7330.56272
G0 F7200 X-19.661 Y28.712
G1 F1800 X-7.984 Y17.035 E7331.88382
G0 F7200 X-7.984 Y16.469
G1 F1800 X-20.227 Y28.712 E7333.26896
G0 F7200 X-20.792 Y28.712
G1 F1800 X-7.984 Y15.904 E7334.71802
G0 F7200 X-7.984 Y15.338
G1 F1800 X-21.358 Y28.712 E7336.23111
G0 F7200 X-21.924 Y28.712
G1 F1800 X-7.984 Y14.772 E7337.80824
G0 F7200 X-7.984 Y14.206
G1 F1800 X-22.49 Y28.712 E7339.44941
G0 F7200 X-23.055 Y28.712
G1 F1800 X-7.984 Y13.641 E7341.1545
G0 F7200 X-7.984 Y13.075
G1 F1800 X-23.621 Y28.712 E7342.92362
G0 F7200 X-24.187 Y28.712
G1 F1800 X-7.984 Y12.509 E7344.75678
G0 F7200 X-7.984 Y11.944
G1 F1800 X-24.752 Y28.712 E7346.65387
G0 F7200 X-25.318 Y28.712
G1 F1800 X-7.984 Y11.378 E7348.61499
G0 F7200 X-7.984 Y10.812
G1 F1800 X-25.884 Y28.712 E7350.64014
G0 F7200 X-26.449 Y28.712
G1 F1800 X-7.984 Y10.247 E7352.72922
G0 F7200 X-7.984 Y9.681
G1 F1800 X-27.015 Y28.712 E7354.88233
G0 F7200 X-27.581 Y28.712
G1 F1800 X-7.984 Y9.115 E7357.09948
G0 F7200 X-7.984 Y8.55
G1 F1800 X-28.146 Y28.712 E7359.38055
G0 F7200 X-28.712 Y28.712
G1 F1800 X-7.984 Y7.984 E7361.72565
G0 F7200 X-7.984 Y7.418
G1 F1800 X-29.278 Y28.712 E7364.13479
G0 F7200 X-29.843 Y28.712
G1 F1800 X-7.984 Y6.853 E7366.60786
G0 F7200 X-7.984 Y6.287
G1 F1800 X-30.409 Y28.712 E7369.14495
G0 F7200 X-30.975 Y28.712
G1 F1800 X-7.984 Y5.721 E7371.74609
G0 F7200 X-7.984 Y5.156
G1 F1800 X-31.54 Y28.712 E7374.41115
G0 F7200 X-32.106 Y28.712
G1 F1800 X-7.984 Y4.59 E7377.14024
G0 F7200 X-7.984 Y4.024
G1 F1800 X-32.672 Y28.712 E7379.93337
G0 F7200 X-33.238 Y28.712
G1 F1800 X-7.984 Y3.458 E7382.79053
G0 F7200 X-7.984 Y2.893
G1 F1800 X-33.803 Y28.712 E7385.71162
G0 F7200 X-34.369 Y28.712
G1 F1800 X-7.984 Y2.327 E7388.69674
G0 F7200 X-7.984 Y1.761
G1 F1800 X-34.935 Y28.712 E7391.7459
G0 F7200 X-35.5 Y28.712
G1 F1800 X-7.984 Y1.196 E7394.85898
G0 F7200 X-7.984 Y0.63
G1 F1800 X-36.066 Y28.712 E7398.03609
G0 F7200 X-36.632 Y28.712
G1 F1800 X-7.984 Y0.064 E7401.27724
G0 F7200 X-7.984 Y-.501
G1 F1800 X-37.197 Y28.712 E7404.58232
G0 F7200 X-37.763 Y28.712
G1 F1800 X-7.984 Y-1.067 E7407.95143
G0 F7200 X-7.984 Y-1.633
G1 F1800 X-38.329 Y28.712 E7411.38457
G0 F7200 X-38.894 Y28.712
G1 F1800 X-7.984 Y-2.198 E7414.88164
G0 F7200 X-7.984 Y-2.764
G1 F1800 X-39.46 Y28.712 E7418.44274
G0 F7200 X-40.026 Y28.712
G1 F1800 X-7.984 Y-3.33 E7422.06788
G0 F7200 X-7.984 Y-3.895
G1 F1800 X-40.591 Y28.712 E7425.75694
G0 F7200 X-41.157 Y28.712
G1 F1800 X-7.984 Y-4.461 E7429.51004
G0 F7200 X-7.984 Y-5.027
G1 F1800 X-41.723 Y28.712 E7433.32717
G0 F7200 X-42.289 Y28.712
G1 F1800 X-7.984 Y-5.593 E7437.20834
G0 F7200 X-7.984 Y-6.158
G1 F1800 X-42.854 Y28.712 E7441.15343
G0 F7200 X-43.42 Y28.712
G1 F1800 X-7.984 Y-6.724 E7445.16255
G0 F7200 X-7.984 Y-7.29
G1 F1800 X-43.986 Y28.712 E7449.23572
G0 F7200 X-44.551 Y28.712
G1 F1800 X-7.984 Y-7.855 E7453.3728
G0 F7200 X-7.984 Y-8.421
G1 F1800 X-45.117 Y28.712 E7457.57392
G0 F7200 X-45.683 Y28.712
G1 F1800 X-7.984 Y-8.987 E7461.83907
G0 F7200 X-7.984 Y-9.552
G1 F1800 X-46.248 Y28.712 E7466.16815
G0 F7200 X-46.814 Y28.712
G1 F1800 X-7.984 Y-10.118 E7470.56126
G0 F7200 X-7.984 Y-10.684
G1 F1800 X-47.38 Y28.712 E7475.01841
G0 F7200 X-47.945 Y28.712
G1 F1800 X-7.984 Y-11.249 E7479.53948
G0 F7200 X-7.984 Y-11.815
G1 F1800 X-48.511 Y28.712 E7484.12459
G0 F7200 X-49.077 Y28.712
G1 F1800 X-7.984 Y-12.381 E7488.77373
G0 F7200 X-7.984 Y-12.946
G1 F1800 X-49.642 Y28.712 E7493.4868
G0 F7200 X-50.208 Y28.712
G1 F1800 X-7.984 Y-13.512 E7498.2639
G0 F7200 X-7.984 Y-14.078
G1 F1800 X-50.774 Y28.712 E7503.10503
G0 F7200 X-51.339 Y28.712
G1 F1800 X-7.984 Y-14.643 E7508.01009
G0 F7200 X-7.984 Y-15.209
G1 F1800 X-51.905 Y28.712 E7512.97919
G0 F7200 X-52.471 Y28.712
G1 F1800 X-7.984 Y-15.775 E7518.01231
G0 F7200 X-7.984 Y-16.341
G1 F1800 X-53.037 Y28.712 E7523.10948
G0 F7200 X-53.602 Y28.712
G1 F1800 X-7.984 Y-16.906 E7528.27057
G0 F7200 X-7.984 Y-17.472
G1 F1800 X-54.168 Y28.712 E7533.49569
G0 F7200 X-54.734 Y28.712
G1 F1800 X-7.984 Y-18.038 E7538.78485
G0 F7200 X-7.984 Y-18.603
G1 F1800 X-55.299 Y28.712 E7544.13793
G0 F7200 X-55.865 Y28.712
G1 F1800 X-7.984 Y-19.169 E7549.55505
G0 F7200 X-7.984 Y-19.735
G1 F1800 X-56.431 Y28.712 E7555.0362
G0 F7200 X-56.996 Y28.712
G1 F1800 X-7.984 Y-20.3 E7560.58127
G0 F7200 X-7.984 Y-20.866
G1 F1800 X-57.562 Y28.712 E7566.19038
G0 F7200 X-58.128 Y28.712
G1 F1800 X-7.984 Y-21.432 E7571.86353
G0 F7200 X-7.984 Y-21.997
G1 F1800 X-58.693 Y28.712 E7577.6006
G0 F7200 X-59.259 Y28.712
G1 F1800 X-7.984 Y-22.563 E7583.4017
G0 F7200 X-7.984 Y-23.129
G1 F1800 X-59.825 Y28.712 E7589.26684
G0 F7200 X-60.39 Y28.712
G1 F1800 X-7.984 Y-23.694 E7595.1959
G0 F7200 X-7.984 Y-24.26
G1 F1800 X-60.956 Y28.712 E7601.189
G0 F7200 X-61.522 Y28.712
G1 F1800 X-7.984 Y-24.826 E7607.24614
G0 F7200 X-7.984 Y-25.391
G1 F1800 X-62.088 Y28.712 E7613.36725
G0 F7200 X-62.653 Y28.712
G1 F1800 X-7.984 Y-25.957 E7619.55234
G0 F7200 X-7.984 Y-26.523
G1 F1800 X-63.219 Y28.712 E7625.80147
G0 F7200 X-63.785 Y28.712
G1 F1800 X-7.984 Y-27.089 E7632.11463
G0 F7200 X-7.984 Y-27.654
G1 F1800 X-64.35 Y28.712 E7638.49171
G0 F7200 X-64.916 Y28.712
G1 F1800 X-7.984 Y-28.22 E7644.93283
G0 F7200 X-7.984 Y-28.786
G1 F1800 X-65.482 Y28.712 E7651.43799
G0 F7200 X-66.047 Y28.712
G1 F1800 X-7.984 Y-29.351 E7658.00707
G0 F7200 X-7.984 Y-29.917
G1 F1800 X-66.613 Y28.712 E7664.64018
G0 F7200 X-67.179 Y28.712
G1 F1800 X-7.984 Y-30.483 E7671.33733
G0 F7200 X-8.504 Y-30.528
G1 F1800 X-67.224 Y28.192 E7677.98074
G0 F7200 X-67.224 Y27.626
G1 F1800 X-9.07 Y-30.528 E7684.56012
G0 F7200 X-9.636 Y-30.528
G1 F1800 X-67.224 Y27.06 E7691.07545
G0 F7200 X-67.224 Y26.495
G1 F1800 X-10.201 Y-30.528 E7697.52687
G0 F7200 X-10.767 Y-30.528
G1 F1800 X-67.224 Y25.929 E7703.91425
G0 F7200 X-67.224 Y25.363
G1 F1800 X-11.333 Y-30.528 E7710.2376
G0 F7200 X-11.898 Y-30.528
G1 F1800 X-67.224 Y24.798 E7716.49702
G0 F7200 X-67.224 Y24.232
G1 F1800 X-12.464 Y-30.528 E7722.69241
G0 F7200 X-13.03 Y-30.528
G1 F1800 X-67.224 Y23.666 E7728.82376
G0 F7200 X-67.224 Y23.1
G1 F1800 X-13.596 Y-30.528 E7734.89107
G0 F7200 X-14.161 Y-30.528
G1 F1800 X-67.224 Y22.535 E7740.89447
G0 F7200 X-67.224 Y21.969
G1 F1800 X-14.727 Y-30.528 E7746.83382
G0 F7200 X-15.293 Y-30.528
G1 F1800 X-67.224 Y21.403 E7752.70914
G0 F7200 X-67.224 Y20.838
G1 F1800 X-15.858 Y-30.528 E7758.52054
G0 F7200 X-16.424 Y-30.528
G1 F1800 X-67.224 Y20.272 E7764.26791
G0 F7200 X-67.224 Y19.706
G1 F1800 X-16.99 Y-30.528 E7769.95124
G0 F7200 X-17.555 Y-30.528
G1 F1800 X-67.224 Y19.141 E7775.57064
G0 F7200 X-67.224 Y18.575
G1 F1800 X-18.121 Y-30.528 E7781.12601
G0 F7200 X-18.687 Y-30.528
G1 F1800 X-67.224 Y18.009 E7786.61735
G0 F7200 X-67.224 Y17.444
G1 F1800 X-19.252 Y-30.528 E7792.04476
G0 F7200 X-19.818 Y-30.528
G1 F1800 X-67.224 Y16.878 E7797.40814
G0 F7200 X-67.224 Y16.312
G1 F1800 X-20.384 Y-30.528 E7802.70748
G0 F7200 X-20.949 Y-30.528
G1 F1800 X-67.224 Y15.747 E7807.9429
G0 F7200 X-67.224 Y15.181
G1 F1800 X-21.515 Y-30.528 E7813.11428
G0 F7200 X-22.081 Y-30.528
G1 F1800 X-67.224 Y14.615 E7818.22163
G0 F7200 X-67.224 Y14.05
G1 F1800 X-22.647 Y-30.528 E7823.26499
G0 F7200 X-23.212 Y-30.528
G1 F1800 X-67.224 Y13.484 E7828.24438
G0 F7200 X-67.224 Y12.918
G1 F1800 X-23.778 Y-30.528 E7833.15974
G0 F7200 X-24.344 Y-30.528
G1 F1800 X-67.224 Y12.352 E7838.01106
G0 F7200 X-67.224 Y11.787
G1 F1800 X-24.909 Y-30.528 E7842.79845
G0 F7200 X-25.475 Y-30.528
G1 F1800 X-67.224 Y11.221 E7847.52181
G0 F7200 X-67.224 Y10.655
G1 F1800 X-26.041 Y-30.528 E7852.18114
G0 F7200 X-26.606 Y-30.528
G1 F1800 X-67.224 Y10.09 E7856.77654
G0 F7200 X-67.224 Y9.524
G1 F1800 X-27.172 Y-30.528 E7861.30791
G0 F7200 X-27.738 Y-30.528
G1 F1800 X-67.224 Y8.958 E7865.77524
G0 F7200 X-67.224 Y8.393
G1 F1800 X-28.303 Y-30.528 E7870.17864
G0 F7200 X-28.869 Y-30.528
G1 F1800 X-67.224 Y7.827 E7874.51802
G0 F7200 X-67.224 Y7.261
G1 F1800 X-29.435 Y-30.528 E7878.79335
G0 F7200 X-30 Y-30.528
G1 F1800 X-67.224 Y6.696 E7883.00477
G0 F7200 X-67.224 Y6.13
G1 F1800 X-30.566 Y-30.528 E7887.15215
G0 F7200 X-31.132 Y-30.528
G1 F1800 X-67.224 Y5.564 E7891.23549
G0 F7200 X-67.224 Y4.999
G1 F1800 X-31.697 Y-30.528 E7895.25491
G0 F7200 X-32.263 Y-30.528
G1 F1800 X-67.224 Y4.433 E7899.2103
G0 F7200 X-67.224 Y3.867
G1 F1800 X-32.829 Y-30.528 E7903.10165
G0 F7200 X-33.395 Y-30.528
G1 F1800 X-67.224 Y3.301 E7906.92896
G0 F7200 X-67.224 Y2.736
G1 F1800 X-33.96 Y-30.528 E7910.69236
G0 F7200 X-34.526 Y-30.528
G1 F1800 X-67.224 Y2.17 E7914.39171
G0 F7200 X-67.224 Y1.604
G1 F1800 X-35.092 Y-30.528 E7918.02703
G0 F7200 X-35.657 Y-30.528
G1 F1800 X-67.224 Y1.039 E7921.59843
G0 F7200 X-67.224 Y0.473
G1 F1800 X-36.223 Y-30.528 E7925.10579
G0 F7200 X-36.789 Y-30.528
G1 F1800 X-67.224 Y-0.093 E7928.54912
G0 F7200 X-67.224 Y-.658
G1 F1800 X-37.354 Y-30.528 E7931.92853
G0 F7200 X-37.92 Y-30.528
G1 F1800 X-67.224 Y-1.224 E7935.2439
G0 F7200 X-67.224 Y-1.79
G1 F1800 X-38.486 Y-30.528 E7938.49523
G0 F7200 X-39.051 Y-30.528
G1 F1800 X-67.224 Y-2.355 E7941.68264
G0 F7200 X-67.224 Y-2.921
G1 F1800 X-39.617 Y-30.528 E7944.80602
G0 F7200 X-40.183 Y-30.528
G1 F1800 X-67.224 Y-3.487 E7947.86536
G0 F7200 X-67.224 Y-4.052
G1 F1800 X-40.748 Y-30.528 E7950.86077
G0 F7200 X-41.314 Y-30.528
G1 F1800 X-67.224 Y-4.618 E7953.79215
G0 F7200 X-67.224 Y-5.184
G1 F1800 X-41.88 Y-30.528 E7956.6595
G0 F7200 X-42.445 Y-30.528
G1 F1800 X-67.224 Y-5.749 E7959.46292
G0 F7200 X-67.224 Y-6.315
G1 F1800 X-43.011 Y-30.528 E7962.20231
G0 F7200 X-43.577 Y-30.528
G1 F1800 X-67.224 Y-6.881 E7964.87767
G0 F7200 X-67.224 Y-7.447
G1 F1800 X-44.143 Y-30.528 E7967.48898
G0 F7200 X-44.708 Y-30.528
G1 F1800 X-67.224 Y-8.012 E7970.03638
G0 F7200 X-67.224 Y-8.578
G1 F1800 X-45.274 Y-30.528 E7972.51974
G0 F7200 X-45.84 Y-30.528
G1 F1800 X-67.224 Y-9.144 E7974.93906
G0 F7200 X-67.224 Y-9.709
G1 F1800 X-46.405 Y-30.528 E7977.29446
G0 F7200 X-46.971 Y-30.528
G1 F1800 X-67.224 Y-10.275 E7979.58583
G0 F7200 X-67.224 Y-10.841
G1 F1800 X-47.537 Y-30.528 E7981.81316
G0 F7200 X-48.102 Y-30.528
G1 F1800 X-67.224 Y-11.406 E7983.97656
G0 F7200 X-67.224 Y-11.972
G1 F1800 X-48.668 Y-30.528 E7986.07594
G0 F7200 X-49.234 Y-30.528
G1 F1800 X-67.224 Y-12.538 E7988.11127
G0 F7200 X-67.224 Y-13.103
G1 F1800 X-49.799 Y-30.528 E7990.08268
G0 F7200 X-50.365 Y-30.528
G1 F1800 X-67.224 Y-13.669 E7991.99006
G0 F7200 X-67.224 Y-14.235
G1 F1800 X-50.931 Y-30.528 E7993.83341
G0 F7200 X-51.496 Y-30.528
G1 F1800 X-67.224 Y-14.8 E7995.61283
G0 F7200 X-67.224 Y-15.366
G1 F1800 X-52.062 Y-30.528 E7997.32821
G0 F7200 X-52.628 Y-30.528
G1 F1800 X-67.224 Y-15.932 E7998.97956
G0 F7200 X-67.224 Y-16.498
G1 F1800 X-53.194 Y-30.528 E8000.56687
G0 F7200 X-53.759 Y-30.528
G1 F1800 X-67.224 Y-17.063 E8002.09026
G0 F7200 X-67.224 Y-17.629
G1 F1800 X-54.325 Y-30.528 E8003.54962
G0 F7200 X-54.891 Y-30.528
G1 F1800 X-67.224 Y-18.195 E8004.94494
G0 F7200 X-67.224 Y-18.76
G1 F1800 X-55.456 Y-30.528 E8006.27634
G0 F7200 X-56.022 Y-30.528
G1 F1800 X-67.224 Y-19.326 E8007.5437
G0 F7200 X-67.224 Y-19.892
G1 F1800 X-56.588 Y-30.528 E8008.74702
G0 F7200 X-57.153 Y-30.528
G1 F1800 X-67.224 Y-20.457 E8009.88643
G0 F7200 X-67.224 Y-21.023
G1 F1800 X-57.719 Y-30.528 E8010.96179
G0 F7200 X-58.285 Y-30.528
G1 F1800 X-67.224 Y-21.589 E8011.97313
G0 F7200 X-67.224 Y-22.154
G1 F1800 X-58.85 Y-30.528 E8012.92054
G0 F7200 X-59.416 Y-30.528
G1 F1800 X-67.224 Y-22.72 E8013.80391
G0 F7200 X-67.224 Y-23.286
G1 F1800 X-59.982 Y-30.528 E8014.62325
G0 F7200 X-60.547 Y-30.528
G1 F1800 X-67.224 Y-23.851 E8015.37867
G0 F7200 X-67.224 Y-24.417
G1 F1800 X-61.113 Y-30.528 E8016.07005
G0 F7200 X-61.679 Y-30.528
G1 F1800 X-67.224 Y-24.983 E8016.69739
G0 F7200 X-67.224 Y-25.548
G1 F1800 X-62.244 Y-30.528 E8017.26081
G0 F7200 X-62.81 Y-30.528
G1 F1800 X-67.224 Y-26.114 E8017.7602
G0 F7200 X-67.224 Y-26.68
G1 F1800 X-63.376 Y-30.528 E8018.19555
G0 F7200 X-63.942 Y-30.528
G1 F1800 X-67.224 Y-27.246 E8018.56687
G0 F7200 X-67.224 Y-27.811
G1 F1800 X-64.507 Y-30.528 E8018.87426
G0 F7200 X-65.073 Y-30.528
G1 F1800 X-67.224 Y-28.377 E8019.11762
G0 F7200 X-67.224 Y-28.943
G1 F1800 X-65.639 Y-30.528 E8019.29694
G0 F7200 X-66.204 Y-30.528
G1 F1800 X-67.224 Y-29.508 E8019.41234
G0 F7200 X-67.224 Y-30.074
G1 F1800 X-66.77 Y-30.528 E8019.46371
G0 F7200 X-66.77 Y-30.498
G10
;MESH:base carc vincha prueba 1.stl
G0 X-7.237 Y-26.724
G0 X-6.142 Y-26.724
G0 X6.727 Y-26.724
G0 X7.822 Y-26.724
G0 X8.153 Y-26.724
;TYPE:FILL
G11
G1 F3600 X8.632 Y-27.204 E8019.51796
G0 F7200 X8.482 Y-27.204
G0 X8.302 Y-23.319
G0 X8.153 Y-23.319
G1 F3600 X8.632 Y-22.84 E8019.57215
G0 F7200 X8.482 Y-22.84
G0 X8.482 Y-15.89
G0 X8.632 Y-15.89
G1 F3600 X8.153 Y-15.411 E8019.62634
G0 F7200 X8.302 Y-15.411
G0 X8.302 Y-12.005
G0 X8.153 Y-12.005
G1 F3600 X8.632 Y-11.526 E8019.68053
G0 F7200 X8.482 Y-11.526
G0 X8.482 Y-4.576
G0 X8.632 Y-4.576
G1 F3600 X8.153 Y-4.097 E8019.73473
G0 F7200 X8.302 Y-4.097
G0 X8.302 Y-.692
G0 X8.153 Y-.692
G1 F3600 X8.632 Y-.212 E8019.78898
G0 F7200 X8.482 Y-.212
G0 X8.482 Y6.737
G0 X8.632 Y6.737
G1 F3600 X8.153 Y7.217 E8019.84323
G0 F7200 X8.302 Y7.217
G0 X8.302 Y10.622
G0 X8.153 Y10.622
G1 F3600 X8.632 Y11.102 E8019.89747
G0 F7200 X8.482 Y11.102
G0 X8.482 Y18.051
G0 X8.632 Y18.051
G1 F3600 X8.153 Y18.53 E8019.95167
G0 F7200 X8.302 Y18.53
G0 X8.302 Y21.936
G0 X8.153 Y21.936
G1 F3600 X8.632 Y22.415 E8020.00586
G0 F7200 X8.482 Y22.415
G0 X8.482 Y29.14
G0 X8.857 Y29.14
G1 F3600 X8.154 Y29.843 E8020.0854
G1 X8.084 Y29.913
G0 F7200 X8.272 Y29.726
G0 X15.581 Y29.516
G0 X15.581 Y29.364
G1 F3600 X16.06 Y29.843 E8020.13959
G0 F7200 X16.06 Y29.696
G0 X19.467 Y29.696
G0 X19.467 Y29.843
G1 F3600 X19.947 Y29.364 E8020.19384
G0 F7200 X19.947 Y29.516
G0 X26.895 Y29.516
G0 X26.895 Y29.364
G1 F3600 X27.374 Y29.843 E8020.24803
G0 F7200 X27.374 Y29.696
G0 X30.781 Y29.696
G0 X30.781 Y29.843
G1 F3600 X31.26 Y29.364 E8020.30222
G0 F7200 X31.26 Y29.516
G0 X38.209 Y29.516
G0 X38.209 Y29.364
G1 F3600 X38.687 Y29.843 E8020.35636
G0 F7200 X38.687 Y29.696
G0 X42.095 Y29.696
G0 X42.095 Y29.843
G1 F3600 X42.574 Y29.364 E8020.41055
G0 F7200 X42.574 Y29.516
G0 X49.522 Y29.516
G0 X49.522 Y29.364
G1 F3600 X50.001 Y29.843 E8020.46474
G0 F7200 X50.001 Y29.696
G0 X53.408 Y29.696
G0 X53.408 Y29.843
G1 F3600 X53.888 Y29.364 E8020.51899
G0 F7200 X53.888 Y29.516
G0 X60.836 Y29.516
G0 X60.836 Y29.364
G1 F3600 X61.315 Y29.843 E8020.57319
G0 F7200 X61.315 Y29.696
G0 X64.722 Y29.696
G0 X64.722 Y29.843
G1 F3600 X65.202 Y29.364 E8020.62744
G0 F7200 X65.202 Y29.516
G0 X72.23 Y29.444
G0 X71.927 Y29.141
G1 F3600 X72.628 Y29.843 E8020.7068
G1 X72.698 Y29.913
G0 F7200 X72.512 Y29.726
G0 X72.302 Y22.414
G0 X72.152 Y22.414
G1 F3600 X72.632 Y21.934 E8020.76111
G0 F7200 X72.482 Y21.934
G0 X72.482 Y18.533
G0 X72.632 Y18.533
G1 F3600 X72.152 Y18.052 E8020.81547
G0 F7200 X72.302 Y18.052
G0 X72.302 Y11.1
G0 X72.152 Y11.1
G1 F3600 X72.632 Y10.62 E8020.86978
G0 F7200 X72.482 Y10.62
G0 X72.482 Y7.219
G0 X72.632 Y7.219
G1 F3600 X72.152 Y6.739 E8020.92408
G0 F7200 X72.302 Y6.739
G0 X72.302 Y-.214
G0 X72.152 Y-.214
G1 F3600 X72.632 Y-.694 E8020.97839
G0 F7200 X72.482 Y-.694
G0 X72.482 Y-4.095
G0 X72.632 Y-4.095
G1 F3600 X72.152 Y-4.575 E8021.03269
G0 F7200 X72.302 Y-4.575
G0 X72.302 Y-11.527
G0 X72.152 Y-11.527
G1 F3600 X72.632 Y-12.007 E8021.087
G0 F7200 X72.482 Y-12.007
G0 X72.482 Y-15.409
G0 X72.632 Y-15.409
G1 F3600 X72.152 Y-15.889 E8021.1413
G0 F7200 X72.302 Y-15.889
G0 X72.302 Y-22.841
G0 X72.152 Y-22.841
G1 F3600 X72.632 Y-23.321 E8021.19561
G0 F7200 X72.482 Y-23.321
G0 X72.482 Y-26.722
G0 X72.632 Y-26.722
G1 F3600 X72.152 Y-27.202 E8021.24992
G0 F7200 X72.302 Y-27.202
G0 X72.23 Y-34.232
G0 X71.925 Y-33.928
G1 F3600 X72.629 Y-34.632 E8021.32956
G1 X72.699 Y-34.702
G0 F7200 X72.512 Y-34.514
G0 X65.202 Y-34.304
G0 X65.202 Y-34.152
G1 F3600 X64.723 Y-34.631 E8021.38376
G0 F7200 X64.723 Y-34.484
G0 X61.315 Y-34.484
G0 X61.315 Y-34.632
G1 F3600 X60.835 Y-34.152 E8021.43806
G0 F7200 X60.835 Y-34.304
G0 X53.889 Y-34.304
G0 X53.889 Y-34.152
G1 F3600 X53.409 Y-34.631 E8021.49231
G0 F7200 X53.409 Y-34.484
G0 X50.002 Y-34.484
G0 X50.002 Y-34.632
G1 F3600 X49.522 Y-34.152 E8021.54662
G0 F7200 X49.522 Y-34.304
G0 X42.575 Y-34.304
G0 X42.575 Y-34.152
G1 F3600 X42.095 Y-34.631 E8021.60087
G0 F7200 X42.095 Y-34.484
G0 X38.688 Y-34.484
G0 X38.688 Y-34.632
G1 F3600 X38.208 Y-34.152 E8021.65517
G0 F7200 X38.208 Y-34.304
G0 X31.261 Y-34.304
G0 X31.261 Y-34.152
G1 F3600 X30.782 Y-34.631 E8021.70937
G0 F7200 X30.782 Y-34.484
G0 X27.374 Y-34.484
G0 X27.374 Y-34.632
G1 F3600 X26.894 Y-34.152 E8021.76367
G0 F7200 X26.894 Y-34.304
G0 X19.947 Y-34.304
G0 X19.947 Y-34.152
G1 F3600 X19.468 Y-34.631 E8021.81786
G0 F7200 X19.468 Y-34.484
G0 X16.061 Y-34.484
G0 X16.061 Y-34.632
G1 F3600 X15.58 Y-34.152 E8021.87223
G0 F7200 X15.58 Y-34.304
G0 X8.554 Y-34.232
G0 X8.857 Y-33.929
G1 F3600 X8.154 Y-34.631 E8021.95171
G1 X8.084 Y-34.701
G0 F7200 X8.272 Y-34.514
G0 X72.23 Y-34.232
G0 X72.302 Y29.028
G0 X71.816 Y29.028
;TYPE:WALL-INNER
G1 F3600 X71.481 Y29.204 E8021.98198
G1 X9.392 Y29.204 E8026.9491
G1 X8.967 Y29.029 E8026.98587
G1 X8.792 Y28.693 E8027.01618
G1 X8.792 Y-33.392 E8031.98298
G1 X8.967 Y-33.817 E8032.01975
G1 X9.303 Y-33.992 E8032.05005
G1 X71.392 Y-33.992 E8037.01717
G1 X71.816 Y-33.816 E8037.0539
G1 X71.992 Y-33.392 E8037.09062
G1 X71.992 Y28.693 E8042.05742
G1 X71.816 Y29.028 E8042.0877
G0 F7200 X72.302 Y29.028
G0 X72.792 Y30.004
G1 F3600 X72.792 Y-34.792 E8047.27138
G1 X7.993 Y-34.791 E8052.4553
G1 X7.993 Y30.003 E8057.63882
G1 X72.792 Y30.004 E8062.82274
G0 F7200 X73.192 Y30.404
;TYPE:WALL-OUTER
G1 F1800 X73.192 Y-35.192 E8068.07042
G1 X7.593 Y-35.191 E8073.31834
G1 X7.593 Y30.403 E8078.56586
G1 X73.192 Y30.404 E8083.81378
G0 F7200 X73.192 Y30.204
G0 X72.512 Y29.726
G0 X72.302 Y28.639
G0 X71.59 Y28.639
G1 F1800 X71.534 Y28.746 E8083.82344
G1 X71.427 Y28.802 E8083.8331
G1 X9.392 Y28.804 E8088.7959
G1 X9.25 Y28.746 E8088.80817
G1 X9.194 Y28.639 E8088.81783
G1 X9.192 Y-33.392 E8093.78031
G1 X9.25 Y-33.534 E8093.79258
G1 X9.357 Y-33.59 E8093.80225
G1 X71.392 Y-33.592 E8098.76505
G1 X71.534 Y-33.534 E8098.77732
G1 X71.592 Y-33.392 E8098.78959
G1 X71.59 Y28.639 E8103.75207
G0 F7200 X71.534 Y28.746
G0 X71.465 Y28.782
G10
;MESH:NONMESH
G0 F600 Z4.7
G0 F7200 X72.302 Y28.782
G0 X15.242 Y29.044
G0 X7.822 Y29.012
G0 X6.727 Y29.012
G0 X-6.142 Y29.012
G0 X-7.237 Y29.012
G0 X-7.404 Y29.292
;TIME_ELAPSED:7352.050786
;LAYER:22
;TYPE:WALL-INNER
;MESH:tapacarcvincha prueba 1.stl
G11
G1 F3600 X-7.404 Y-31.108 E8108.58407
G1 X-67.804 Y-31.108 E8113.41607
G1 X-67.804 Y29.292 E8118.24807
G1 X-7.404 Y29.292 E8123.08007
G0 F7200 X-7.004 Y29.692
;TYPE:WALL-OUTER
G1 F1800 X-7.004 Y-31.508 E8127.97607
G1 X-68.204 Y-31.508 E8132.87207
G1 X-68.204 Y29.692 E8137.76807
G1 X-7.004 Y29.692 E8142.66407
G0 F7200 X-7.004 Y29.492
G0 X-7.784 Y28.912
;TYPE:SKIN
G1 F1800 X-67.424 Y28.912 E8147.43527
G1 X-67.424 Y-30.728 E8152.20647
G1 X-7.784 Y-30.728 E8156.97767
G1 X-7.784 Y28.912 E8161.74887
G0 F7200 X-8.466 Y-30.528
G1 F1800 X-7.984 Y-30.046 E8161.8034
G0 F7200 X-7.984 Y-29.48
G1 F1800 X-9.032 Y-30.528 E8161.92197
G0 F7200 X-9.598 Y-30.528
G1 F1800 X-7.984 Y-28.914 E8162.10457
G0 F7200 X-7.984 Y-28.349
G1 F1800 X-10.163 Y-30.528 E8162.3511
G0 F7200 X-10.729 Y-30.528
G1 F1800 X-7.984 Y-27.783 E8162.66166
G0 F7200 X-7.984 Y-27.217
G1 F1800 X-11.295 Y-30.528 E8163.03626
G0 F7200 X-11.86 Y-30.528
G1 F1800 X-7.984 Y-26.652 E8163.47477
G0 F7200 X-7.984 Y-26.086
G1 F1800 X-12.426 Y-30.528 E8163.97733
G0 F7200 X-12.992 Y-30.528
G1 F1800 X-7.984 Y-25.52 E8164.54392
G0 F7200 X-7.984 Y-24.955
G1 F1800 X-13.557 Y-30.528 E8165.17443
G0 F7200 X-14.123 Y-30.528
G1 F1800 X-7.984 Y-24.389 E8165.86898
G0 F7200 X-7.984 Y-23.823
G1 F1800 X-14.689 Y-30.528 E8166.62757
G0 F7200 X-15.254 Y-30.528
G1 F1800 X-7.984 Y-23.257 E8167.45013
G0 F7200 X-7.984 Y-22.692
G1 F1800 X-15.82 Y-30.528 E8168.33667
G0 F7200 X-16.386 Y-30.528
G1 F1800 X-7.984 Y-22.126 E8169.28725
G0 F7200 X-7.984 Y-21.56
G1 F1800 X-16.951 Y-30.528 E8170.30181
G0 F7200 X-17.517 Y-30.528
G1 F1800 X-7.984 Y-20.995 E8171.38034
G0 F7200 X-7.984 Y-20.429
G1 F1800 X-18.083 Y-30.528 E8172.52291
G0 F7200 X-18.649 Y-30.528
G1 F1800 X-7.984 Y-19.863 E8173.72952
G0 F7200 X-7.984 Y-19.298
G1 F1800 X-19.214 Y-30.528 E8175.00005
G0 F7200 X-19.78 Y-30.528
G1 F1800 X-7.984 Y-18.732 E8176.33461
G0 F7200 X-7.984 Y-18.166
G1 F1800 X-20.346 Y-30.528 E8177.73322
G0 F7200 X-20.911 Y-30.528
G1 F1800 X-7.984 Y-17.601 E8179.19574
G0 F7200 X-7.984 Y-17.035
G1 F1800 X-21.477 Y-30.528 E8180.7223
G0 F7200 X-22.043 Y-30.528
G1 F1800 X-7.984 Y-16.469 E8182.31289
G0 F7200 X-7.984 Y-15.904
G1 F1800 X-22.608 Y-30.528 E8183.96741
G0 F7200 X-23.174 Y-30.528
G1 F1800 X-7.984 Y-15.338 E8185.68596
G0 F7200 X-7.984 Y-14.772
G1 F1800 X-23.74 Y-30.528 E8187.46855
G0 F7200 X-24.305 Y-30.528
G1 F1800 X-7.984 Y-14.206 E8189.31512
G0 F7200 X-7.984 Y-13.641
G1 F1800 X-24.871 Y-30.528 E8191.22566
G0 F7200 X-25.437 Y-30.528
G1 F1800 X-7.984 Y-13.075 E8193.20024
G0 F7200 X-7.984 Y-12.509
G1 F1800 X-26.002 Y-30.528 E8195.2388
G0 F7200 X-26.568 Y-30.528
G1 F1800 X-7.984 Y-11.944 E8197.34134
G0 F7200 X-7.984 Y-11.378
G1 F1800 X-27.134 Y-30.528 E8199.50792
G0 F7200 X-27.699 Y-30.528
G1 F1800 X-7.984 Y-10.812 E8201.73847
G0 F7200 X-7.984 Y-10.247
G1 F1800 X-28.265 Y-30.528 E8204.03301
G0 F7200 X-28.831 Y-30.528
G1 F1800 X-7.984 Y-9.681 E8206.39157
G0 F7200 X-7.984 Y-9.115
G1 F1800 X-29.397 Y-30.528 E8208.81418
G0 F7200 X-29.962 Y-30.528
G1 F1800 X-7.984 Y-8.55 E8211.30071
G0 F7200 X-7.984 Y-7.984
G1 F1800 X-30.528 Y-30.528 E8213.85127
G0 F7200 X-31.094 Y-30.528
G1 F1800 X-7.984 Y-7.418 E8216.46587
G0 F7200 X-7.984 Y-6.853
G1 F1800 X-31.659 Y-30.528 E8219.14439
G0 F7200 X-32.225 Y-30.528
G1 F1800 X-7.984 Y-6.287 E8221.88694
G0 F7200 X-7.984 Y-5.721
G1 F1800 X-32.791 Y-30.528 E8224.69353
G0 F7200 X-33.356 Y-30.528
G1 F1800 X-7.984 Y-5.156 E8227.56405
G0 F7200 X-7.984 Y-4.59
G1 F1800 X-33.922 Y-30.528 E8230.4986
G0 F7200 X-34.488 Y-30.528
G1 F1800 X-7.984 Y-4.024 E8233.49718
G0 F7200 X-7.984 Y-3.458
G1 F1800 X-35.053 Y-30.528 E8236.55975
G0 F7200 X-35.619 Y-30.528
G1 F1800 X-7.984 Y-2.893 E8239.68629
G0 F7200 X-7.984 Y-2.327
G1 F1800 X-36.185 Y-30.528 E8242.87687
G0 F7200 X-36.75 Y-30.528
G1 F1800 X-7.984 Y-1.761 E8246.13143
G0 F7200 X-7.984 Y-1.196
G1 F1800 X-37.316 Y-30.528 E8249.44996
G0 F7200 X-37.882 Y-30.528
G1 F1800 X-7.984 Y-.63 E8252.83254
G0 F7200 X-7.984 Y-0.064
G1 F1800 X-38.448 Y-30.528 E8256.27915
G0 F7200 X-39.013 Y-30.528
G1 F1800 X-7.984 Y0.501 E8259.78968
G0 F7200 X-7.984 Y1.067
G1 F1800 X-39.579 Y-30.528 E8263.36424
G0 F7200 X-40.145 Y-30.528
G1 F1800 X-7.984 Y1.633 E8267.00284
G0 F7200 X-7.984 Y2.198
G1 F1800 X-40.71 Y-30.528 E8270.70537
G0 F7200 X-41.276 Y-30.528
G1 F1800 X-7.984 Y2.764 E8274.47193
G0 F7200 X-7.984 Y3.33
G1 F1800 X-41.842 Y-30.528 E8278.30252
G0 F7200 X-42.407 Y-30.528
G1 F1800 X-7.984 Y3.895 E8282.19704
G0 F7200 X-7.984 Y4.461
G1 F1800 X-42.973 Y-30.528 E8286.1556
G0 F7200 X-43.539 Y-30.528
G1 F1800 X-7.984 Y5.027 E8290.17818
G0 F7200 X-7.984 Y5.593
G1 F1800 X-44.104 Y-30.528 E8294.26475
G0 F7200 X-44.67 Y-30.528
G1 F1800 X-7.984 Y6.158 E8298.4153
G0 F7200 X-7.984 Y6.724
G1 F1800 X-45.236 Y-30.528 E8302.62988
G0 F7200 X-45.801 Y-30.528
G1 F1800 X-7.984 Y7.29 E8306.90844
G0 F7200 X-7.984 Y7.855
G1 F1800 X-46.367 Y-30.528 E8311.25098
G0 F7200 X-46.933 Y-30.528
G1 F1800 X-7.984 Y8.421 E8315.65756
G0 F7200 X-7.984 Y8.987
G1 F1800 X-47.498 Y-30.528 E8320.12812
G0 F7200 X-48.064 Y-30.528
G1 F1800 X-7.984 Y9.552 E8324.66265
G0 F7200 X-7.984 Y10.118
G1 F1800 X-48.63 Y-30.528 E8329.26122
G0 F7200 X-49.196 Y-30.528
G1 F1800 X-7.984 Y10.684 E8333.92383
G0 F7200 X-7.984 Y11.249
G1 F1800 X-49.761 Y-30.528 E8338.65035
G0 F7200 X-50.327 Y-30.528
G1 F1800 X-7.984 Y11.815 E8343.44092
G0 F7200 X-7.984 Y12.381
G1 F1800 X-50.893 Y-30.528 E8348.29552
G0 F7200 X-51.458 Y-30.528
G1 F1800 X-7.984 Y12.946 E8353.21404
G0 F7200 X-7.984 Y13.512
G1 F1800 X-52.024 Y-30.528 E8358.1966
G0 F7200 X-52.59 Y-30.528
G1 F1800 X-7.984 Y14.078 E8363.24319
G0 F7200 X-7.984 Y14.643
G1 F1800 X-53.155 Y-30.528 E8368.3537
G0 F7200 X-53.721 Y-30.528
G1 F1800 X-7.984 Y15.209 E8373.52825
G0 F7200 X-7.984 Y15.775
G1 F1800 X-54.287 Y-30.528 E8378.76684
G0 F7200 X-54.852 Y-30.528
G1 F1800 X-7.984 Y16.341 E8384.06941
G0 F7200 X-7.984 Y16.906
G1 F1800 X-55.418 Y-30.528 E8389.43595
G0 F7200 X-55.984 Y-30.528
G1 F1800 X-7.984 Y17.472 E8394.86653
G0 F7200 X-7.984 Y18.038
G1 F1800 X-56.549 Y-30.528 E8400.36109
G0 F7200 X-57.115 Y-30.528
G1 F1800 X-7.984 Y18.603 E8405.91963
G0 F7200 X-7.984 Y19.169
G1 F1800 X-57.681 Y-30.528 E8411.5422
G0 F7200 X-58.247 Y-30.528
G1 F1800 X-7.984 Y19.735 E8417.22881
G0 F7200 X-7.984 Y20.3
G1 F1800 X-58.812 Y-30.528 E8422.97934
G0 F7200 X-59.378 Y-30.528
G1 F1800 X-7.984 Y20.866 E8428.79391
G0 F7200 X-7.984 Y21.432
G1 F1800 X-59.944 Y-30.528 E8434.67251
G0 F7200 X-60.509 Y-30.528
G1 F1800 X-7.984 Y21.997 E8440.61504
G0 F7200 X-7.984 Y22.563
G1 F1800 X-61.075 Y-30.528 E8446.6216
G0 F7200 X-61.641 Y-30.528
G1 F1800 X-7.984 Y23.129 E8452.6922
G0 F7200 X-7.984 Y23.694
G1 F1800 X-62.206 Y-30.528 E8458.82672
G0 F7200 X-62.772 Y-30.528
G1 F1800 X-7.984 Y24.26 E8465.02527
G0 F7200 X-7.984 Y24.826
G1 F1800 X-63.338 Y-30.528 E8471.28786
G0 F7200 X-63.903 Y-30.528
G1 F1800 X-7.984 Y25.391 E8477.61437
G0 F7200 X-7.984 Y25.957
G1 F1800 X-64.469 Y-30.528 E8484.00492
G0 F7200 X-65.035 Y-30.528
G1 F1800 X-7.984 Y26.523 E8490.4595
G0 F7200 X-7.984 Y27.089
G1 F1800 X-65.6 Y-30.528 E8496.97807
G0 F7200 X-66.166 Y-30.528
G1 F1800 X-7.984 Y27.654 E8503.56061
G0 F7200 X-7.984 Y28.22
G1 F1800 X-66.732 Y-30.528 E8510.20719
G0 F7200 X-67.224 Y-30.454
G1 F1800 X-8.057 Y28.712 E8516.90111
G0 F7200 X-8.623 Y28.712
G1 F1800 X-67.224 Y-29.889 E8523.53106
G0 F7200 X-67.224 Y-29.323
G1 F1800 X-9.189 Y28.712 E8530.09697
G0 F7200 X-9.755 Y28.712
G1 F1800 X-67.224 Y-28.757 E8536.59884
G0 F7200 X-67.224 Y-28.192
G1 F1800 X-10.32 Y28.712 E8543.0368
G0 F7200 X-10.886 Y28.712
G1 F1800 X-67.224 Y-27.626 E8549.41071
G0 F7200 X-67.224 Y-27.06
G1 F1800 X-11.452 Y28.712 E8555.7206
G0 F7200 X-12.017 Y28.712
G1 F1800 X-67.224 Y-26.495 E8561.96655
G0 F7200 X-67.224 Y-25.929
G1 F1800 X-12.583 Y28.712 E8568.14848
G0 F7200 X-13.149 Y28.712
G1 F1800 X-67.224 Y-25.363 E8574.26637
G0 F7200 X-67.224 Y-24.798
G1 F1800 X-13.714 Y28.712 E8580.32033
G0 F7200 X-14.28 Y28.712
G1 F1800 X-67.224 Y-24.232 E8586.31026
G0 F7200 X-67.224 Y-23.666
G1 F1800 X-14.846 Y28.712 E8592.23616
G0 F7200 X-15.411 Y28.712
G1 F1800 X-67.224 Y-23.1 E8598.09807
G0 F7200 X-67.224 Y-22.535
G1 F1800 X-15.977 Y28.712 E8603.89601
G0 F7200 X-16.543 Y28.712
G1 F1800 X-67.224 Y-21.969 E8609.62991
G0 F7200 X-67.224 Y-21.403
G1 F1800 X-17.108 Y28.712 E8615.29983
G0 F7200 X-17.674 Y28.712
G1 F1800 X-67.224 Y-20.838 E8620.90577
G0 F7200 X-67.224 Y-20.272
G1 F1800 X-18.24 Y28.712 E8626.44768
G0 F7200 X-18.806 Y28.712
G1 F1800 X-67.224 Y-19.706 E8631.92555
G0 F7200 X-67.224 Y-19.141
G1 F1800 X-19.371 Y28.712 E8637.3395
G0 F7200 X-19.937 Y28.712
G1 F1800 X-67.224 Y-18.575 E8642.68941
G0 F7200 X-67.224 Y-18.009
G1 F1800 X-20.503 Y28.712 E8647.97529
G0 F7200 X-21.068 Y28.712
G1 F1800 X-67.224 Y-17.444 E8653.19725
G0 F7200 X-67.224 Y-16.878
G1 F1800 X-21.634 Y28.712 E8658.35517
G0 F7200 X-22.2 Y28.712
G1 F1800 X-67.224 Y-16.312 E8663.44905
G0 F7200 X-67.224 Y-15.747
G1 F1800 X-22.765 Y28.712 E8668.47901
G0 F7200 X-23.331 Y28.712
G1 F1800 X-67.224 Y-15.181 E8673.44494
G0 F7200 X-67.224 Y-14.615
G1 F1800 X-23.897 Y28.712 E8678.34683
G0 F7200 X-24.462 Y28.712
G1 F1800 X-67.224 Y-14.05 E8683.1848
G0 F7200 X-67.224 Y-13.484
G1 F1800 X-25.028 Y28.712 E8687.95873
G0 F7200 X-25.594 Y28.712
G1 F1800 X-67.224 Y-12.918 E8692.66862
G0 F7200 X-67.224 Y-12.352
G1 F1800 X-26.159 Y28.712 E8697.31454
G0 F7200 X-26.725 Y28.712
G1 F1800 X-67.224 Y-11.787 E8701.89648
G0 F7200 X-67.224 Y-11.221
G1 F1800 X-27.291 Y28.712 E8706.41438
G0 F7200 X-27.856 Y28.712
G1 F1800 X-67.224 Y-10.655 E8710.86831
G0 F7200 X-67.224 Y-10.09
G1 F1800 X-28.422 Y28.712 E8715.25825
G0 F7200 X-28.988 Y28.712
G1 F1800 X-67.224 Y-9.524 E8719.58416
G0 F7200 X-67.224 Y-8.958
G1 F1800 X-29.554 Y28.712 E8723.84604
G0 F7200 X-30.119 Y28.712
G1 F1800 X-67.224 Y-8.393 E8728.04399
G0 F7200 X-67.224 Y-7.827
G1 F1800 X-30.685 Y28.712 E8732.17791
G0 F7200 X-31.251 Y28.712
G1 F1800 X-67.224 Y-7.261 E8736.24779
G0 F7200 X-67.224 Y-6.696
G1 F1800 X-31.816 Y28.712 E8740.25374
G0 F7200 X-32.382 Y28.712
G1 F1800 X-67.224 Y-6.13 E8744.19567
G0 F7200 X-67.224 Y-5.564
G1 F1800 X-32.948 Y28.712 E8748.07355
G0 F7200 X-33.513 Y28.712
G1 F1800 X-67.224 Y-4.999 E8751.88752
G0 F7200 X-67.224 Y-4.433
G1 F1800 X-34.079 Y28.712 E8755.63745
G0 F7200 X-34.645 Y28.712
G1 F1800 X-67.224 Y-3.867 E8759.32334
G0 F7200 X-67.224 Y-3.301
G1 F1800 X-35.21 Y28.712 E8762.94525
G0 F7200 X-35.776 Y28.712
G1 F1800 X-67.224 Y-2.736 E8766.50319
G0 F7200 X-67.224 Y-2.17
G1 F1800 X-36.342 Y28.712 E8769.99709
G0 F7200 X-36.907 Y28.712
G1 F1800 X-67.224 Y-1.604 E8773.42701
G0 F7200 X-67.224 Y-1.039
G1 F1800 X-37.473 Y28.712 E8776.79295
G0 F7200 X-38.039 Y28.712
G1 F1800 X-67.224 Y-.473 E8780.09485
G0 F7200 X-67.224 Y0.093
G1 F1800 X-38.604 Y28.712 E8783.33278
G0 F7200 X-39.17 Y28.712
G1 F1800 X-67.224 Y0.658 E8786.50673
G0 F7200 X-67.224 Y1.224
G1 F1800 X-39.736 Y28.712 E8789.61664
G0 F7200 X-40.302 Y28.712
G1 F1800 X-67.224 Y1.79 E8792.66252
G0 F7200 X-67.224 Y2.355
G1 F1800 X-40.867 Y28.712 E8795.64447
G0 F7200 X-41.433 Y28.712
G1 F1800 X-67.224 Y2.921 E8798.56239
G0 F7200 X-67.224 Y3.487
G1 F1800 X-41.999 Y28.712 E8801.41627
G0 F7200 X-42.564 Y28.712
G1 F1800 X-67.224 Y4.052 E8804.20623
G0 F7200 X-67.224 Y4.618
G1 F1800 X-43.13 Y28.712 E8806.93216
G0 F7200 X-43.696 Y28.712
G1 F1800 X-67.224 Y5.184 E8809.59405
G0 F7200 X-67.224 Y5.749
G1 F1800 X-44.261 Y28.712 E8812.19202
G0 F7200 X-44.827 Y28.712
G1 F1800 X-67.224 Y6.315 E8814.72595
G0 F7200 X-67.224 Y6.881
G1 F1800 X-45.393 Y28.712 E8817.19584
G0 F7200 X-45.958 Y28.712
G1 F1800 X-67.224 Y7.447 E8819.60176
G0 F7200 X-67.224 Y8.012
G1 F1800 X-46.524 Y28.712 E8821.9437
G0 F7200 X-47.09 Y28.712
G1 F1800 X-67.224 Y8.578 E8824.2216
G0 F7200 X-67.224 Y9.144
G1 F1800 X-47.655 Y28.712 E8826.43552
G0 F7200 X-48.221 Y28.712
G1 F1800 X-67.224 Y9.709 E8828.58547
G0 F7200 X-67.224 Y10.275
G1 F1800 X-48.787 Y28.712 E8830.67137
G0 F7200 X-49.353 Y28.712
G1 F1800 X-67.224 Y10.841 E8832.69325
G0 F7200 X-67.224 Y11.406
G1 F1800 X-49.918 Y28.712 E8834.6512
G0 F7200 X-50.484 Y28.712
G1 F1800 X-67.224 Y11.972 E8836.54511
G0 F7200 X-67.224 Y12.538
G1 F1800 X-51.05 Y28.712 E8838.37499
G0 F7200 X-51.615 Y28.712
G1 F1800 X-67.224 Y13.103 E8840.14095
G0 F7200 X-67.224 Y13.669
G1 F1800 X-52.181 Y28.712 E8841.84287
G0 F7200 X-52.747 Y28.712
G1 F1800 X-67.224 Y14.235 E8843.48076
G0 F7200 X-67.224 Y14.8
G1 F1800 X-53.312 Y28.712 E8845.05472
G0 F7200 X-53.878 Y28.712
G1 F1800 X-67.224 Y15.366 E8846.56465
G0 F7200 X-67.224 Y15.932
G1 F1800 X-54.444 Y28.712 E8848.01054
G0 F7200 X-55.009 Y28.712
G1 F1800 X-67.224 Y16.498 E8849.39245
G0 F7200 X-67.224 Y17.063
G1 F1800 X-55.575 Y28.712 E8850.71038
G0 F7200 X-56.141 Y28.712
G1 F1800 X-67.224 Y17.629 E8851.96428
G0 F7200 X-67.224 Y18.195
G1 F1800 X-56.706 Y28.712 E8853.1542
G0 F7200 X-57.272 Y28.712
G1 F1800 X-67.224 Y18.76 E8854.28014
G0 F7200 X-67.224 Y19.326
G1 F1800 X-57.838 Y28.712 E8855.34205
G0 F7200 X-58.403 Y28.712
G1 F1800 X-67.224 Y19.892 E8856.33997
G0 F7200 X-67.224 Y20.457
G1 F1800 X-58.969 Y28.712 E8857.27392
G0 F7200 X-59.535 Y28.712
G1 F1800 X-67.224 Y21.023 E8858.14383
G0 F7200 X-67.224 Y21.589
G1 F1800 X-60.101 Y28.712 E8858.94971
G0 F7200 X-60.666 Y28.712
G1 F1800 X-67.224 Y22.154 E8859.69166
G0 F7200 X-67.224 Y22.72
G1 F1800 X-61.232 Y28.712 E8860.36958
G0 F7200 X-61.798 Y28.712
G1 F1800 X-67.224 Y23.286 E8860.98346
G0 F7200 X-67.224 Y23.851
G1 F1800 X-62.363 Y28.712 E8861.53342
G0 F7200 X-62.929 Y28.712
G1 F1800 X-67.224 Y24.417 E8862.01934
G0 F7200 X-67.224 Y24.983
G1 F1800 X-63.495 Y28.712 E8862.44123
G0 F7200 X-64.06 Y28.712
G1 F1800 X-67.224 Y25.548 E8862.7992
G0 F7200 X-67.224 Y26.114
G1 F1800 X-64.626 Y28.712 E8863.09313
G0 F7200 X-65.192 Y28.712
G1 F1800 X-67.224 Y26.68 E8863.32302
G0 F7200 X-67.224 Y27.246
G1 F1800 X-65.757 Y28.712 E8863.48894
G0 F7200 X-66.323 Y28.712
G1 F1800 X-67.224 Y27.811 E8863.59087
G0 F7200 X-67.224 Y28.377
G1 F1800 X-66.889 Y28.712 E8863.62877
G0 F7200 X-66.889 Y28.682
G10
;MESH:base carc vincha prueba 1.stl
G0 X-7.231 Y29.468
G0 X-6.142 Y29.468
G0 X6.727 Y29.468
G0 X7.822 Y29.468
G0 X8.154 Y29.843
;TYPE:FILL
G11
G1 F3600 X8.857 Y29.14 E8863.70831
G1 X8.927 Y29.07
G0 F7200 X8.482 Y29.07
G0 X15.581 Y29.516
G0 X15.581 Y29.364
G1 F3600 X16.06 Y29.843 E8863.7625
G0 F7200 X16.06 Y29.696
G0 X19.467 Y29.696
G0 X19.467 Y29.843
G1 F3600 X19.947 Y29.364 E8863.81675
G0 F7200 X19.947 Y29.516
G0 X26.895 Y29.516
G0 X26.895 Y29.364
G1 F3600 X27.374 Y29.843 E8863.87094
G0 F7200 X27.374 Y29.696
G0 X30.781 Y29.696
G0 X30.781 Y29.843
G1 F3600 X31.26 Y29.364 E8863.92514
G0 F7200 X31.26 Y29.516
G0 X38.209 Y29.516
G0 X38.209 Y29.364
G1 F3600 X38.687 Y29.843 E8863.97927
G0 F7200 X38.687 Y29.696
G0 X42.095 Y29.696
G0 X42.095 Y29.843
G1 F3600 X42.574 Y29.364 E8864.03346
G0 F7200 X42.574 Y29.516
G0 X49.522 Y29.516
G0 X49.522 Y29.364
G1 F3600 X50.001 Y29.843 E8864.08766
G0 F7200 X50.001 Y29.696
G0 X53.408 Y29.696
G0 X53.408 Y29.843
G1 F3600 X53.888 Y29.364 E8864.14191
G0 F7200 X53.888 Y29.516
G0 X60.836 Y29.516
G0 X60.836 Y29.364
G1 F3600 X61.315 Y29.843 E8864.1961
G0 F7200 X61.315 Y29.696
G0 X64.722 Y29.696
G0 X64.722 Y29.843
G1 F3600 X65.202 Y29.364 E8864.25035
G0 F7200 X65.202 Y29.516
G0 X72.23 Y29.444
G0 X71.927 Y29.141
G1 F3600 X72.628 Y29.843 E8864.32971
G1 X72.698 Y29.913
G0 F7200 X72.512 Y29.726
G0 X72.302 Y22.414
G0 X72.152 Y22.414
G1 F3600 X72.632 Y21.934 E8864.38402
G0 F7200 X72.482 Y21.934
G0 X72.482 Y18.533
G0 X72.632 Y18.533
G1 F3600 X72.152 Y18.052 E8864.43838
G0 F7200 X72.302 Y18.052
G0 X72.302 Y11.1
G0 X72.152 Y11.1
G1 F3600 X72.632 Y10.62 E8864.49269
G0 F7200 X72.482 Y10.62
G0 X72.482 Y7.219
G0 X72.632 Y7.219
G1 F3600 X72.152 Y6.739 E8864.54699
G0 F7200 X72.302 Y6.739
G0 X72.302 Y-.214
G0 X72.152 Y-.214
G1 F3600 X72.632 Y-.694 E8864.6013
G0 F7200 X72.482 Y-.694
G0 X72.482 Y-4.095
G0 X72.632 Y-4.095
G1 F3600 X72.152 Y-4.575 E8864.65561
G0 F7200 X72.302 Y-4.575
G0 X72.302 Y-11.527
G0 X72.152 Y-11.527
G1 F3600 X72.632 Y-12.007 E8864.70991
G0 F7200 X72.482 Y-12.007
G0 X72.482 Y-15.409
G0 X72.632 Y-15.409
G1 F3600 X72.152 Y-15.889 E8864.76422
G0 F7200 X72.302 Y-15.889
G0 X72.302 Y-22.841
G0 X72.152 Y-22.841
G1 F3600 X72.632 Y-23.321 E8864.81852
G0 F7200 X72.482 Y-23.321
G0 X72.482 Y-26.722
G0 X72.632 Y-26.722
G1 F3600 X72.152 Y-27.202 E8864.87283
G0 F7200 X72.302 Y-27.202
G0 X72.23 Y-34.232
G0 X71.925 Y-33.928
G1 F3600 X72.629 Y-34.632 E8864.95248
G1 X72.699 Y-34.702
G0 F7200 X72.512 Y-34.514
G0 X65.202 Y-34.304
G0 X65.202 Y-34.152
G1 F3600 X64.723 Y-34.631 E8865.00667
G0 F7200 X64.723 Y-34.484
G0 X61.315 Y-34.484
G0 X61.315 Y-34.632
G1 F3600 X60.835 Y-34.152 E8865.06098
G0 F7200 X60.835 Y-34.304
G0 X53.889 Y-34.304
G0 X53.889 Y-34.152
G1 F3600 X53.409 Y-34.631 E8865.11522
G0 F7200 X53.409 Y-34.484
G0 X50.002 Y-34.484
G0 X50.002 Y-34.632
G1 F3600 X49.522 Y-34.152 E8865.16953
G0 F7200 X49.522 Y-34.304
G0 X42.575 Y-34.304
G0 X42.575 Y-34.152
G1 F3600 X42.095 Y-34.631 E8865.22378
G0 F7200 X42.095 Y-34.484
G0 X38.688 Y-34.484
G0 X38.688 Y-34.632
G1 F3600 X38.208 Y-34.152 E8865.27809
G0 F7200 X38.208 Y-34.304
G0 X31.261 Y-34.304
G0 X31.261 Y-34.152
G1 F3600 X30.782 Y-34.631 E8865.33228
G0 F7200 X30.782 Y-34.484
G0 X27.374 Y-34.484
G0 X27.374 Y-34.632
G1 F3600 X26.894 Y-34.152 E8865.38658
G0 F7200 X26.894 Y-34.304
G0 X19.947 Y-34.304
G0 X19.947 Y-34.152
G1 F3600 X19.468 Y-34.631 E8865.44078
G0 F7200 X19.468 Y-34.484
G0 X16.061 Y-34.484
G0 X16.061 Y-34.632
G1 F3600 X15.58 Y-34.152 E8865.49514
G0 F7200 X15.58 Y-34.304
G0 X8.554 Y-34.232
G0 X8.857 Y-33.929
G1 F3600 X8.154 Y-34.631 E8865.57462
G1 X8.084 Y-34.701
G0 F7200 X8.272 Y-34.514
G0 X8.482 Y-27.204
G0 X8.632 Y-27.204
G1 F3600 X8.153 Y-26.724 E8865.62887
G0 F7200 X8.302 Y-26.724
G0 X8.302 Y-23.319
G0 X8.153 Y-23.319
G1 F3600 X8.632 Y-22.84 E8865.68306
G0 F7200 X8.482 Y-22.84
G0 X8.482 Y-15.89
G0 X8.632 Y-15.89
G1 F3600 X8.153 Y-15.411 E8865.73725
G0 F7200 X8.302 Y-15.411
G0 X8.302 Y-12.005
G0 X8.153 Y-12.005
G1 F3600 X8.632 Y-11.526 E8865.79145
G0 F7200 X8.482 Y-11.526
G0 X8.482 Y-4.576
G0 X8.632 Y-4.576
G1 F3600 X8.153 Y-4.097 E8865.84564
G0 F7200 X8.302 Y-4.097
G0 X8.302 Y-.692
G0 X8.153 Y-.692
G1 F3600 X8.632 Y-.212 E8865.89989
G0 F7200 X8.482 Y-.212
G0 X8.482 Y6.737
G0 X8.632 Y6.737
G1 F3600 X8.153 Y7.217 E8865.95414
G0 F7200 X8.302 Y7.217
G0 X8.302 Y10.622
G0 X8.153 Y10.622
G1 F3600 X8.632 Y11.102 E8866.00839
G0 F7200 X8.482 Y11.102
G0 X8.482 Y18.051
G0 X8.632 Y18.051
G1 F3600 X8.153 Y18.53 E8866.06258
G0 F7200 X8.302 Y18.53
G0 X8.302 Y21.936
G0 X8.153 Y21.936
G1 F3600 X8.632 Y22.415 E8866.11677
G0 F7200 X8.482 Y22.415
G0 X8.554 Y29.444
G0 X72.23 Y29.444
G0 X71.816 Y29.028
;TYPE:WALL-INNER
G1 F3600 X71.481 Y29.204 E8866.14704
G1 X9.392 Y29.204 E8871.11416
G1 X8.967 Y29.029 E8871.15093
G1 X8.792 Y28.693 E8871.18124
G1 X8.792 Y-33.392 E8876.14804
G1 X8.967 Y-33.817 E8876.18481
G1 X9.303 Y-33.992 E8876.21512
G1 X71.392 Y-33.992 E8881.18224
G1 X71.816 Y-33.816 E8881.21896
G1 X71.992 Y-33.392 E8881.25569
G1 X71.992 Y28.693 E8886.22249
G1 X71.816 Y29.028 E8886.25276
G0 F7200 X72.302 Y29.028
G0 X72.792 Y30.004
G1 F3600 X72.792 Y-34.792 E8891.43644
G1 X7.993 Y-34.791 E8896.62036
G1 X7.993 Y30.003 E8901.80388
G1 X72.792 Y30.004 E8906.9878
G0 F7200 X73.192 Y30.404
;TYPE:WALL-OUTER
G1 F1800 X73.192 Y-35.192 E8912.23548
G1 X7.593 Y-35.191 E8917.4834
G1 X7.593 Y30.403 E8922.73092
G1 X73.192 Y30.404 E8927.97884
G0 F7200 X73.192 Y30.204
G0 X72.512 Y29.726
G0 X72.302 Y28.639
G0 X71.59 Y28.639
G1 F1800 X71.534 Y28.746 E8927.98851
G1 X71.427 Y28.802 E8927.99817
G1 X9.392 Y28.804 E8932.96097
G1 X9.25 Y28.746 E8932.97324
G1 X9.194 Y28.639 E8932.9829
G1 X9.192 Y-33.392 E8937.94538
G1 X9.25 Y-33.534 E8937.95765
G1 X9.357 Y-33.59 E8937.96731
G1 X71.392 Y-33.592 E8942.93011
G1 X71.534 Y-33.534 E8942.94238
G1 X71.592 Y-33.392 E8942.95465
G1 X71.59 Y28.639 E8947.91713
G0 F7200 X71.534 Y28.746
G0 X71.465 Y28.782
G10
;MESH:NONMESH
G0 F600 Z4.9
G0 F7200 X72.302 Y28.782
G0 X15.242 Y29.044
G0 X7.822 Y29.012
G0 X6.727 Y29.012
G0 X-6.142 Y29.012
G0 X-7.237 Y29.012
G0 X-7.404 Y29.292
;TIME_ELAPSED:7702.785797
;LAYER:23
;TYPE:WALL-INNER
;MESH:tapacarcvincha prueba 1.stl
G11
G1 F3600 X-7.404 Y-31.108 E8952.74913
G1 X-67.804 Y-31.108 E8957.58113
G1 X-67.804 Y29.292 E8962.41313
G1 X-7.404 Y29.292 E8967.24513
G0 F7200 X-7.004 Y29.692
;TYPE:WALL-OUTER
G1 F1800 X-7.004 Y-31.508 E8972.14113
G1 X-68.204 Y-31.508 E8977.03713
G1 X-68.204 Y29.692 E8981.93313
G1 X-7.004 Y29.692 E8986.82913
G0 F7200 X-7.004 Y29.492
G0 X-7.784 Y28.912
;TYPE:SKIN
G1 F1800 X-67.424 Y28.912 E8991.60033
G1 X-67.424 Y-30.728 E8996.37153
G1 X-7.784 Y-30.728 E9001.14273
G1 X-7.784 Y28.912 E9005.91393
G0 F7200 X-8.347 Y28.712
G1 F1800 X-7.984 Y28.349 E9005.955
G0 F7200 X-7.984 Y27.783
G1 F1800 X-8.913 Y28.712 E9006.06011
G0 F7200 X-9.479 Y28.712
G1 F1800 X-7.984 Y27.217 E9006.22925
G0 F7200 X-7.984 Y26.652
G1 F1800 X-10.044 Y28.712 E9006.46231
G0 F7200 X-10.61 Y28.712
G1 F1800 X-7.984 Y26.086 E9006.75941
G0 F7200 X-7.984 Y25.52
G1 F1800 X-11.176 Y28.712 E9007.12054
G0 F7200 X-11.742 Y28.712
G1 F1800 X-7.984 Y24.955 E9007.54565
G0 F7200 X-7.984 Y24.389
G1 F1800 X-12.307 Y28.712 E9008.03475
G0 F7200 X-12.873 Y28.712
G1 F1800 X-7.984 Y23.823 E9008.58787
G0 F7200 X-7.984 Y23.257
G1 F1800 X-13.439 Y28.712 E9009.20504
G0 F7200 X-14.004 Y28.712
G1 F1800 X-7.984 Y22.692 E9009.88612
G0 F7200 X-7.984 Y22.126
G1 F1800 X-14.57 Y28.712 E9010.63124
G0 F7200 X-15.136 Y28.712
G1 F1800 X-7.984 Y21.56 E9011.4404
G0 F7200 X-7.984 Y20.995
G1 F1800 X-15.701 Y28.712 E9012.31348
G0 F7200 X-16.267 Y28.712
G1 F1800 X-7.984 Y20.429 E9013.25059
G0 F7200 X-7.984 Y19.863
G1 F1800 X-16.833 Y28.712 E9014.25174
G0 F7200 X-17.398 Y28.712
G1 F1800 X-7.984 Y19.298 E9015.31681
G0 F7200 X-7.984 Y18.732
G1 F1800 X-17.964 Y28.712 E9016.44592
G0 F7200 X-18.53 Y28.712
G1 F1800 X-7.984 Y18.166 E9017.63907
G0 F7200 X-7.984 Y17.601
G1 F1800 X-19.095 Y28.712 E9018.89613
G0 F7200 X-19.661 Y28.712
G1 F1800 X-7.984 Y17.035 E9020.21723
G0 F7200 X-7.984 Y16.469
G1 F1800 X-20.227 Y28.712 E9021.60237
G0 F7200 X-20.792 Y28.712
G1 F1800 X-7.984 Y15.904 E9023.05143
G0 F7200 X-7.984 Y15.338
G1 F1800 X-21.358 Y28.712 E9024.56453
G0 F7200 X-21.924 Y28.712
G1 F1800 X-7.984 Y14.772 E9026.14166
G0 F7200 X-7.984 Y14.206
G1 F1800 X-22.49 Y28.712 E9027.78282
G0 F7200 X-23.055 Y28.712
G1 F1800 X-7.984 Y13.641 E9029.48791
G0 F7200 X-7.984 Y13.075
G1 F1800 X-23.621 Y28.712 E9031.25704
G0 F7200 X-24.187 Y28.712
G1 F1800 X-7.984 Y12.509 E9033.0902
G0 F7200 X-7.984 Y11.944
G1 F1800 X-24.752 Y28.712 E9034.98728
G0 F7200 X-25.318 Y28.712
G1 F1800 X-7.984 Y11.378 E9036.9484
G0 F7200 X-7.984 Y10.812
G1 F1800 X-25.884 Y28.712 E9038.97355
G0 F7200 X-26.449 Y28.712
G1 F1800 X-7.984 Y10.247 E9041.06263
G0 F7200 X-7.984 Y9.681
G1 F1800 X-27.015 Y28.712 E9043.21574
G0 F7200 X-27.581 Y28.712
G1 F1800 X-7.984 Y9.115 E9045.43289
G0 F7200 X-7.984 Y8.55
G1 F1800 X-28.146 Y28.712 E9047.71396
G0 F7200 X-28.712 Y28.712
G1 F1800 X-7.984 Y7.984 E9050.05906
G0 F7200 X-7.984 Y7.418
G1 F1800 X-29.278 Y28.712 E9052.4682
G0 F7200 X-29.843 Y28.712
G1 F1800 X-7.984 Y6.853 E9054.94127
G0 F7200 X-7.984 Y6.287
G1 F1800 X-30.409 Y28.712 E9057.47837
G0 F7200 X-30.975 Y28.712
G1 F1800 X-7.984 Y5.721 E9060.0795
G0 F7200 X-7.984 Y5.156
G1 F1800 X-31.54 Y28.712 E9062.74456
G0 F7200 X-32.106 Y28.712
G1 F1800 X-7.984 Y4.59 E9065.47365
G0 F7200 X-7.984 Y4.024
G1 F1800 X-32.672 Y28.712 E9068.26678
G0 F7200 X-33.238 Y28.712
G1 F1800 X-7.984 Y3.458 E9071.12394
G0 F7200 X-7.984 Y2.893
G1 F1800 X-33.803 Y28.712 E9074.04503
G0 F7200 X-34.369 Y28.712
G1 F1800 X-7.984 Y2.327 E9077.03015
G0 F7200 X-7.984 Y1.761
G1 F1800 X-34.935 Y28.712 E9080.07931
G0 F7200 X-35.5 Y28.712
G1 F1800 X-7.984 Y1.196 E9083.19239
G0 F7200 X-7.984 Y0.63
G1 F1800 X-36.066 Y28.712 E9086.36951
G0 F7200 X-36.632 Y28.712
G1 F1800 X-7.984 Y0.064 E9089.61066
G0 F7200 X-7.984 Y-.501
G1 F1800 X-37.197 Y28.712 E9092.91573
G0 F7200 X-37.763 Y28.712
G1 F1800 X-7.984 Y-1.067 E9096.28484
G0 F7200 X-7.984 Y-1.633
G1 F1800 X-38.329 Y28.712 E9099.71798
G0 F7200 X-38.894 Y28.712
G1 F1800 X-7.984 Y-2.198 E9103.21505
G0 F7200 X-7.984 Y-2.764
G1 F1800 X-39.46 Y28.712 E9106.77615
G0 F7200 X-40.026 Y28.712
G1 F1800 X-7.984 Y-3.33 E9110.40129
G0 F7200 X-7.984 Y-3.895
G1 F1800 X-40.591 Y28.712 E9114.09035
G0 F7200 X-41.157 Y28.712
G1 F1800 X-7.984 Y-4.461 E9117.84345
G0 F7200 X-7.984 Y-5.027
G1 F1800 X-41.723 Y28.712 E9121.66058
G0 F7200 X-42.289 Y28.712
G1 F1800 X-7.984 Y-5.593 E9125.54175
G0 F7200 X-7.984 Y-6.158
G1 F1800 X-42.854 Y28.712 E9129.48684
G0 F7200 X-43.42 Y28.712
G1 F1800 X-7.984 Y-6.724 E9133.49597
G0 F7200 X-7.984 Y-7.29
G1 F1800 X-43.986 Y28.712 E9137.56913
G0 F7200 X-44.551 Y28.712
G1 F1800 X-7.984 Y-7.855 E9141.70621
G0 F7200 X-7.984 Y-8.421
G1 F1800 X-45.117 Y28.712 E9145.90733
G0 F7200 X-45.683 Y28.712
G1 F1800 X-7.984 Y-8.987 E9150.17249
G0 F7200 X-7.984 Y-9.552
G1 F1800 X-46.248 Y28.712 E9154.50156
G0 F7200 X-46.814 Y28.712
G1 F1800 X-7.984 Y-10.118 E9158.89468
G0 F7200 X-7.984 Y-10.684
G1 F1800 X-47.38 Y28.712 E9163.35182
G0 F7200 X-47.945 Y28.712
G1 F1800 X-7.984 Y-11.249 E9167.8729
G0 F7200 X-7.984 Y-11.815
G1 F1800 X-48.511 Y28.712 E9172.458
G0 F7200 X-49.077 Y28.712
G1 F1800 X-7.984 Y-12.381 E9177.10714
G0 F7200 X-7.984 Y-12.946
G1 F1800 X-49.642 Y28.712 E9181.82021
G0 F7200 X-50.208 Y28.712
G1 F1800 X-7.984 Y-13.512 E9186.59731
G0 F7200 X-7.984 Y-14.078
G1 F1800 X-50.774 Y28.712 E9191.43845
G0 F7200 X-51.339 Y28.712
G1 F1800 X-7.984 Y-14.643 E9196.3435
G0 F7200 X-7.984 Y-15.209
G1 F1800 X-51.905 Y28.712 E9201.3126
G0 F7200 X-52.471 Y28.712
G1 F1800 X-7.984 Y-15.775 E9206.34573
G0 F7200 X-7.984 Y-16.341
G1 F1800 X-53.037 Y28.712 E9211.44289
G0 F7200 X-53.602 Y28.712
G1 F1800 X-7.984 Y-16.906 E9216.60398
G0 F7200 X-7.984 Y-17.472
G1 F1800 X-54.168 Y28.712 E9221.8291
G0 F7200 X-54.734 Y28.712
G1 F1800 X-7.984 Y-18.038 E9227.11826
G0 F7200 X-7.984 Y-18.603
G1 F1800 X-55.299 Y28.712 E9232.47134
G0 F7200 X-55.865 Y28.712
G1 F1800 X-7.984 Y-19.169 E9237.88846
G0 F7200 X-7.984 Y-19.735
G1 F1800 X-56.431 Y28.712 E9243.36961
G0 F7200 X-56.996 Y28.712
G1 F1800 X-7.984 Y-20.3 E9248.91469
G0 F7200 X-7.984 Y-20.866
G1 F1800 X-57.562 Y28.712 E9254.5238
G0 F7200 X-58.128 Y28.712
G1 F1800 X-7.984 Y-21.432 E9260.19694
G0 F7200 X-7.984 Y-21.997
G1 F1800 X-58.693 Y28.712 E9265.93401
G0 F7200 X-59.259 Y28.712
G1 F1800 X-7.984 Y-22.563 E9271.73512
G0 F7200 X-7.984 Y-23.129
G1 F1800 X-59.825 Y28.712 E9277.60026
G0 F7200 X-60.39 Y28.712
G1 F1800 X-7.984 Y-23.694 E9283.52932
G0 F7200 X-7.984 Y-24.26
G1 F1800 X-60.956 Y28.712 E9289.52242
G0 F7200 X-61.522 Y28.712
G1 F1800 X-7.984 Y-24.826 E9295.57955
G0 F7200 X-7.984 Y-25.391
G1 F1800 X-62.088 Y28.712 E9301.70066
G0 F7200 X-62.653 Y28.712
G1 F1800 X-7.984 Y-25.957 E9307.88575
G0 F7200 X-7.984 Y-26.523
G1 F1800 X-63.219 Y28.712 E9314.13488
G0 F7200 X-63.785 Y28.712
G1 F1800 X-7.984 Y-27.089 E9320.44804
G0 F7200 X-7.984 Y-27.654
G1 F1800 X-64.35 Y28.712 E9326.82513
G0 F7200 X-64.916 Y28.712
G1 F1800 X-7.984 Y-28.22 E9333.26625
G0 F7200 X-7.984 Y-28.786
G1 F1800 X-65.482 Y28.712 E9339.7714
G0 F7200 X-66.047 Y28.712
G1 F1800 X-7.984 Y-29.351 E9346.34048
G0 F7200 X-7.984 Y-29.917
G1 F1800 X-66.613 Y28.712 E9352.9736
G0 F7200 X-67.179 Y28.712
G1 F1800 X-7.984 Y-30.483 E9359.67075
G0 F7200 X-8.504 Y-30.528
G1 F1800 X-67.224 Y28.192 E9366.31416
G0 F7200 X-67.224 Y27.626
G1 F1800 X-9.07 Y-30.528 E9372.89353
G0 F7200 X-9.636 Y-30.528
G1 F1800 X-67.224 Y27.06 E9379.40887
G0 F7200 X-67.224 Y26.495
G1 F1800 X-10.201 Y-30.528 E9385.86028
G0 F7200 X-10.767 Y-30.528
G1 F1800 X-67.224 Y25.929 E9392.24766
G0 F7200 X-67.224 Y25.363
G1 F1800 X-11.333 Y-30.528 E9398.57101
G0 F7200 X-11.898 Y-30.528
G1 F1800 X-67.224 Y24.798 E9404.83043
G0 F7200 X-67.224 Y24.232
G1 F1800 X-12.464 Y-30.528 E9411.02582
G0 F7200 X-13.03 Y-30.528
G1 F1800 X-67.224 Y23.666 E9417.15717
G0 F7200 X-67.224 Y23.1
G1 F1800 X-13.596 Y-30.528 E9423.22448
G0 F7200 X-14.161 Y-30.528
G1 F1800 X-67.224 Y22.535 E9429.22788
G0 F7200 X-67.224 Y21.969
G1 F1800 X-14.727 Y-30.528 E9435.16724
G0 F7200 X-15.293 Y-30.528
G1 F1800 X-67.224 Y21.403 E9441.04256
G0 F7200 X-67.224 Y20.838
G1 F1800 X-15.858 Y-30.528 E9446.85396
G0 F7200 X-16.424 Y-30.528
G1 F1800 X-67.224 Y20.272 E9452.60132
G0 F7200 X-67.224 Y19.706
G1 F1800 X-16.99 Y-30.528 E9458.28465
G0 F7200 X-17.555 Y-30.528
G1 F1800 X-67.224 Y19.141 E9463.90405
G0 F7200 X-67.224 Y18.575
G1 F1800 X-18.121 Y-30.528 E9469.45943
G0 F7200 X-18.687 Y-30.528
G1 F1800 X-67.224 Y18.009 E9474.95076
G0 F7200 X-67.224 Y17.444
G1 F1800 X-19.252 Y-30.528 E9480.37817
G0 F7200 X-19.818 Y-30.528
G1 F1800 X-67.224 Y16.878 E9485.74155
G0 F7200 X-67.224 Y16.312
G1 F1800 X-20.384 Y-30.528 E9491.04089
G0 F7200 X-20.949 Y-30.528
G1 F1800 X-67.224 Y15.747 E9496.27631
G0 F7200 X-67.224 Y15.181
G1 F1800 X-21.515 Y-30.528 E9501.44769
G0 F7200 X-22.081 Y-30.528
G1 F1800 X-67.224 Y14.615 E9506.55504
G0 F7200 X-67.224 Y14.05
G1 F1800 X-22.647 Y-30.528 E9511.59841
G0 F7200 X-23.212 Y-30.528
G1 F1800 X-67.224 Y13.484 E9516.5778
G0 F7200 X-67.224 Y12.918
G1 F1800 X-23.778 Y-30.528 E9521.49315
G0 F7200 X-24.344 Y-30.528
G1 F1800 X-67.224 Y12.352 E9526.34447
G0 F7200 X-67.224 Y11.787
G1 F1800 X-24.909 Y-30.528 E9531.13186
G0 F7200 X-25.475 Y-30.528
G1 F1800 X-67.224 Y11.221 E9535.85522
G0 F7200 X-67.224 Y10.655
G1 F1800 X-26.041 Y-30.528 E9540.51455
G0 F7200 X-26.606 Y-30.528
G1 F1800 X-67.224 Y10.09 E9545.10995
G0 F7200 X-67.224 Y9.524
G1 F1800 X-27.172 Y-30.528 E9549.64132
G0 F7200 X-27.738 Y-30.528
G1 F1800 X-67.224 Y8.958 E9554.10865
G0 F7200 X-67.224 Y8.393
G1 F1800 X-28.303 Y-30.528 E9558.51206
G0 F7200 X-28.869 Y-30.528
G1 F1800 X-67.224 Y7.827 E9562.85143
G0 F7200 X-67.224 Y7.261
G1 F1800 X-29.435 Y-30.528 E9567.12677
G0 F7200 X-30 Y-30.528
G1 F1800 X-67.224 Y6.696 E9571.33818
G0 F7200 X-67.224 Y6.13
G1 F1800 X-30.566 Y-30.528 E9575.48556
G0 F7200 X-31.132 Y-30.528
G1 F1800 X-67.224 Y5.564 E9579.56891
G0 F7200 X-67.224 Y4.999
G1 F1800 X-31.697 Y-30.528 E9583.58833
G0 F7200 X-32.263 Y-30.528
G1 F1800 X-67.224 Y4.433 E9587.54371
G0 F7200 X-67.224 Y3.867
G1 F1800 X-32.829 Y-30.528 E9591.43506
G0 F7200 X-33.395 Y-30.528
G1 F1800 X-67.224 Y3.301 E9595.26238
G0 F7200 X-67.224 Y2.736
G1 F1800 X-33.96 Y-30.528 E9599.02577
G0 F7200 X-34.526 Y-30.528
G1 F1800 X-67.224 Y2.17 E9602.72513
G0 F7200 X-67.224 Y1.604
G1 F1800 X-35.092 Y-30.528 E9606.36045
G0 F7200 X-35.657 Y-30.528
G1 F1800 X-67.224 Y1.039 E9609.93184
G0 F7200 X-67.224 Y0.473
G1 F1800 X-36.223 Y-30.528 E9613.43921
G0 F7200 X-36.789 Y-30.528
G1 F1800 X-67.224 Y-0.093 E9616.88253
G0 F7200 X-67.224 Y-.658
G1 F1800 X-37.354 Y-30.528 E9620.26194
G0 F7200 X-37.92 Y-30.528
G1 F1800 X-67.224 Y-1.224 E9623.57731
G0 F7200 X-67.224 Y-1.79
G1 F1800 X-38.486 Y-30.528 E9626.82864
G0 F7200 X-39.051 Y-30.528
G1 F1800 X-67.224 Y-2.355 E9630.01605
G0 F7200 X-67.224 Y-2.921
G1 F1800 X-39.617 Y-30.528 E9633.13943
G0 F7200 X-40.183 Y-30.528
G1 F1800 X-67.224 Y-3.487 E9636.19877
G0 F7200 X-67.224 Y-4.052
G1 F1800 X-40.748 Y-30.528 E9639.19419
G0 F7200 X-41.314 Y-30.528
G1 F1800 X-67.224 Y-4.618 E9642.12557
G0 F7200 X-67.224 Y-5.184
G1 F1800 X-41.88 Y-30.528 E9644.99291
G0 F7200 X-42.445 Y-30.528
G1 F1800 X-67.224 Y-5.749 E9647.79634
G0 F7200 X-67.224 Y-6.315
G1 F1800 X-43.011 Y-30.528 E9650.53573
G0 F7200 X-43.577 Y-30.528
G1 F1800 X-67.224 Y-6.881 E9653.21108
G0 F7200 X-67.224 Y-7.447
G1 F1800 X-44.143 Y-30.528 E9655.8224
G0 F7200 X-44.708 Y-30.528
G1 F1800 X-67.224 Y-8.012 E9658.36979
G0 F7200 X-67.224 Y-8.578
G1 F1800 X-45.274 Y-30.528 E9660.85315
G0 F7200 X-45.84 Y-30.528
G1 F1800 X-67.224 Y-9.144 E9663.27247
G0 F7200 X-67.224 Y-9.709
G1 F1800 X-46.405 Y-30.528 E9665.62787
G0 F7200 X-46.971 Y-30.528
G1 F1800 X-67.224 Y-10.275 E9667.91924
G0 F7200 X-67.224 Y-10.841
G1 F1800 X-47.537 Y-30.528 E9670.14657
G0 F7200 X-48.102 Y-30.528
G1 F1800 X-67.224 Y-11.406 E9672.30998
G0 F7200 X-67.224 Y-11.972
G1 F1800 X-48.668 Y-30.528 E9674.40935
G0 F7200 X-49.234 Y-30.528
G1 F1800 X-67.224 Y-12.538 E9676.44468
G0 F7200 X-67.224 Y-13.103
G1 F1800 X-49.799 Y-30.528 E9678.4161
G0 F7200 X-50.365 Y-30.528
G1 F1800 X-67.224 Y-13.669 E9680.32348
G0 F7200 X-67.224 Y-14.235
G1 F1800 X-50.931 Y-30.528 E9682.16682
G0 F7200 X-51.496 Y-30.528
G1 F1800 X-67.224 Y-14.8 E9683.94624
G0 F7200 X-67.224 Y-15.366
G1 F1800 X-52.062 Y-30.528 E9685.66162
G0 F7200 X-52.628 Y-30.528
G1 F1800 X-67.224 Y-15.932 E9687.31297
G0 F7200 X-67.224 Y-16.498
G1 F1800 X-53.194 Y-30.528 E9688.90029
G0 F7200 X-53.759 Y-30.528
G1 F1800 X-67.224 Y-17.063 E9690.42368
G0 F7200 X-67.224 Y-17.629
G1 F1800 X-54.325 Y-30.528 E9691.88303
G0 F7200 X-54.891 Y-30.528
G1 F1800 X-67.224 Y-18.195 E9693.27835
G0 F7200 X-67.224 Y-18.76
G1 F1800 X-55.456 Y-30.528 E9694.60975
G0 F7200 X-56.022 Y-30.528
G1 F1800 X-67.224 Y-19.326 E9695.87711
G0 F7200 X-67.224 Y-19.892
G1 F1800 X-56.588 Y-30.528 E9697.08044
G0 F7200 X-57.153 Y-30.528
G1 F1800 X-67.224 Y-20.457 E9698.21984
G0 F7200 X-67.224 Y-21.023
G1 F1800 X-57.719 Y-30.528 E9699.29521
G0 F7200 X-58.285 Y-30.528
G1 F1800 X-67.224 Y-21.589 E9700.30654
G0 F7200 X-67.224 Y-22.154
G1 F1800 X-58.85 Y-30.528 E9701.25395
G0 F7200 X-59.416 Y-30.528
G1 F1800 X-67.224 Y-22.72 E9702.13732
G0 F7200 X-67.224 Y-23.286
G1 F1800 X-59.982 Y-30.528 E9702.95666
G0 F7200 X-60.547 Y-30.528
G1 F1800 X-67.224 Y-23.851 E9703.71208
G0 F7200 X-67.224 Y-24.417
G1 F1800 X-61.113 Y-30.528 E9704.40346
G0 F7200 X-61.679 Y-30.528
G1 F1800 X-67.224 Y-24.983 E9705.0308
G0 F7200 X-67.224 Y-25.548
G1 F1800 X-62.244 Y-30.528 E9705.59423
G0 F7200 X-62.81 Y-30.528
G1 F1800 X-67.224 Y-26.114 E9706.09361
G0 F7200 X-67.224 Y-26.68
G1 F1800 X-63.376 Y-30.528 E9706.52897
G0 F7200 X-63.942 Y-30.528
G1 F1800 X-67.224 Y-27.246 E9706.90028
G0 F7200 X-67.224 Y-27.811
G1 F1800 X-64.507 Y-30.528 E9707.20768
G0 F7200 X-65.073 Y-30.528
G1 F1800 X-67.224 Y-28.377 E9707.45103
G0 F7200 X-67.224 Y-28.943
G1 F1800 X-65.639 Y-30.528 E9707.63036
G0 F7200 X-66.204 Y-30.528
G1 F1800 X-67.224 Y-29.508 E9707.74576
G0 F7200 X-67.224 Y-30.074
G1 F1800 X-66.77 Y-30.528 E9707.79712
G0 F7200 X-66.77 Y-30.498
G10
;MESH:base carc vincha prueba 1.stl
G0 X-7.237 Y-26.724
G0 X-6.142 Y-26.724
G0 X6.727 Y-26.724
G0 X7.822 Y-26.724
G0 X8.153 Y-26.724
;TYPE:FILL
G11
G1 F3600 X8.632 Y-27.204 E9707.85137
G0 F7200 X8.482 Y-27.204
G0 X8.302 Y-23.319
G0 X8.153 Y-23.319
G1 F3600 X8.632 Y-22.84 E9707.90556
G0 F7200 X8.482 Y-22.84
G0 X8.482 Y-15.89
G0 X8.632 Y-15.89
G1 F3600 X8.153 Y-15.411 E9707.95975
G0 F7200 X8.302 Y-15.411
G0 X8.302 Y-12.005
G0 X8.153 Y-12.005
G1 F3600 X8.632 Y-11.526 E9708.01395
G0 F7200 X8.482 Y-11.526
G0 X8.482 Y-4.576
G0 X8.632 Y-4.576
G1 F3600 X8.153 Y-4.097 E9708.06814
G0 F7200 X8.302 Y-4.097
G0 X8.302 Y-.692
G0 X8.153 Y-.692
G1 F3600 X8.632 Y-.212 E9708.12239
G0 F7200 X8.482 Y-.212
G0 X8.482 Y6.737
G0 X8.632 Y6.737
G1 F3600 X8.153 Y7.217 E9708.17664
G0 F7200 X8.302 Y7.217
G0 X8.302 Y10.622
G0 X8.153 Y10.622
G1 F3600 X8.632 Y11.102 E9708.23089
G0 F7200 X8.482 Y11.102
G0 X8.482 Y18.051
G0 X8.632 Y18.051
G1 F3600 X8.153 Y18.53 E9708.28508
G0 F7200 X8.302 Y18.53
G0 X8.302 Y21.936
G0 X8.153 Y21.936
G1 F3600 X8.632 Y22.415 E9708.33927
G0 F7200 X8.482 Y22.415
G0 X8.482 Y29.14
G0 X8.857 Y29.14
G1 F3600 X8.154 Y29.843 E9708.41881
G1 X8.084 Y29.913
G0 F7200 X8.272 Y29.726
G0 X15.581 Y29.516
G0 X15.581 Y29.364
G1 F3600 X16.06 Y29.843 E9708.473
G0 F7200 X16.06 Y29.696
G0 X19.467 Y29.696
G0 X19.467 Y29.843
G1 F3600 X19.947 Y29.364 E9708.52725
G0 F7200 X19.947 Y29.516
G0 X26.895 Y29.516
G0 X26.895 Y29.364
G1 F3600 X27.374 Y29.843 E9708.58144
G0 F7200 X27.374 Y29.696
G0 X30.781 Y29.696
G0 X30.781 Y29.843
G1 F3600 X31.26 Y29.364 E9708.63564
G0 F7200 X31.26 Y29.516
G0 X38.209 Y29.516
G0 X38.209 Y29.364
G1 F3600 X38.687 Y29.843 E9708.68977
G0 F7200 X38.687 Y29.696
G0 X42.095 Y29.696
G0 X42.095 Y29.843
G1 F3600 X42.574 Y29.364 E9708.74396
G0 F7200 X42.574 Y29.516
G0 X49.522 Y29.516
G0 X49.522 Y29.364
G1 F3600 X50.001 Y29.843 E9708.79816
G0 F7200 X50.001 Y29.696
G0 X53.408 Y29.696
G0 X53.408 Y29.843
G1 F3600 X53.888 Y29.364 E9708.85241
G0 F7200 X53.888 Y29.516
G0 X60.836 Y29.516
G0 X60.836 Y29.364
G1 F3600 X61.315 Y29.843 E9708.9066
G0 F7200 X61.315 Y29.696
G0 X64.722 Y29.696
G0 X64.722 Y29.843
G1 F3600 X65.202 Y29.364 E9708.96085
G0 F7200 X65.202 Y29.516
G0 X72.23 Y29.444
G0 X71.927 Y29.141
G1 F3600 X72.628 Y29.843 E9709.04021
G1 X72.698 Y29.913
G0 F7200 X72.512 Y29.726
G0 X72.302 Y22.414
G0 X72.152 Y22.414
G1 F3600 X72.632 Y21.934 E9709.09452
G0 F7200 X72.482 Y21.934
G0 X72.482 Y18.533
G0 X72.632 Y18.533
G1 F3600 X72.152 Y18.052 E9709.14888
G0 F7200 X72.302 Y18.052
G0 X72.302 Y11.1
G0 X72.152 Y11.1
G1 F3600 X72.632 Y10.62 E9709.20319
G0 F7200 X72.482 Y10.62
G0 X72.482 Y7.219
G0 X72.632 Y7.219
G1 F3600 X72.152 Y6.739 E9709.25749
G0 F7200 X72.302 Y6.739
G0 X72.302 Y-.214
G0 X72.152 Y-.214
G1 F3600 X72.632 Y-.694 E9709.3118
G0 F7200 X72.482 Y-.694
G0 X72.482 Y-4.095
G0 X72.632 Y-4.095
G1 F3600 X72.152 Y-4.575 E9709.36611
G0 F7200 X72.302 Y-4.575
G0 X72.302 Y-11.527
G0 X72.152 Y-11.527
G1 F3600 X72.632 Y-12.007 E9709.42041
G0 F7200 X72.482 Y-12.007
G0 X72.482 Y-15.409
G0 X72.632 Y-15.409
G1 F3600 X72.152 Y-15.889 E9709.47472
G0 F7200 X72.302 Y-15.889
G0 X72.302 Y-22.841
G0 X72.152 Y-22.841
G1 F3600 X72.632 Y-23.321 E9709.52902
G0 F7200 X72.482 Y-23.321
G0 X72.482 Y-26.722
G0 X72.632 Y-26.722
G1 F3600 X72.152 Y-27.202 E9709.58333
G0 F7200 X72.302 Y-27.202
G0 X72.23 Y-34.232
G0 X71.925 Y-33.928
G1 F3600 X72.629 Y-34.632 E9709.66298
G1 X72.699 Y-34.702
G0 F7200 X72.512 Y-34.514
G0 X65.202 Y-34.304
G0 X65.202 Y-34.152
G1 F3600 X64.723 Y-34.631 E9709.71717
G0 F7200 X64.723 Y-34.484
G0 X61.315 Y-34.484
G0 X61.315 Y-34.632
G1 F3600 X60.835 Y-34.152 E9709.77148
G0 F7200 X60.835 Y-34.304
G0 X53.889 Y-34.304
G0 X53.889 Y-34.152
G1 F3600 X53.409 Y-34.631 E9709.82572
G0 F7200 X53.409 Y-34.484
G0 X50.002 Y-34.484
G0 X50.002 Y-34.632
G1 F3600 X49.522 Y-34.152 E9709.88003
G0 F7200 X49.522 Y-34.304
G0 X42.575 Y-34.304
G0 X42.575 Y-34.152
G1 F3600 X42.095 Y-34.631 E9709.93428
G0 F7200 X42.095 Y-34.484
G0 X38.688 Y-34.484
G0 X38.688 Y-34.632
G1 F3600 X38.208 Y-34.152 E9709.98859
G0 F7200 X38.208 Y-34.304
G0 X31.261 Y-34.304
G0 X31.261 Y-34.152
G1 F3600 X30.782 Y-34.631 E9710.04278
G0 F7200 X30.782 Y-34.484
G0 X27.374 Y-34.484
G0 X27.374 Y-34.632
G1 F3600 X26.894 Y-34.152 E9710.09708
G0 F7200 X26.894 Y-34.304
G0 X19.947 Y-34.304
G0 X19.947 Y-34.152
G1 F3600 X19.468 Y-34.631 E9710.15128
G0 F7200 X19.468 Y-34.484
G0 X16.061 Y-34.484
G0 X16.061 Y-34.632
G1 F3600 X15.58 Y-34.152 E9710.20564
G0 F7200 X15.58 Y-34.304
G0 X8.554 Y-34.232
G0 X8.857 Y-33.929
G1 F3600 X8.154 Y-34.631 E9710.28512
G1 X8.084 Y-34.701
G0 F7200 X8.272 Y-34.514
G0 X72.23 Y-34.232
G0 X72.302 Y29.028
G0 X71.816 Y29.028
;TYPE:WALL-INNER
G1 F3600 X71.481 Y29.204 E9710.31539
G1 X9.392 Y29.204 E9715.28251
G1 X8.967 Y29.029 E9715.31928
G1 X8.792 Y28.693 E9715.34959
G1 X8.792 Y-33.392 E9720.31639
G1 X8.967 Y-33.817 E9720.35316
G1 X9.303 Y-33.992 E9720.38347
G1 X71.392 Y-33.992 E9725.35059
G1 X71.816 Y-33.816 E9725.38731
G1 X71.992 Y-33.392 E9725.42404
G1 X71.992 Y28.693 E9730.39084
G1 X71.816 Y29.028 E9730.42111
G0 F7200 X72.302 Y29.028
G0 X72.792 Y30.004
G1 F3600 X72.792 Y-34.792 E9735.60479
G1 X7.993 Y-34.791 E9740.78871
G1 X7.993 Y30.003 E9745.97223
G1 X72.792 Y30.004 E9751.15615
G0 F7200 X73.192 Y30.404
;TYPE:WALL-OUTER
G1 F1800 X73.192 Y-35.192 E9756.40383
G1 X7.593 Y-35.191 E9761.65175
G1 X7.593 Y30.403 E9766.89927
G1 X73.192 Y30.404 E9772.14719
G0 F7200 X73.192 Y30.204
G0 X72.512 Y29.726
G0 X72.302 Y28.639
G0 X71.59 Y28.639
G1 F1800 X71.534 Y28.746 E9772.15685
G1 X71.427 Y28.802 E9772.16651
G1 X9.392 Y28.804 E9777.12931
G1 X9.25 Y28.746 E9777.14159
G1 X9.194 Y28.639 E9777.15125
G1 X9.192 Y-33.392 E9782.11373
G1 X9.25 Y-33.534 E9782.126
G1 X9.357 Y-33.59 E9782.13566
G1 X71.392 Y-33.592 E9787.09846
G1 X71.534 Y-33.534 E9787.11073
G1 X71.592 Y-33.392 E9787.123
G1 X71.59 Y28.639 E9792.08548
G0 F7200 X71.534 Y28.746
G0 X71.465 Y28.782
;MESH:NONMESH
G0 F600 Z5.1
G0 F7200 X72.302 Y28.782
G0 X8.554 Y29.444
G0 X8.302 Y-.692
G0 X8.153 Y-.692
;TIME_ELAPSED:8053.333516
;LAYER:24
;TYPE:FILL
;MESH:base carc vincha prueba 1.stl
G1 F3600 X8.632 Y-.212 E9792.13973
G0 F7200 X8.482 Y-.212
G0 X8.302 Y-4.097
G0 X8.153 Y-4.097
G1 F3600 X8.632 Y-4.576 E9792.19392
G0 F7200 X8.482 Y-4.576
G0 X8.482 Y-11.526
G0 X8.632 Y-11.526
G1 F3600 X8.153 Y-12.005 E9792.24812
G0 F7200 X8.302 Y-12.005
G0 X8.302 Y-15.411
G0 X8.153 Y-15.411
G1 F3600 X8.632 Y-15.89 E9792.30231
G0 F7200 X8.482 Y-15.89
G0 X8.482 Y-22.84
G0 X8.632 Y-22.84
G1 F3600 X8.153 Y-23.319 E9792.3565
G0 F7200 X8.302 Y-23.319
G0 X8.302 Y-26.724
G0 X8.153 Y-26.724
G1 F3600 X8.632 Y-27.204 E9792.41075
G0 F7200 X8.482 Y-27.204
G0 X8.482 Y-33.929
G0 X8.857 Y-33.929
G1 F3600 X8.154 Y-34.631 E9792.49023
G1 X8.084 Y-34.701
G0 F7200 X8.272 Y-34.514
G0 X15.58 Y-34.304
G0 X15.58 Y-34.152
G1 F3600 X16.061 Y-34.632 E9792.54459
G0 F7200 X16.061 Y-34.484
G0 X19.468 Y-34.484
G0 X19.468 Y-34.631
G1 F3600 X19.947 Y-34.152 E9792.59878
G0 F7200 X19.947 Y-34.304
G0 X26.894 Y-34.304
G0 X26.894 Y-34.152
G1 F3600 X27.374 Y-34.632 E9792.65309
G0 F7200 X27.374 Y-34.484
G0 X30.782 Y-34.484
G0 X30.782 Y-34.631
G1 F3600 X31.261 Y-34.152 E9792.70728
G0 F7200 X31.261 Y-34.304
G0 X38.208 Y-34.304
G0 X38.208 Y-34.152
G1 F3600 X38.688 Y-34.632 E9792.76159
G0 F7200 X38.688 Y-34.484
G0 X42.095 Y-34.484
G0 X42.095 Y-34.631
G1 F3600 X42.575 Y-34.152 E9792.81584
G0 F7200 X42.575 Y-34.304
G0 X49.522 Y-34.304
G0 X49.522 Y-34.152
G1 F3600 X50.002 Y-34.632 E9792.87014
G0 F7200 X50.002 Y-34.484
G0 X53.409 Y-34.484
G0 X53.409 Y-34.631
G1 F3600 X53.889 Y-34.152 E9792.92439
G0 F7200 X53.889 Y-34.304
G0 X60.835 Y-34.304
G0 X60.835 Y-34.152
G1 F3600 X61.315 Y-34.632 E9792.9787
G0 F7200 X61.315 Y-34.484
G0 X64.723 Y-34.484
G0 X64.723 Y-34.631
G1 F3600 X65.202 Y-34.152 E9793.03289
G0 F7200 X65.202 Y-34.304
G0 X71.925 Y-34.304
G0 X71.925 Y-33.928
G1 F3600 X72.629 Y-34.632 E9793.11254
G1 X72.699 Y-34.702
G0 F7200 X72.512 Y-34.514
G0 X72.302 Y-27.202
G0 X72.152 Y-27.202
G1 F3600 X72.632 Y-26.722 E9793.16685
G0 F7200 X72.482 Y-26.722
G0 X72.482 Y-23.321
G0 X72.632 Y-23.321
G1 F3600 X72.152 Y-22.841 E9793.22115
G0 F7200 X72.302 Y-22.841
G0 X72.302 Y-15.889
G0 X72.152 Y-15.889
G1 F3600 X72.632 Y-15.409 E9793.27546
G0 F7200 X72.482 Y-15.409
G0 X72.482 Y-12.007
G0 X72.632 Y-12.007
G1 F3600 X72.152 Y-11.527 E9793.32976
G0 F7200 X72.302 Y-11.527
G0 X72.302 Y-4.575
G0 X72.152 Y-4.575
G1 F3600 X72.632 Y-4.095 E9793.38407
G0 F7200 X72.482 Y-4.095
G0 X72.482 Y-.694
G0 X72.632 Y-.694
G1 F3600 X72.152 Y-.214 E9793.43837
G0 F7200 X72.302 Y-.214
G0 X72.302 Y6.739
G0 X72.152 Y6.739
G1 F3600 X72.632 Y7.219 E9793.49268
G0 F7200 X72.482 Y7.219
G0 X72.482 Y10.62
G0 X72.632 Y10.62
G1 F3600 X72.152 Y11.1 E9793.54699
G0 F7200 X72.302 Y11.1
G0 X72.302 Y18.052
G0 X72.152 Y18.052
G1 F3600 X72.632 Y18.533 E9793.60135
G0 F7200 X72.482 Y18.533
G0 X72.482 Y21.934
G0 X72.632 Y21.934
G1 F3600 X72.152 Y22.414 E9793.65565
G0 F7200 X72.302 Y22.414
G0 X72.302 Y29.141
G0 X71.927 Y29.141
G1 F3600 X72.628 Y29.843 E9793.73502
G1 X72.698 Y29.913
G0 F7200 X72.512 Y29.726
G0 X65.202 Y29.516
G0 X65.202 Y29.364
G1 F3600 X64.722 Y29.843 E9793.78927
G0 F7200 X64.722 Y29.696
G0 X61.315 Y29.696
G0 X61.315 Y29.843
G1 F3600 X60.836 Y29.364 E9793.84346
G0 F7200 X60.836 Y29.516
G0 X53.888 Y29.516
G0 X53.888 Y29.364
G1 F3600 X53.408 Y29.843 E9793.89771
G0 F7200 X53.408 Y29.696
G0 X50.001 Y29.696
G0 X50.001 Y29.843
G1 F3600 X49.522 Y29.364 E9793.9519
G0 F7200 X49.522 Y29.516
G0 X42.574 Y29.516
G0 X42.574 Y29.364
G1 F3600 X42.095 Y29.843 E9794.0061
G0 F7200 X42.095 Y29.696
G0 X38.687 Y29.696
G0 X38.687 Y29.843
G1 F3600 X38.209 Y29.364 E9794.06023
G0 F7200 X38.209 Y29.516
G0 X31.26 Y29.516
G0 X31.26 Y29.364
G1 F3600 X30.781 Y29.843 E9794.11443
G0 F7200 X30.781 Y29.696
G0 X27.374 Y29.696
G0 X27.374 Y29.843
G1 F3600 X26.895 Y29.364 E9794.16862
G0 F7200 X26.895 Y29.516
G0 X19.947 Y29.516
G0 X19.947 Y29.364
G1 F3600 X19.467 Y29.843 E9794.22287
G0 F7200 X19.467 Y29.696
G0 X16.06 Y29.696
G0 X16.06 Y29.843
G1 F3600 X15.581 Y29.364 E9794.27706
G0 F7200 X15.581 Y29.516
G0 X8.554 Y29.444
G0 X8.857 Y29.14
G1 F3600 X8.154 Y29.843 E9794.3566
G1 X8.084 Y29.913
G0 F7200 X8.272 Y29.726
G0 X8.482 Y22.415
G0 X8.632 Y22.415
G1 F3600 X8.153 Y21.936 E9794.41079
G0 F7200 X8.302 Y21.936
G0 X8.302 Y18.53
G0 X8.153 Y18.53
G1 F3600 X8.632 Y18.051 E9794.46498
G0 F7200 X8.482 Y18.051
G0 X8.482 Y11.102
G0 X8.632 Y11.102
G1 F3600 X8.153 Y10.622 E9794.51923
G0 F7200 X8.302 Y10.622
G0 X8.302 Y7.217
G0 X8.153 Y7.217
G1 F3600 X8.632 Y6.737 E9794.57348
G0 F7200 X8.482 Y6.737
G0 X8.554 Y29.444
G0 X72.23 Y29.444
G0 X71.816 Y29.028
;TYPE:WALL-INNER
G1 F3600 X71.481 Y29.204 E9794.60375
G1 X9.392 Y29.204 E9799.57087
G1 X8.967 Y29.029 E9799.60764
G1 X8.792 Y28.693 E9799.63795
G1 X8.792 Y-33.392 E9804.60475
G1 X8.967 Y-33.817 E9804.64152
G1 X9.303 Y-33.992 E9804.67183
G1 X71.392 Y-33.992 E9809.63895
G1 X71.816 Y-33.816 E9809.67567
G1 X71.992 Y-33.392 E9809.7124
G1 X71.992 Y28.693 E9814.6792
G1 X71.816 Y29.028 E9814.70947
G0 F7200 X72.302 Y29.028
G0 X72.792 Y30.004
G1 F3600 X72.792 Y-34.792 E9819.89315
G1 X7.993 Y-34.791 E9825.07707
G1 X7.993 Y30.003 E9830.26059
G1 X72.792 Y30.004 E9835.44451
G0 F7200 X73.192 Y30.404
;TYPE:WALL-OUTER
G1 F1800 X73.192 Y-35.192 E9840.69219
G1 X7.593 Y-35.191 E9845.94011
G1 X7.593 Y30.403 E9851.18763
G1 X73.192 Y30.404 E9856.43555
G0 F7200 X73.192 Y30.204
G0 X72.512 Y29.726
G0 X72.302 Y28.639
G0 X71.59 Y28.639
G1 F1800 X71.534 Y28.746 E9856.44521
G1 X71.427 Y28.802 E9856.45488
G1 X9.392 Y28.804 E9861.41768
G1 X9.25 Y28.746 E9861.42995
G1 X9.194 Y28.639 E9861.43961
G1 X9.192 Y-33.392 E9866.40209
G1 X9.25 Y-33.534 E9866.41436
G1 X9.357 Y-33.59 E9866.42402
G1 X71.392 Y-33.592 E9871.38682
G1 X71.534 Y-33.534 E9871.39909
G1 X71.592 Y-33.392 E9871.41136
G1 X71.59 Y28.639 E9876.37384
G0 F7200 X71.534 Y28.746
G0 X71.465 Y28.782
;MESH:NONMESH
G0 F600 Z5.3
G0 F7200 X71.816 Y29.028
;TIME_ELAPSED:8084.553272
;LAYER:25
;TYPE:WALL-INNER
;MESH:base carc vincha prueba 1.stl
G1 F3600 X71.481 Y29.204 E9876.40412
G1 X9.392 Y29.204 E9881.37124
G1 X8.967 Y29.029 E9881.40801
G1 X8.792 Y28.693 E9881.43831
G1 X8.792 Y-33.392 E9886.40511
G1 X8.967 Y-33.817 E9886.44188
G1 X9.303 Y-33.992 E9886.47219
G1 X71.392 Y-33.992 E9891.43931
G1 X71.816 Y-33.816 E9891.47604
G1 X71.992 Y-33.392 E9891.51276
G1 X71.992 Y28.693 E9896.47956
G1 X71.816 Y29.028 E9896.50984
G0 F7200 X72.302 Y29.028
G0 X72.792 Y30.004
G1 F3600 X72.792 Y-34.792 E9901.69352
G1 X7.993 Y-34.791 E9906.87744
G1 X7.993 Y30.003 E9912.06096
G1 X72.792 Y30.004 E9917.24488
G0 F7200 X73.192 Y30.404
;TYPE:WALL-OUTER
G1 F1800 X73.192 Y-35.192 E9922.49256
G1 X7.593 Y-35.191 E9927.74048
G1 X7.593 Y30.403 E9932.988
G1 X73.192 Y30.404 E9938.23592
G0 F7200 X73.192 Y30.204
G0 X72.512 Y29.726
G0 X72.302 Y28.639
G0 X71.59 Y28.639
G1 F1800 X71.534 Y28.746 E9938.24558
G1 X71.427 Y28.802 E9938.25524
G1 X9.392 Y28.804 E9943.21804
G1 X9.25 Y28.746 E9943.23031
G1 X9.194 Y28.639 E9943.23997
G1 X9.192 Y-33.392 E9948.20245
G1 X9.25 Y-33.534 E9948.21472
G1 X9.357 Y-33.59 E9948.22438
G1 X71.392 Y-33.592 E9953.18718
G1 X71.534 Y-33.534 E9953.19945
G1 X71.592 Y-33.392 E9953.21173
G1 X71.59 Y28.639 E9958.17421
G0 F7200 X71.534 Y28.746
G0 X71.465 Y28.782
G0 X71.542 Y29.603
;TYPE:SKIN
G1 F1625.3 X50.825 Y29.603 E9960.00973
G1 F1636.4 X30.108 Y29.602 E9961.83283
G1 F1647.6 X9.391 Y29.602 E9963.64349
G0 F7200 X8.712 Y29.31
G1 F1730.8 X9.358 Y29.603 E9963.70251
G1 F1718.4 X8.354 Y29.633 E9963.78668
G1 F1726.6 X8.392 Y28.772 E9963.85856
G1 F1739.1 X8.712 Y29.31 E9963.91039
G0 F7200 X8.393 Y28.754
G1 F1625.3 X8.392 Y-2.317 E9966.66328
G1 F1632.7 X8.392 Y-33.388 E9969.40374
G0 F7200 X8.681 Y-34.067
G1 F1722.5 X8.391 Y-33.421 E9969.46294
G1 F1714.3 X8.355 Y-34.426 E9969.54742
G1 F1730.8 X9.226 Y-34.39 E9969.61995
G1 F1743.3 X8.681 Y-34.067 E9969.67227
G0 F7200 X9.243 Y-34.389
G1 F1636.4 X71.388 Y-34.392 E9975.14103
G0 F7200 X72.089 Y-34.089
G1 F1714.3 X71.421 Y-34.393 E9975.20268
G1 F1690.1 X72.427 Y-34.425 E9975.28844
G1 F1706.2 X72.393 Y-33.421 E9975.37322
G1 F1730.8 X72.089 Y-34.089 E9975.43429
G0 F7200 X72.392 Y-33.388
G1 F1632.7 X72.391 Y28.754 E9980.91521
G0 F7200 X72.079 Y29.291
G1 F1773.4 X72.392 Y28.77 E9980.96456
G1 F1722.5 X72.428 Y29.639 E9981.03727
G1 X71.561 Y29.604 E9981.10982
G1 F1773.4 X72.079 Y29.291 E9981.15896
;MESH:NONMESH
G0 F600 Z5.5
G0 F7200 X71.816 Y29.028
;TIME_ELAPSED:8120.220714
;LAYER:26
;TYPE:WALL-INNER
;MESH:base carc vincha prueba 1.stl
G1 F3600 X71.481 Y29.204 E9981.18923
G1 X9.392 Y29.204 E9986.15635
G1 X8.967 Y29.029 E9986.19312
G1 X8.792 Y28.693 E9986.22343
G1 X8.792 Y-33.392 E9991.19023
G1 X8.967 Y-33.817 E9991.227
G1 X9.303 Y-33.992 E9991.25731
G1 X71.392 Y-33.992 E9996.22443
G1 X71.816 Y-33.816 E9996.26115
G1 X71.992 Y-33.392 E9996.29788
G1 X71.992 Y28.693 E10001.26468
G92 E0
G1 X71.816 Y29.028 E0.03027
G0 F7200 X72.302 Y29.028
G0 X72.792 Y30.004
G1 F3600 X72.792 Y-34.792 E5.21395
G1 X7.993 Y-34.791 E10.39787
G1 X7.993 Y30.003 E15.58139
G1 X72.792 Y30.004 E20.76531
G0 F7200 X73.192 Y30.404
;TYPE:WALL-OUTER
G1 F1800 X73.192 Y-35.192 E26.01299
G1 X7.593 Y-35.191 E31.26091
G1 X7.593 Y30.403 E36.50843
G1 X73.192 Y30.404 E41.75635
G0 F7200 X73.192 Y30.204
G0 X72.512 Y29.726
G0 X72.302 Y28.639
G0 X71.59 Y28.639
G1 F1800 X71.534 Y28.746 E41.76601
G1 X71.427 Y28.802 E41.77568
G1 X9.392 Y28.804 E46.73848
G1 X9.25 Y28.746 E46.75075
G1 X9.194 Y28.639 E46.76041
G1 X9.192 Y-33.392 E51.72289
G1 X9.25 Y-33.534 E51.73516
G1 X9.357 Y-33.59 E51.74482
G1 X71.392 Y-33.592 E56.70762
G1 X71.534 Y-33.534 E56.71989
G1 X71.592 Y-33.392 E56.73216
G1 X71.59 Y28.639 E61.69464
G0 F7200 X71.534 Y28.746
G0 X71.465 Y28.782
G0 X72.391 Y28.754
;TYPE:SKIN
G1 F1632.7 X72.392 Y-33.388 E67.17557
G0 F7200 X72.089 Y-34.089
G1 F1714.3 X71.421 Y-34.393 E67.23722
G1 F1690.1 X72.427 Y-34.425 E67.32297
G1 F1706.2 X72.393 Y-33.421 E67.40776
G1 F1730.8 X72.089 Y-34.089 E67.46882
G0 F7200 X71.388 Y-34.392
G1 F1636.4 X9.243 Y-34.389 E72.93758
G0 F7200 X8.681 Y-34.067
G1 F1722.5 X8.391 Y-33.421 E72.99678
G1 F1714.3 X8.355 Y-34.426 E73.08125
G1 F1730.8 X9.226 Y-34.39 E73.15378
G1 F1743.3 X8.681 Y-34.067 E73.20611
G0 F7200 X8.392 Y-33.388
G1 F1632.7 X8.392 Y-2.317 E75.94657
G1 F1625.3 X8.393 Y28.754 E78.69946
G0 F7200 X8.712 Y29.31
G1 F1730.8 X9.358 Y29.603 E78.75848
G1 F1718.4 X8.354 Y29.633 E78.84265
G1 F1726.6 X8.392 Y28.772 E78.91453
G1 F1739.1 X8.712 Y29.31 E78.96636
G0 F7200 X9.392 Y29.602
G1 F1647.6 X30.109 Y29.602 E80.77703
G1 F1636.4 X50.826 Y29.603 E82.60012
G1 F1625.3 X71.543 Y29.603 E84.43565
G0 F7200 X72.079 Y29.291
G1 F1773.4 X72.392 Y28.77 E84.485
G1 F1722.5 X72.428 Y29.639 E84.55771
G1 X71.561 Y29.604 E84.63025
G1 F1773.4 X72.079 Y29.291 E84.6794
;MESH:NONMESH
G0 F600 Z5.7
G0 F7200 X71.816 Y29.028
;TIME_ELAPSED:8155.894827
;LAYER:27
;TYPE:WALL-INNER
;MESH:base carc vincha prueba 1.stl
G1 F3600 X71.481 Y29.204 E84.70967
G1 X9.392 Y29.204 E89.67679
G1 X8.967 Y29.029 E89.71356
G1 X8.792 Y28.693 E89.74387
G1 X8.792 Y-33.392 E94.71067
G1 X8.967 Y-33.817 E94.74744
G1 X9.303 Y-33.992 E94.77774
G1 X71.392 Y-33.992 E99.74486
G1 X71.816 Y-33.816 E99.78159
G1 X71.992 Y-33.392 E99.81832
G1 X71.992 Y28.693 E104.78512
G1 X71.816 Y29.028 E104.81539
G0 F7200 X72.302 Y29.028
G0 X72.792 Y30.004
G1 F3600 X72.792 Y-34.792 E109.99907
G1 X7.993 Y-34.791 E115.18299
G1 X7.993 Y30.003 E120.36651
G1 X72.792 Y30.004 E125.55043
G0 F7200 X73.192 Y30.404
;TYPE:WALL-OUTER
G1 F1800 X73.192 Y-35.192 E130.79811
G1 X7.593 Y-35.191 E136.04603
G1 X7.593 Y30.403 E141.29355
G1 X73.192 Y30.404 E146.54147
G0 F7200 X73.192 Y30.204
G0 X72.512 Y29.726
G0 X72.302 Y28.639
G0 X71.59 Y28.639
G1 F1800 X71.534 Y28.746 E146.55113
G1 X71.427 Y28.802 E146.56079
G1 X9.392 Y28.804 E151.52359
G1 X9.25 Y28.746 E151.53586
G1 X9.194 Y28.639 E151.54553
G1 X9.192 Y-33.392 E156.50801
G1 X9.25 Y-33.534 E156.52028
G1 X9.357 Y-33.59 E156.52994
G1 X71.392 Y-33.592 E161.49274
G1 X71.534 Y-33.534 E161.50501
G1 X71.592 Y-33.392 E161.51728
G1 X71.59 Y28.639 E166.47976
G0 F7200 X71.534 Y28.746
G0 X71.465 Y28.782
G0 X72.391 Y28.754
;TYPE:SKIN
G1 F1632.7 X72.392 Y-33.388 E171.96068
G0 F7200 X72.089 Y-34.089
G1 F1714.3 X71.421 Y-34.393 E172.02233
G1 F1690.1 X72.427 Y-34.425 E172.10809
G1 F1706.2 X72.393 Y-33.421 E172.19287
G1 F1730.8 X72.089 Y-34.089 E172.25394
G0 F7200 X71.388 Y-34.392
G1 F1636.4 X9.243 Y-34.389 E177.7227
G0 F7200 X8.681 Y-34.067
G1 F1722.5 X8.391 Y-33.421 E177.78189
G1 F1714.3 X8.355 Y-34.426 E177.86637
G1 F1730.8 X9.226 Y-34.39 E177.9389
G1 F1743.3 X8.681 Y-34.067 E177.99123
G0 F7200 X8.392 Y-33.388
G1 F1632.7 X8.392 Y-2.317 E180.73169
G1 F1625.3 X8.393 Y28.754 E183.48458
G0 F7200 X8.712 Y29.31
G1 F1730.8 X9.358 Y29.603 E183.5436
G1 F1718.4 X8.354 Y29.633 E183.62777
G1 F1726.6 X8.392 Y28.772 E183.69965
G1 F1739.1 X8.712 Y29.31 E183.75148
G0 F7200 X9.392 Y29.602
G1 F1647.6 X30.109 Y29.602 E185.56214
G1 F1636.4 X50.826 Y29.603 E187.38524
G1 F1625.3 X71.543 Y29.603 E189.22077
G0 F7200 X72.079 Y29.291
G1 F1773.4 X72.392 Y28.77 E189.27012
G1 F1722.5 X72.428 Y29.639 E189.34283
G1 X71.561 Y29.604 E189.41537
G1 F1773.4 X72.079 Y29.291 E189.46451
;MESH:NONMESH
G0 F600 Z5.9
G0 F7200 X71.816 Y29.028
;TIME_ELAPSED:8191.557388
;LAYER:28
;TYPE:WALL-INNER
;MESH:base carc vincha prueba 1.stl
G1 F3600 X71.481 Y29.204 E189.49479
G1 X9.392 Y29.204 E194.46191
G1 X8.967 Y29.029 E194.49868
G1 X8.792 Y28.693 E194.52898
G1 X8.792 Y-33.392 E199.49578
G1 X8.967 Y-33.817 E199.53255
G1 X9.303 Y-33.992 E199.56286
G1 X71.392 Y-33.992 E204.52998
G1 X71.816 Y-33.816 E204.56671
G1 X71.992 Y-33.392 E204.60343
G1 X71.992 Y28.693 E209.57023
G1 X71.816 Y29.028 E209.60051
G0 F7200 X72.302 Y29.028
G0 X72.792 Y30.004
G1 F3600 X72.792 Y-34.792 E214.78419
G1 X7.993 Y-34.791 E219.96811
G1 X7.993 Y30.003 E225.15163
G1 X72.792 Y30.004 E230.33555
G0 F7200 X73.192 Y30.404
;TYPE:WALL-OUTER
G1 F1800 X73.192 Y-35.192 E235.58323
G1 X7.593 Y-35.191 E240.83115
G1 X7.593 Y30.403 E246.07867
G1 X73.192 Y30.404 E251.32659
G0 F7200 X73.192 Y30.204
G0 X72.512 Y29.726
G0 X72.302 Y28.639
G0 X71.59 Y28.639
G1 F1800 X71.534 Y28.746 E251.33625
G1 X71.427 Y28.802 E251.34591
G1 X9.392 Y28.804 E256.30871
G1 X9.25 Y28.746 E256.32098
G1 X9.194 Y28.639 E256.33064
G1 X9.192 Y-33.392 E261.29312
G1 X9.25 Y-33.534 E261.30539
G1 X9.357 Y-33.59 E261.31505
G1 X71.392 Y-33.592 E266.27785
G1 X71.534 Y-33.534 E266.29013
G1 X71.592 Y-33.392 E266.3024
G1 X71.59 Y28.639 E271.26488
G0 F7200 X71.534 Y28.746
G0 X71.465 Y28.782
G0 X72.391 Y28.754
;TYPE:SKIN
G1 F1632.7 X72.392 Y-33.388 E276.7458
G0 F7200 X72.089 Y-34.089
G1 F1714.3 X71.421 Y-34.393 E276.80745
G1 F1690.1 X72.427 Y-34.425 E276.89321
G1 F1706.2 X72.393 Y-33.421 E276.97799
G1 F1730.8 X72.089 Y-34.089 E277.03905
G0 F7200 X71.388 Y-34.392
G1 F1636.4 X9.243 Y-34.389 E282.50781
G0 F7200 X8.681 Y-34.067
G1 F1722.5 X8.391 Y-33.421 E282.56701
G1 F1714.3 X8.355 Y-34.426 E282.65149
G1 F1730.8 X9.226 Y-34.39 E282.72401
G1 F1743.3 X8.681 Y-34.067 E282.77634
G0 F7200 X8.392 Y-33.388
G1 F1632.7 X8.392 Y-2.317 E285.51681
G1 F1625.3 X8.393 Y28.754 E288.2697
G0 F7200 X8.712 Y29.31
G1 F1730.8 X9.358 Y29.603 E288.32871
G1 F1718.4 X8.354 Y29.633 E288.41289
G1 F1726.6 X8.392 Y28.772 E288.48476
G1 F1739.1 X8.712 Y29.31 E288.53659
G0 F7200 X9.392 Y29.602
G1 F1647.6 X30.109 Y29.602 E290.34726
G1 F1636.4 X50.826 Y29.603 E292.17036
G1 F1625.3 X71.543 Y29.603 E294.00588
G0 F7200 X72.079 Y29.291
G1 F1773.4 X72.392 Y28.77 E294.05524
G1 F1722.5 X72.428 Y29.639 E294.12795
G1 X71.561 Y29.604 E294.20049
G1 F1773.4 X72.079 Y29.291 E294.24963
;TIME_ELAPSED:8227.141460
G10
M107
M104 S0
M140 S0
;Retract the filament
G92 E1
G1 E-1 F300
G28 X0 Y0
M84
M82 ;absolute extrusion mode
;End of Gcode
;SETTING_3 {"global_quality": "[general]\\nversion = 4\\nname = Draft #2\\ndefin
;SETTING_3 ition = fdmprinter\\n\\n[metadata]\\ntype = quality_changes\\nquality
;SETTING_3 _type = draft\\nsetting_version = 26\\n\\n[values]\\n\\n", "extruder_
;SETTING_3 quality": ["[general]\\nversion = 4\\nname = Draft #2\\ndefinition = 
;SETTING_3 custom\\n\\n[metadata]\\ntype = quality_changes\\nquality_type = draf
;SETTING_3 t\\nsetting_version = 26\\nposition = 0\\n\\n[values]\\ninfill_sparse
;SETTING_3 _density = 10\\ntop_bottom_thickness = 0.8\\nwall_thickness = 0.8\\n\
;SETTING_3 \n"]}
